class,hash,time,time_iso,type,methodLabel,token,from,to,amount,chainName,chainLogo,px,USDAmount,priority,fee
WITHDRAW,0xe2911bed724c873ae40a043dc3072701990033d30d4fa60c8659c74031406125,1781509969384,2026-06-15T07:52:49.384Z,sendToEvmWithData,sendToEvmWithData,USDC,0xAB961d7C42BBcd454A54b342Bd191a8f090219E6,0xab961d7c42bbcd454a54b342bd191a8f090219e6,-3217924.66,Arbitrum,/chains/3.svg,1,-3217924.66,1,0
PERP,0x8446f0079e32b92d85c0043dbc73d10205de00ed3935d7ff280f9b5a5d369318,1781480417552,2026-06-14T23:40:17.552Z,Close Long,,HYPE-USD,0xAB961d7C42BBcd454A54b342Bd191a8f090219E6,0xffffffffffffffffffffffffffffffffffffffff,-492.03,,,63.93,-31455.477899999998,0,0
PERP,0xb8f9159b37fdaf3eba72043dbc73d10205da0080d2f0ce105cc1c0edf6f18929,1781480417552,2026-06-14T23:40:17.552Z,Close Long,,HYPE-USD,0xAB961d7C42BBcd454A54b342Bd191a8f090219E6,0xffffffffffffffffffffffffffffffffffffffff,-18.07,,,63.93,-1155.2151000000001,0,0
PERP,0xa07eb1c9eb49e7cba1f8043dbc73d10205d700af864d069d44475d1caa4dc1b6,1781480417552,2026-06-14T23:40:17.552Z,Close Long,,HYPE-USD,0xAB961d7C42BBcd454A54b342Bd191a8f090219E6,0xffffffffffffffffffffffffffffffffffffffff,-37.77,,,63.93,-2414.6361,0,0
PERP,0xedab3b2ed1b8a54fef24043dbc73d10205d600146cbbc4219173e68190bc7f3a,1781480417552,2026-06-14T23:40:17.552Z,Close Long,,HYPE-USD,0xAB961d7C42BBcd454A54b342Bd191a8f090219E6,0xffffffffffffffffffffffffffffffffffffffff,-1052.71,,,63.93,-67299.7503,0,0
PERP,0x3ad7c493b82762d43c51043dbc73d10205d50079532a81a6dea06fe6772b3cbe,1781480417552,2026-06-14T23:40:17.552Z,Close Long,,HYPE-USD,0xAB961d7C42BBcd454A54b342Bd191a8f090219E6,0xffffffffffffffffffffffffffffffffffffffff,-17.62,,,63.93,-1126.4466,0,0
PERP,0x88044df89e962058897e043dbc73d10205d400de39993f2a2bccf94b5d99fa43,1781480417552,2026-06-14T23:40:17.552Z,Close Long,,HYPE-USD,0xAB961d7C42BBcd454A54b342Bd191a8f090219E6,0xffffffffffffffffffffffffffffffffffffffff,-135.07,,,63.93,-8635.025099999999,0,0
PERP,0x6f89ea2751e258e57103043dbc73d10205d1000cece577b71352957a10e632d0,1781480417552,2026-06-14T23:40:17.552Z,Close Long,,HYPE-USD,0xAB961d7C42BBcd454A54b342Bd191a8f090219E6,0xffffffffffffffffffffffffffffffffffffffff,-312.8,,,63.93,-19997.304,0,0
PERP,0x570f8656053e91725889043dbc73d10205ce003ba031b044fad831a8c4326b5c,1781480417552,2026-06-14T23:40:17.552Z,Close Long,,HYPE-USD,0xAB961d7C42BBcd454A54b342Bd191a8f090219E6,0xffffffffffffffffffffffffffffffffffffffff,-20.72,,,63.93,-1324.6296,0,0
PERP,0xf168991fd21c0c7af2e2043dbc73d10205cc00056d1f2b4d95314472911fe665,1781480417552,2026-06-14T23:40:17.552Z,Close Long,,HYPE-USD,0xAB961d7C42BBcd454A54b342Bd191a8f090219E6,0xffffffffffffffffffffffffffffffffffffffff,-1306.01,,,63.93,-83493.2193,0,0
PERP,0x3e952284b88ac9ff400e043dbc73d10205cb006a538de8d1e25dcdd7778ea3e9,1781480417552,2026-06-14T23:40:17.552Z,Close Long,,HYPE-USD,0xAB961d7C42BBcd454A54b342Bd191a8f090219E6,0xffffffffffffffffffffffffffffffffffffffff,-31.56,,,63.93,-2017.6308,0,0
PERP,0xd8ee354e85684507da67043dbc73d10205c90034206b63d97cb6e0a1446c1ef2,1781480417552,2026-06-14T23:40:17.552Z,Close Long,,HYPE-USD,0xAB961d7C42BBcd454A54b342Bd191a8f090219E6,0xffffffffffffffffffffffffffffffffffffffff,-34.62,,,63.93,-2213.2565999999997,0,0
PERP,0x261abeb36bd7028c2794043dbc73d10205c8009906da215ec9e36a062adadc76,1781480417552,2026-06-14T23:40:17.552Z,Close Long,,HYPE-USD,0xAB961d7C42BBcd454A54b342Bd191a8f090219E6,0xffffffffffffffffffffffffffffffffffffffff,-35.59,,,63.93,-2275.2687,0,0
PERP,0x734748185245c01074c1043dbc73d10205c700fded48dee2170ff36b114999fb,1781480417552,2026-06-14T23:40:17.552Z,Close Long,,HYPE-USD,0xAB961d7C42BBcd454A54b342Bd191a8f090219E6,0xffffffffffffffffffffffffffffffffffffffff,-27.63,,,63.93,-1766.3859,0,0
PERP,0xc073d17d38b47d94c1ed043dbc73d10205c60062d3b79c66643c7ccff7b8577f,1781480417552,2026-06-14T23:40:17.552Z,Close Long,,HYPE-USD,0xAB961d7C42BBcd454A54b342Bd191a8f090219E6,0xffffffffffffffffffffffffffffffffffffffff,-537.07,,,63.93,-34334.8851,0,0
PERP,0x42528075b8ee312a43cc043dbc73d10205c1005b53e14ffce61b2bc877e20b14,1781480417552,2026-06-14T23:40:17.552Z,Close Long,,HYPE-USD,0xAB961d7C42BBcd454A54b342Bd191a8f090219E6,0xffffffffffffffffffffffffffffffffffffffff,-142.04,,,63.93,-9080.617199999999,0,0
PERP,0x8f7f09da9f5ceeae90f8043dbc73d10205c000c03a500d803347b52d5e50c899,1781480417552,2026-06-14T23:40:17.552Z,Close Long,,HYPE-USD,0xAB961d7C42BBcd454A54b342Bd191a8f090219E6,0xffffffffffffffffffffffffffffffffffffffff,-3.5,,,63.93,-223.755,0,0
PERP,0xdcab933f85cbac32de25043dbc73d10205bf002520cecb0480743e9244cf861d,1781480417552,2026-06-14T23:40:17.552Z,Close Long,,HYPE-USD,0xAB961d7C42BBcd454A54b342Bd191a8f090219E6,0xffffffffffffffffffffffffffffffffffffffff,-32.89,,,63.93,-2102.6577,0,0
PERP,0x7704a60952a9273b787e043dbc73d10205bd00eeedac460d1acd515c11ad0126,1781480417552,2026-06-14T23:40:17.552Z,Close Long,,HYPE-USD,0xAB961d7C42BBcd454A54b342Bd191a8f090219E6,0xffffffffffffffffffffffffffffffffffffffff,-34.22,,,63.93,-2187.6846,0,0
PERP,0xc4312f6e3917e4bfc5aa043dbc73d10205bc0053d41b039167f9dac0f81bbeaa,1781480417552,2026-06-14T23:40:17.552Z,Close Long,,HYPE-USD,0xAB961d7C42BBcd454A54b342Bd191a8f090219E6,0xffffffffffffffffffffffffffffffffffffffff,-28.96,,,63.93,-1851.4128,0,0
PERP,0x115db8d31f86a24412d7043dbc73d10205bb00b8ba89c116b5266425de8a7c2e,1781480417552,2026-06-14T23:40:17.552Z,Close Long,,HYPE-USD,0xAB961d7C42BBcd454A54b342Bd191a8f090219E6,0xffffffffffffffffffffffffffffffffffffffff,-116.3,,,63.93,-7435.059,0,0
PERP,0x0000000000000000000000000000000000000000000000000000000000000000,1781480412039,2026-06-14T23:40:12.039Z,Close Long,,HYPE-USD,0xAB961d7C42BBcd454A54b342Bd191a8f090219E6,0xffffffffffffffffffffffffffffffffffffffff,-0.66,,,63.93,-42.1938,0,0
PERP,0xc889e4969359cbfdca03043dbc6f9f02037a007c2e5ceacf6c528fe9525da5e8,1781480343903,2026-06-14T23:39:03.903Z,Close Long,,HYPE-USD,0xAB961d7C42BBcd454A54b342Bd191a8f090219E6,0xffffffffffffffffffffffffffffffffffffffff,-0.2,,,63.93,-12.786000000000001,0,0
PERP,0x33bfe1012c28b8c83539043dbc6f6a02015800e6c72bd79ad7888c53eb2c92b2,1781480340087,2026-06-14T23:39:00.087Z,Close Long,,HYPE-USD,0xAB961d7C42BBcd454A54b342Bd191a8f090219E6,0xffffffffffffffffffffffffffffffffffffffff,-3.91,,,63.93,-249.96630000000002,0,0
PERP,0xd4f3bc381cad8445d66d043dbc6f3201b800d41db7a0a31778bc678adba15e30,1781480336053,2026-06-14T23:38:56.053Z,Close Long,,HYPE-USD,0xAB961d7C42BBcd454A54b342Bd191a8f090219E6,0xffffffffffffffffffffffffffffffffffffffff,-0.2,,,63.93,-12.786000000000001,0,0
PERP,0x64337ae8ba20928465ad043dbc6f2d02012900ce5523b15607fc263b79246c6f,1781480335650,2026-06-14T23:38:55.650Z,Close Long,,HYPE-USD,0xAB961d7C42BBcd454A54b342Bd191a8f090219E6,0xffffffffffffffffffffffffffffffffffffffff,-21.34,,,63.93,-1364.2662,0,0
PERP,0x5f7e5db9e809c05c60f8043dbc6ec50209bf009f830cdf2e0347090ca70d9a47,1781480328632,2026-06-14T23:38:48.632Z,Close Long,,HYPE-USD,0xAB961d7C42BBcd454A54b342Bd191a8f090219E6,0xffffffffffffffffffffffffffffffffffffffff,-4.6,,,63.93,-294.078,0,0
PERP,0xc786c11498fdd7c9c900043dbc6ec50204a600fa33f0f69b6b4f6c6757f1b1b4,1781480328632,2026-06-14T23:38:48.632Z,Close Long,,HYPE-USD,0xAB961d7C42BBcd454A54b342Bd191a8f090219E6,0xffffffffffffffffffffffffffffffffffffffff,-57.97,,,63.93,-3706.0221,0,0
PERP,0x8676d9c21871fa9e87f0043dbc6ebf0201fc00a7b37519702a3f8514d775d489,1781480328172,2026-06-14T23:38:48.172Z,Close Long,,HYPE-USD,0xAB961d7C42BBcd454A54b342Bd191a8f090219E6,0xffffffffffffffffffffffffffffffffffffffff,-34.2,,,63.93,-2186.406,0,0
PERP,0x344862fcaadde97835c2043dbc6ebe0201d700e245d1084ad8110e4f69d1c362,1781480328102,2026-06-14T23:38:48.102Z,Close Long,,HYPE-USD,0xAB961d7C42BBcd454A54b342Bd191a8f090219E6,0xffffffffffffffffffffffffffffffffffffffff,-57.97,,,63.93,-3706.0221,0,0
PERP,0x64ed5202e6d322d26667043dbc6eba0202ab00e881d641a408b5fd55a5d6fcbd,1781480327847,2026-06-14T23:38:47.847Z,Close Long,,HYPE-USD,0xAB961d7C42BBcd454A54b342Bd191a8f090219E6,0xffffffffffffffffffffffffffffffffffffffff,-57.97,,,63.93,-3706.0221,0,0
PERP,0xe6cc00fb670cd667e845043dbc6eba0202a600e1020ff5398a94ac4e2600b052,1781480327847,2026-06-14T23:38:47.847Z,Close Long,,HYPE-USD,0xAB961d7C42BBcd454A54b342Bd191a8f090219E6,0xffffffffffffffffffffffffffffffffffffffff,-34.2,,,63.93,-2186.406,0,0
PERP,0x1ca215435f74fc7c1e1b043dbc6eb502019e0028fa781b4ec06ac0961e78d666,1781480327499,2026-06-14T23:38:47.499Z,Close Long,,HYPE-USD,0xAB961d7C42BBcd454A54b342Bd191a8f090219E6,0xffffffffffffffffffffffffffffffffffffffff,-9.75,,,63.93,-623.3175,0,0
PERP,0x8674fec0c21d06e187ee043dbc6eb402011d00a65d1025b32a3daa138110e0cc,1781480327433,2026-06-14T23:38:47.433Z,Close Long,,HYPE-USD,0xAB961d7C42BBcd454A54b342Bd191a8f090219E6,0xffffffffffffffffffffffffffffffffffffffff,-34.2,,,63.93,-2186.406,0,0
PERP,0xd3a18825a88bc465d51b043dbc6eb402011c000b438ee337776a3378678f9e50,1781480327433,2026-06-14T23:38:47.433Z,Close Long,,HYPE-USD,0xAB961d7C42BBcd454A54b342Bd191a8f090219E6,0xffffffffffffffffffffffffffffffffffffffff,-57.07,,,63.93,-3648.4851,0,0
PERP,0x20ce118a8efa81ea2247043dbc6eb402011b007029fda0bcc496bcdd4dfe5bd4,1781480327433,2026-06-14T23:38:47.433Z,Close Long,,HYPE-USD,0xAB961d7C42BBcd454A54b342Bd191a8f090219E6,0xffffffffffffffffffffffffffffffffffffffff,-57.97,,,63.93,-3706.0221,0,0
PERP,0xe392e0860a91f427e50c043dbc6ead020348006ba59512f9875b8bd8c995ce12,1781480326952,2026-06-14T23:38:46.952Z,Close Long,,HYPE-USD,0xAB961d7C42BBcd454A54b342Bd191a8f090219E6,0xffffffffffffffffffffffffffffffffffffffff,-0.2,,,63.93,-12.786000000000001,0,0
PERP,0x6a7ac872188569b16bf4043dbc6eaa0201ce0057b38888830e4373c4d789439c,1781480326812,2026-06-14T23:38:46.812Z,Close Long,,HYPE-USD,0xAB961d7C42BBcd454A54b342Bd191a8f090219E6,0xffffffffffffffffffffffffffffffffffffffff,-34.2,,,63.93,-2186.406,0,0
PERP,0x0d32dbc9ac1b799a0eac043dbc6ea402050d00af471e986cb0fb871c6b1f5384,1781480326418,2026-06-14T23:38:46.418Z,Close Long,,HYPE-USD,0xAB961d7C42BBcd454A54b342Bd191a8f090219E6,0xffffffffffffffffffffffffffffffffffffffff,-34.2,,,63.93,-2186.406,0,0
PERP,0x295a6ef8348bbc252ad4043dbc6ea102017b00ddcf8edaf7cd231a4af38f960f,1781480326202,2026-06-14T23:38:46.202Z,Close Long,,HYPE-USD,0xAB961d7C42BBcd454A54b342Bd191a8f090219E6,0xffffffffffffffffffffffffffffffffffffffff,-58.1,,,63.93,-3714.333,0,0
PERP,0xf83dbb076c7b0278f9b7043dbc6e9f0201dc00ed077e214b9c06665a2b7edc63,1781480326067,2026-06-14T23:38:46.067Z,Close Long,,HYPE-USD,0xAB961d7C42BBcd454A54b342Bd191a8f090219E6,0xffffffffffffffffffffffffffffffffffffffff,-34.2,,,63.93,-2186.406,0,0
PERP,0xc748f364d3137392c8c2043dbc6e9f0201d6004a6e1692646b119eb792174d7d,1781480326067,2026-06-14T23:38:46.067Z,Close Long,,HYPE-USD,0xAB961d7C42BBcd454A54b342Bd191a8f090219E6,0xffffffffffffffffffffffffffffffffffffffff,-105.71,,,63.93,-6758.0403,0,0
PERP,0x1b0289d7f886f2861c7c043dbc6e9e02050a00bd938a1158becb352ab78acc70,1781480326002,2026-06-14T23:38:46.002Z,Close Long,,HYPE-USD,0xAB961d7C42BBcd454A54b342Bd191a8f090219E6,0xffffffffffffffffffffffffffffffffffffffff,-12,,,63.93,-767.16,0,0
PERP,0x571ef9262f8ae68c5898043dbc6e9b020749000bca8e055efae7a478ee8ec076,1781480325806,2026-06-14T23:38:45.806Z,Close Long,,HYPE-USD,0xAB961d7C42BBcd454A54b342Bd191a8f090219E6,0xffffffffffffffffffffffffffffffffffffffff,-1.66,,,63.93,-106.12379999999999,0,0
PERP,0x24943209fa710634260d043dbc6e8b02012000ef95742506c85cdd5cb974e01e,1781480324711,2026-06-14T23:38:44.711Z,Close Long,,HYPE-USD,0xAB961d7C42BBcd454A54b342Bd191a8f090219E6,0xffffffffffffffffffffffffffffffffffffffff,-11.74,,,63.93,-750.5382,0,0
PERP,0xd58fe08dea58b5b9d709043dbc6e6f02045a0073855bd48b79588be0a95c8fa4,1781480322829,2026-06-14T23:38:42.829Z,Close Long,,HYPE-USD,0xAB961d7C42BBcd454A54b342Bd191a8f090219E6,0xffffffffffffffffffffffffffffffffffffffff,-34.2,,,63.93,-2186.406,0,0
PERP,0xd94d3e7eeabc1ce4dac6043dbc6e6f020450006485bf3bb67d15e9d1a9bff6cf,1781480322829,2026-06-14T23:38:42.829Z,Close Long,,HYPE-USD,0xAB961d7C42BBcd454A54b342Bd191a8f090219E6,0xffffffffffffffffffffffffffffffffffffffff,-299.77,,,63.93,-19164.2961,0,0
PERP,0x3f0083d3e2cc45d3407a043dbc6e2c02010800b97dcf64a5e2c92f26a1c01fbd,1781480318153,2026-06-14T23:38:38.153Z,Close Long,,HYPE-USD,0xAB961d7C42BBcd454A54b342Bd191a8f090219E6,0xffffffffffffffffffffffffffffffffffffffff,-524.18,,,63.93,-33510.827399999995,0,0
PERP,0x8c2d0d38c93b03578da6043dbc6e2c020107001e643e22292ff5b88b883edd42,1781480318153,2026-06-14T23:38:38.153Z,Close Long,,HYPE-USD,0xAB961d7C42BBcd454A54b342Bd191a8f090219E6,0xffffffffffffffffffffffffffffffffffffffff,-49.49,,,63.93,-3163.8957,0,0
PERP,0x1feb4c879a5877612165043dbc6db0020155006d355b9633c3b3f7da595c514b,1781480309805,2026-06-14T23:38:29.805Z,Close Long,,HYPE-USD,0xAB961d7C42BBcd454A54b342Bd191a8f090219E6,0xffffffffffffffffffffffffffffffffffffffff,-75.64,,,63.93,-4835.6652,0,0
PERP,0x202fbf885296323121a9043dbc6d7202012f006ded995103c3f86adb119a0c1b,1781480305524,2026-06-14T23:38:25.524Z,Close Long,,HYPE-USD,0xAB961d7C42BBcd454A54b342Bd191a8f090219E6,0xffffffffffffffffffffffffffffffffffffffff,-2742.72,,,63.93,-175342.08959999998,0,0
PERP,0x421cecb56cc9dfa84396043dbc6c7f0201c9009b07ccfe7ae5e598082bcdb992,1781480289099,2026-06-14T23:38:09.099Z,order,,HYPE,0xAB961d7C42BBcd454A54b342Bd191a8f090219E6,limit,-10000,,,63.93,-639300,-1,0
PERP,0x648371283a56f55f65fd043dbc688e017f00890dd55a1431084c1c7af95acf4a,1781480219848,2026-06-14T23:36:59.848Z,Close Long,,HYPE-USD,0xAB961d7C42BBcd454A54b342Bd191a8f090219E6,0xffffffffffffffffffffffffffffffffffffffff,-161.51,,,63.9,-10320.489,0,0
PERP,0xe6622020ba80a8f4e7db043dbc688e017a0038065583c7c68a2acb73798482df,1781480219848,2026-06-14T23:36:59.848Z,Close Long,,HYPE-USD,0xAB961d7C42BBcd454A54b342Bd191a8f090219E6,0xffffffffffffffffffffffffffffffffffffffff,-21.5,,,63.9,-1373.85,0,0
PERP,0x5a10f810fcda2fd85b8a043dbc688d01ac000ff697dd4eaafdd9a363bbde09c2,1781480219782,2026-06-14T23:36:59.782Z,Close Long,,HYPE-USD,0xAB961d7C42BBcd454A54b342Bd191a8f090219E6,0xffffffffffffffffffffffffffffffffffffffff,-5.31,,,63.9,-339.30899999999997,0,0
PERP,0x7648b9d349e15e7677c2043dbc688d01a500d1b8e4e47d481a11652608e53861,1781480219782,2026-06-14T23:36:59.782Z,Close Long,,HYPE-USD,0xAB961d7C42BBcd454A54b342Bd191a8f090219E6,0xffffffffffffffffffffffffffffffffffffffff,-5,,,63.9,-319.5,0,0
PERP,0xc375433830501bfac4ee043dbc688d01a4005b1dcb533acc673dee8aef53f5e5,1781480219782,2026-06-14T23:36:59.782Z,Close Long,,HYPE-USD,0xAB961d7C42BBcd454A54b342Bd191a8f090219E6,0xffffffffffffffffffffffffffffffffffffffff,-4.81,,,63.9,-307.359,0,0
PERP,0x5dce5601fd3d97035f48043dbc688d01a2006de79830b5d501970154bc3170ee,1781480219782,2026-06-14T23:36:59.782Z,Close Long,,HYPE-USD,0xAB961d7C42BBcd454A54b342Bd191a8f090219E6,0xffffffffffffffffffffffffffffffffffffffff,-73.05,,,63.9,-4667.8949999999995,0,0
PERP,0xaafadf66e3ac5487ac74043dbc688d01a100f74c7eaf73594ec38ab9a2a02e72,1781480219782,2026-06-14T23:36:59.782Z,Close Long,,HYPE-USD,0xAB961d7C42BBcd454A54b342Bd191a8f090219E6,0xffffffffffffffffffffffffffffffffffffffff,-22.54,,,63.9,-1440.3059999999998,0,0
PERP,0xf82768cbca1b120bf9a1043dbc688d01a00080b1651e30de9bf0141e891eebf6,1781480219782,2026-06-14T23:36:59.782Z,Close Long,,HYPE-USD,0xAB961d7C42BBcd454A54b342Bd191a8f090219E6,0xffffffffffffffffffffffffffffffffffffffff,-157.5,,,63.9,-10064.25,0,0
PERP,0x4553f230b089cf9046cd043dbc688d019f000a164b8cee62e91c9d836f8da97a,1781480219782,2026-06-14T23:36:59.782Z,Close Long,,HYPE-USD,0xAB961d7C42BBcd454A54b342Bd191a8f090219E6,0xffffffffffffffffffffffffffffffffffffffff,-88.13,,,63.9,-5631.507,0,0
PERP,0xdfad04fa7d674a98e126043dbc688d019d001ce0186a696a8375b04d3c6b2483,1781480219782,2026-06-14T23:36:59.782Z,Close Long,,HYPE-USD,0xAB961d7C42BBcd454A54b342Bd191a8f090219E6,0xffffffffffffffffffffffffffffffffffffffff,-866.84,,,63.9,-55391.076,0,0
PERP,0x7a0617c44a44c5a17b7f043dbc688d019b002fa9e547e4731dcec31709489f8c,1781480219782,2026-06-14T23:36:59.782Z,Close Long,,HYPE-USD,0xAB961d7C42BBcd454A54b342Bd191a8f090219E6,0xffffffffffffffffffffffffffffffffffffffff,-398.07,,,63.9,-25436.673,0,0
PERP,0xc732a12930b38325c8ac043dbc688d019a00b90ecbb6a1f76afb4c7befb75d10,1781480219782,2026-06-14T23:36:59.782Z,Close Long,,HYPE-USD,0xAB961d7C42BBcd454A54b342Bd191a8f090219E6,0xffffffffffffffffffffffffffffffffffffffff,-7.89,,,63.9,-504.171,0,0
PERP,0x145f2a8e172240aa15d8043dbc688d0199004273b2255f7cb827d5e0d6261a94,1781480219782,2026-06-14T23:36:59.782Z,Close Long,,HYPE-USD,0xAB961d7C42BBcd454A54b342Bd191a8f090219E6,0xffffffffffffffffffffffffffffffffffffffff,-0.16,,,63.9,-10.224,0,0
PERP,0x618bb3f2fd90fe2e6305043dbc688d019800cbd898941d0005545f45bc94d819,1781480219782,2026-06-14T23:36:59.782Z,Close Long,,HYPE-USD,0xAB961d7C42BBcd454A54b342Bd191a8f090219E6,0xffffffffffffffffffffffffffffffffffffffff,-317.06,,,63.9,-20260.134,0,0
PERP,0xaeb83d57e40fbbb2b031043dbc688d019700553d7f02da845280e8aaa303959d,1781480219782,2026-06-14T23:36:59.782Z,Close Long,,HYPE-USD,0xAB961d7C42BBcd454A54b342Bd191a8f090219E6,0xffffffffffffffffffffffffffffffffffffffff,-320.25,,,63.9,-20463.975,0,0
PERP,0xfbe4c6bcca7e7936fd5e043dbc688d019600dea2657198099fad720f89725321,1781480219782,2026-06-14T23:36:59.782Z,Close Long,,HYPE-USD,0xAB961d7C42BBcd454A54b342Bd191a8f090219E6,0xffffffffffffffffffffffffffffffffffffffff,-441.35,,,63.9,-28202.265,0,0
PERP,0x49115021b0ed36bb4a8b043dbc688d01950068074be0558decd9fb746fe110a5,1781480219782,2026-06-14T23:36:59.782Z,Close Long,,HYPE-USD,0xAB961d7C42BBcd454A54b342Bd191a8f090219E6,0xffffffffffffffffffffffffffffffffffffffff,-685.81,,,63.9,-43823.259,0,0
PERP,0x963dd986975bf43f97b7043dbc688d019400f16c325f13113a0684d9565fce2a,1781480219782,2026-06-14T23:36:59.782Z,Close Long,,HYPE-USD,0xAB961d7C42BBcd454A54b342Bd191a8f090219E6,0xffffffffffffffffffffffffffffffffffffffff,-63.72,,,63.9,-4071.7079999999996,0,0
PERP,0x7dc375b54aa82ccc7f3d043dbc688d0191008d9ae5ab4b9e218c210809ac06b7,1781480219782,2026-06-14T23:36:59.782Z,Close Long,,HYPE-USD,0xAB961d7C42BBcd454A54b342Bd191a8f090219E6,0xffffffffffffffffffffffffffffffffffffffff,-7.7,,,63.9,-492.03,0,0
PERP,0xcaefff1a3116ea50cc69043dbc688d01900016ffcc1a09226eb8aa6cf01ac43b,1781480219782,2026-06-14T23:36:59.782Z,Close Long,,HYPE-USD,0xAB961d7C42BBcd454A54b342Bd191a8f090219E6,0xffffffffffffffffffffffffffffffffffffffff,-3.36,,,63.9,-214.70399999999998,0,0
PERP,0xb6f899f5a863fa02b872043dbc688c019200b1db436718d45ac145486767d3ed,1781480219714,2026-06-14T23:36:59.714Z,Close Long,,HYPE-USD,0xAB961d7C42BBcd454A54b342Bd191a8f090219E6,0xffffffffffffffffffffffffffffffffffffffff,-1.78,,,63.9,-113.742,0,0
PERP,0x801457e895807cba818e043dbc688a01be006fce30839b8c23dd033b548456a5,1781480219579,2026-06-14T23:36:59.579Z,Close Long,,HYPE-USD,0xAB961d7C42BBcd454A54b342Bd191a8f090219E6,0xffffffffffffffffffffffffffffffffffffffff,-3.16,,,63.9,-201.924,0,0
PERP,0xcd40e14d7bff3a3eceba043dbc688a01bd00f93316f2591071098ca03af31429,1781480219579,2026-06-14T23:36:59.579Z,Close Long,,HYPE-USD,0xAB961d7C42BBcd454A54b342Bd191a8f090219E6,0xffffffffffffffffffffffffffffffffffffffff,-2.27,,,63.9,-145.053,0,0
PERP,0xf3c32fd8d7da039df53c043dbc688901f00047be72dd2270978bdb2b96dddd88,1781480219513,2026-06-14T23:36:59.513Z,Close Long,,HYPE-USD,0xAB961d7C42BBcd454A54b342Bd191a8f090219E6,0xffffffffffffffffffffffffffffffffffffffff,-668.56,,,63.9,-42720.984,0,0
PERP,0x40efb93dbe48c1224269043dbc688901ef00d123594bdff4e4b864907d4c9b0c,1781480219513,2026-06-14T23:36:59.513Z,Close Long,,HYPE-USD,0xAB961d7C42BBcd454A54b342Bd191a8f090219E6,0xffffffffffffffffffffffffffffffffffffffff,-325.99,,,63.9,-20830.761,0,0
PERP,0xc2ce68363e7274b7c448043dbc688901ea00801bd975938966971388fd764ea2,1781480219513,2026-06-14T23:36:59.513Z,Close Long,,HYPE-USD,0xAB961d7C42BBcd454A54b342Bd191a8f090219E6,0xffffffffffffffffffffffffffffffffffffffff,-133.51,,,63.9,-8531.288999999999,0,0
PERP,0x0ffaf19b24e1323c1174043dbc688901e9000980bfe4510eb3c39cede3e50c26,1781480219513,2026-06-14T23:36:59.513Z,Close Long,,HYPE-USD,0xAB961d7C42BBcd454A54b342Bd191a8f090219E6,0xffffffffffffffffffffffffffffffffffffffff,-79.15,,,63.9,-5057.685,0,0
PERP,0x5d277b000b5fefc05ea1043dbc688901e80092e5a6530e9200f02652ca53c9ab,1781480219513,2026-06-14T23:36:59.513Z,Close Long,,HYPE-USD,0xAB961d7C42BBcd454A54b342Bd191a8f090219E6,0xffffffffffffffffffffffffffffffffffffffff,-12.53,,,63.9,-800.6669999999999,0,0
PERP,0xaa540464f1cead44abcd043dbc688901e7001c4a8cc1cc164e1cafb7b0c2872f,1781480219513,2026-06-14T23:36:59.513Z,Close Long,,HYPE-USD,0xAB961d7C42BBcd454A54b342Bd191a8f090219E6,0xffffffffffffffffffffffffffffffffffffffff,-347.19,,,63.9,-22185.441,0,0
PERP,0xf7808dc9d83d6ac8f8fa043dbc688901e600a5af7330899b9b49391c973144b3,1781480219513,2026-06-14T23:36:59.513Z,Close Long,,HYPE-USD,0xAB961d7C42BBcd454A54b342Bd191a8f090219E6,0xffffffffffffffffffffffffffffffffffffffff,-328.22,,,63.9,-20973.258,0,0
PERP,0x44ad172ebeac284d4626043dbc688901e5002f1459af471fe875c2817da00237,1781480219513,2026-06-14T23:36:59.513Z,Close Long,,HYPE-USD,0xAB961d7C42BBcd454A54b342Bd191a8f090219E6,0xffffffffffffffffffffffffffffffffffffffff,-32.45,,,63.9,-2073.5550000000003,0,0
PERP,0x91d9a093a51ae5d19353043dbc688901e400b879401e04a335a24be6641ebfbc,1781480219513,2026-06-14T23:36:59.513Z,Close Long,,HYPE-USD,0xAB961d7C42BBcd454A54b342Bd191a8f090219E6,0xffffffffffffffffffffffffffffffffffffffff,-41.26,,,63.9,-2636.5139999999997,0,0
PERP,0xdf0629f88b89a355e07f043dbc688901e30041de268cc22782ced54b4a8d7d40,1781480219513,2026-06-14T23:36:59.513Z,Close Long,,HYPE-USD,0xAB961d7C42BBcd454A54b342Bd191a8f090219E6,0xffffffffffffffffffffffffffffffffffffffff,-33.28,,,63.9,-2126.592,0,0
PERP,0x2c32b35d71f860da2dac043dbc688901e200cb430cfb7faccffb5eb030fc3ac4,1781480219513,2026-06-14T23:36:59.513Z,Close Long,,HYPE-USD,0xAB961d7C42BBcd454A54b342Bd191a8f090219E6,0xffffffffffffffffffffffffffffffffffffffff,-18.91,,,63.9,-1208.349,0,0
PERP,0x795f3cc258671e5e7ad8043dbc688901e10054a7f36a3d301d27e815176af849,1781480219513,2026-06-14T23:36:59.513Z,Close Long,,HYPE-USD,0xAB961d7C42BBcd454A54b342Bd191a8f090219E6,0xffffffffffffffffffffffffffffffffffffffff,-39.02,,,63.9,-2493.378,0,0
PERP,0xc68bc6273ed5dbe2c805043dbc688901e000de0cd9d8fab46a547179fdd9b5cd,1781480219513,2026-06-14T23:36:59.513Z,Close Long,,HYPE-USD,0xAB961d7C42BBcd454A54b342Bd191a8f090219E6,0xffffffffffffffffffffffffffffffffffffffff,-425.87,,,63.9,-27213.093,0,0
PERP,0x13b84f8c254499671532043dbc688901df006771c047b839b780fadee4487351,1781480219513,2026-06-14T23:36:59.513Z,Close Long,,HYPE-USD,0xAB961d7C42BBcd454A54b342Bd191a8f090219E6,0xffffffffffffffffffffffffffffffffffffffff,-134.34,,,63.9,-8584.326000000001,0,0
PERP,0x60e4d8f10bb356eb625e043dbc688901de00f0d6a6b675bd04ad8443cab730d6,1781480219513,2026-06-14T23:36:59.513Z,Close Long,,HYPE-USD,0xAB961d7C42BBcd454A54b342Bd191a8f090219E6,0xffffffffffffffffffffffffffffffffffffffff,-10.82,,,63.9,-691.398,0,0
PERP,0xae116255f222146faf8b043dbc688901dd007a3b8d25334151da0da8b125ee5a,1781480219513,2026-06-14T23:36:59.513Z,Close Long,,HYPE-USD,0xAB961d7C42BBcd454A54b342Bd191a8f090219E6,0xffffffffffffffffffffffffffffffffffffffff,-132.8,,,63.9,-8485.92,0,0
PERP,0xfb3debbad890d1f3fcb7043dbc688901dc0003a07393f0c69f06970d9794abde,1781480219513,2026-06-14T23:36:59.513Z,Close Long,,HYPE-USD,0xAB961d7C42BBcd454A54b342Bd191a8f090219E6,0xffffffffffffffffffffffffffffffffffffffff,-33.41,,,63.9,-2134.899,0,0
PERP,0x486a751fbf0f8f7849e4043dbc688901db008d055a02ae4aec3320727e036962,1781480219513,2026-06-14T23:36:59.513Z,Close Long,,HYPE-USD,0xAB961d7C42BBcd454A54b342Bd191a8f090219E6,0xffffffffffffffffffffffffffffffffffffffff,-17.84,,,63.9,-1139.9759999999999,0,0
PERP,0x9596fe84a57e4cfc9710043dbc688901da00166a40716bce395fa9d7647226e7,1781480219513,2026-06-14T23:36:59.513Z,Close Long,,HYPE-USD,0xAB961d7C42BBcd454A54b342Bd191a8f090219E6,0xffffffffffffffffffffffffffffffffffffffff,-11.14,,,63.9,-711.846,0,0
PERP,0xe2c387e98bed0a80e43d043dbc688901d9009fcf26e02952868c333c4ae0e46b,1781480219513,2026-06-14T23:36:59.513Z,Close Long,,HYPE-USD,0xAB961d7C42BBcd454A54b342Bd191a8f090219E6,0xffffffffffffffffffffffffffffffffffffffff,-17.96,,,63.9,-1147.644,0,0
PERP,0x2ff0114e725bc8053169043dbc688901d80029340d5ee6d7d3b8bca1315fa1ef,1781480219513,2026-06-14T23:36:59.513Z,Close Long,,HYPE-USD,0xAB961d7C42BBcd454A54b342Bd191a8f090219E6,0xffffffffffffffffffffffffffffffffffffffff,-21.3,,,63.9,-1361.07,0,0
PERP,0x7d1c9ab358ca85897e96043dbc688901d700b298f3cda45b20e5460617ce5f74,1781480219513,2026-06-14T23:36:59.513Z,Close Long,,HYPE-USD,0xAB961d7C42BBcd454A54b342Bd191a8f090219E6,0xffffffffffffffffffffffffffffffffffffffff,-737.88,,,63.9,-47150.532,0,0
PERP,0x2d4f567eca11228b2ec9043dbc688802017900646514415dd11801d18914fc75,1781480219449,2026-06-14T23:36:59.449Z,Close Long,,HYPE-USD,0xAB961d7C42BBcd454A54b342Bd191a8f090219E6,0xffffffffffffffffffffffffffffffffffffffff,-155.52,,,63.9,-9937.728000000001,0,0
PERP,0xcb2d8a8dd4967bbecca7043dbc688302013a00736f999a906ef635e0939a55a9,1781480219082,2026-06-14T23:36:59.082Z,Close Long,,HYPE-USD,0xAB961d7C42BBcd454A54b342Bd191a8f090219E6,0xffffffffffffffffffffffffffffffffffffffff,-7.89,,,63.9,-504.171,0,0
PERP,0x8ff1a9e8b6ca66c8916b043dbc686a019200c1ce51cd859a33ba553b75ce40b3,1781480217405,2026-06-14T23:36:57.405Z,Close Long,,HYPE-USD,0xAB961d7C42BBcd454A54b342Bd191a8f090219E6,0xffffffffffffffffffffffffffffffffffffffff,-34.22,,,63.9,-2186.658,0,0
PERP,0xc4a3cf7c50855cd9c61d043dbc686a018e00e761eb887bab686c7acf0f8936c4,1781480217405,2026-06-14T23:36:57.405Z,Close Long,,HYPE-USD,0xAB961d7C42BBcd454A54b342Bd191a8f090219E6,0xffffffffffffffffffffffffffffffffffffffff,-20,,,63.9,-1278,0,0
PERP,0xc04fe6e6f256aca5c1c9043dbc686902017800cc8d59cb7764189239b15a8690,1781480217335,2026-06-14T23:36:57.335Z,Close Long,,HYPE-USD,0xAB961d7C42BBcd454A54b342Bd191a8f090219E6,0xffffffffffffffffffffffffffffffffffffffff,-49.72,,,63.9,-3177.1079999999997,0,0
PERP,0x0aa19dcf176a47f30c1b043dbc685802010600b4b26d66c5ae6a4921d66e21dd,1781480216191,2026-06-14T23:36:56.191Z,Close Long,,HYPE-USD,0xAB961d7C42BBcd454A54b342Bd191a8f090219E6,0xffffffffffffffffffffffffffffffffffffffff,-0.23,,,63.9,-14.697000000000001,0,0
PERP,0x77e20ca11d0363f7795b043dbc68530201490086b80682c91baab7f3dc073de2,1781480215856,2026-06-14T23:36:55.856Z,Close Long,,HYPE-USD,0xAB961d7C42BBcd454A54b342Bd191a8f090219E6,0xffffffffffffffffffffffffffffffffffffffff,-34.22,,,63.9,-2186.658,0,0
PERP,0x949fe6e064680b3d9619043dbc68510202b900c5ff6b2a0f38689233236be528,1781480215722,2026-06-14T23:36:55.722Z,Close Long,,HYPE-USD,0xAB961d7C42BBcd454A54b342Bd191a8f090219E6,0xffffffffffffffffffffffffffffffffffffffff,-97.82,,,63.9,-6250.697999999999,0,0
PERP,0x167e95d8e491bed317f8043dbc68510202b400be7f94dda5ba47412ba39598bd,1781480215722,2026-06-14T23:36:55.722Z,Close Long,,HYPE-USD,0xAB961d7C42BBcd454A54b342Bd191a8f090219E6,0xffffffffffffffffffffffffffffffffffffffff,-7.11,,,63.9,-454.329,0,0
PERP,0xb0d7a8a2b17f39dbb251043dbc68510202b200884c7258ad54a053f5707313c6,1781480215722,2026-06-14T23:36:55.722Z,Close Long,,HYPE-USD,0xAB961d7C42BBcd454A54b342Bd191a8f090219E6,0xffffffffffffffffffffffffffffffffffffffff,-13.88,,,63.9,-886.932,0,0
PERP,0x9168c3362dcd8ee192e2043dbc684f020149001bc8c0adb335316e88ecc168cc,1781480215587,2026-06-14T23:36:55.587Z,Close Long,,HYPE-USD,0xAB961d7C42BBcd454A54b342Bd191a8f090219E6,0xffffffffffffffffffffffffffffffffffffffff,-50.19,,,63.9,-3207.1409999999996,0,0
PERP,0x7b1009b6f6b47e447c89043dbc684e020375009c91b79d161ed8b509b5b8582f,1781480215517,2026-06-14T23:36:55.517Z,Close Long,,HYPE-USD,0xAB961d7C42BBcd454A54b342Bd191a8f090219E6,0xffffffffffffffffffffffffffffffffffffffff,-17.63,,,63.9,-1126.557,0,0
PERP,0xfceeb8af76ee31d9fe68043dbc684e020370009511e150aca0b7640235e20bc4,1781480215517,2026-06-14T23:36:55.517Z,Close Long,,HYPE-USD,0xAB961d7C42BBcd454A54b342Bd191a8f090219E6,0xffffffffffffffffffffffffffffffffffffffff,-34.22,,,63.9,-2186.658,0,0
PERP,0x0b362ba84f652b180caf043dbc684e020238008dea6849eaaefed6fb0e690502,1781480215517,2026-06-14T23:36:55.517Z,Close Long,,HYPE-USD,0xAB961d7C42BBcd454A54b342Bd191a8f090219E6,0xffffffffffffffffffffffffffffffffffffffff,-4.55,,,63.9,-290.745,0,0
PERP,0x9ce78f112f50b7df9e61043dbc684c02011900f6ca53d6b140b03a63ee5491ca,1781480215387,2026-06-14T23:36:55.387Z,Close Long,,HYPE-USD,0xAB961d7C42BBcd454A54b342Bd191a8f090219E6,0xffffffffffffffffffffffffffffffffffffffff,-97.82,,,63.9,-6250.697999999999,0,0
PERP,0x5c0fc2a0a224f18d5d89043dbc684b02019300863d28105fffd86df36128cb77,1781480215299,2026-06-14T23:36:55.299Z,Close Long,,HYPE-USD,0xAB961d7C42BBcd454A54b342Bd191a8f090219E6,0xffffffffffffffffffffffffffffffffffffffff,-50.19,,,63.9,-3207.1409999999996,0,0
PERP,0xe12ce0d65f8d8fd0e2a6043dbc684902016300bbfa80aea284f58c291e8169bb,1781480215163,2026-06-14T23:36:55.163Z,Close Long,,HYPE-USD,0xAB961d7C42BBcd454A54b342Bd191a8f090219E6,0xffffffffffffffffffffffffffffffffffffffff,-34.22,,,63.9,-2186.658,0,0
PERP,0x718218df1e00639572fb043dbc684702011500c4b9038267154ac431dd043d80,1781480215029,2026-06-14T23:36:55.029Z,Close Long,,HYPE-USD,0xAB961d7C42BBcd454A54b342Bd191a8f090219E6,0xffffffffffffffffffffffffffffffffffffffff,-5,,,63.9,-319.5,0,0
PERP,0xa6343e72b7cb59a6a7ad043dbc6847020111005852ce787849fce9c576cf3391,1781480215029,2026-06-14T23:36:55.029Z,Close Long,,HYPE-USD,0xAB961d7C42BBcd454A54b342Bd191a8f090219E6,0xffffffffffffffffffffffffffffffffffffffff,-35.44,,,63.9,-2264.616,0,0
PERP,0xf360c7d79e3a172af4da043dbc684702011000bd393d35fd9729732a5d3df115,1781480215029,2026-06-14T23:36:55.029Z,Close Long,,HYPE-USD,0xAB961d7C42BBcd454A54b342Bd191a8f090219E6,0xffffffffffffffffffffffffffffffffffffffff,-9.34,,,63.9,-596.826,0,0
PERP,0x8db9daa16b1792338f33043dbc684702010e0087061ab105318285f42a1b6c1e,1781480215029,2026-06-14T23:36:55.029Z,Close Long,,HYPE-USD,0xAB961d7C42BBcd454A54b342Bd191a8f090219E6,0xffffffffffffffffffffffffffffffffffffffff,-13.31,,,63.9,-850.509,0,0
PERP,0x5cc512fed1b0034d5e3e043dbc684702010800e46cb3221f008dbe5190b3dd38,1781480215029,2026-06-14T23:36:55.029Z,Close Long,,HYPE-USD,0xAB961d7C42BBcd454A54b342Bd191a8f090219E6,0xffffffffffffffffffffffffffffffffffffffff,-35.35,,,63.9,-2258.8650000000002,0,0
PERP,0xa9f19c63b82ec0d1ab6b043dbc684702010700495321dfa34dba47b677229abc,1781480215029,2026-06-14T23:36:55.029Z,Close Long,,HYPE-USD,0xAB961d7C42BBcd454A54b342Bd191a8f090219E6,0xffffffffffffffffffffffffffffffffffffffff,-42.4,,,63.9,-2709.3599999999997,0,0
PERP,0xf71e25c89e9d7e55f897043dbc684702010600ae39909d289ae6d11b5d915840,1781480215029,2026-06-14T23:36:55.029Z,Close Long,,HYPE-USD,0xAB961d7C42BBcd454A54b342Bd191a8f090219E6,0xffffffffffffffffffffffffffffffffffffffff,-207.18,,,63.9,-13238.802,0,0
PERP,0x917738926b7af95e92f0043dbc68470201040078067e1830353fe3e52a7ed349,1781480215029,2026-06-14T23:36:55.029Z,Close Long,,HYPE-USD,0xAB961d7C42BBcd454A54b342Bd191a8f090219E6,0xffffffffffffffffffffffffffffffffffffffff,-82.98,,,63.9,-5302.4220000000005,0,0
PERP,0xdea3c1f751e9b6e2e01d043dbc684702010300dcececd5b4826c6d4a10ed90cd,1781480215029,2026-06-14T23:36:55.029Z,Close Long,,HYPE-USD,0xAB961d7C42BBcd454A54b342Bd191a8f090219E6,0xffffffffffffffffffffffffffffffffffffffff,-25.55,,,63.9,-1632.645,0,0
PERP,0x2bd04b5c385874672d4a043dbc68470201020041d35b9339cf98f6aef75c4e51,1781480215029,2026-06-14T23:36:55.029Z,Close Long,,HYPE-USD,0xAB961d7C42BBcd454A54b342Bd191a8f090219E6,0xffffffffffffffffffffffffffffffffffffffff,-12.68,,,63.9,-810.252,0,0
PERP,0x78fcd4c11ec731eb7a76043dbc684702010100a6b9ca50bd1cc58013ddcb0bd6,1781480215029,2026-06-14T23:36:55.029Z,Close Long,,HYPE-USD,0xAB961d7C42BBcd454A54b342Bd191a8f090219E6,0xffffffffffffffffffffffffffffffffffffffff,-259.01,,,63.9,-16550.738999999998,0,0
PERP,0xc6295e260535ef6fc7a3043dbc6847020100000ba0390e4169f20978c439c95a,1781480215029,2026-06-14T23:36:55.029Z,Close Long,,HYPE-USD,0xAB961d7C42BBcd454A54b342Bd191a8f090219E6,0xffffffffffffffffffffffffffffffffffffffff,-13.5,,,63.9,-862.65,0,0
PERP,0x1355e78aeba4acf414cf043dbc684701ff00ff7086a7cbc6b71e92ddaaa886de,1781480215029,2026-06-14T23:36:55.029Z,Close Long,,HYPE-USD,0xAB961d7C42BBcd454A54b342Bd191a8f090219E6,0xffffffffffffffffffffffffffffffffffffffff,-97.82,,,63.9,-6250.697999999999,0,0
PERP,0xfadb83b99ef0e580fc55043dbc684701fc009b9f39f404539ea42f0c5df4bf6b,1781480215029,2026-06-14T23:36:55.029Z,Close Long,,HYPE-USD,0xAB961d7C42BBcd454A54b342Bd191a8f090219E6,0xffffffffffffffffffffffffffffffffffffffff,-143.75,,,63.9,-9185.625,0,0
PERP,0xafe8409768c3ab5eb161043dbc684502022b007d03c6ca3053b0ebea27c78549,1781480214896,2026-06-14T23:36:54.896Z,Close Long,,HYPE-USD,0xAB961d7C42BBcd454A54b342Bd191a8f090219E6,0xffffffffffffffffffffffffffffffffffffffff,-50.19,,,63.9,-3207.1409999999996,0,0
PERP,0xec15220d03456fc5ed8e043dbc684502021300f29e488e978fddcd5fc24949b0,1781480214896,2026-06-14T23:36:54.896Z,Close Long,,HYPE-USD,0xAB961d7C42BBcd454A54b342Bd191a8f090219E6,0xffffffffffffffffffffffffffffffffffffffff,-34.22,,,63.9,-2186.658,0,0
PERP,0xe2c697aa2475da41e440043dbc683f02013c008fbf78f913868f42fce379b42c,1781480214496,2026-06-14T23:36:54.496Z,Close Long,,HYPE-USD,0xAB961d7C42BBcd454A54b342Bd191a8f090219E6,0xffffffffffffffffffffffffffffffffffffffff,-59.11,,,63.9,-3777.129,0,0
PERP,0x2ff3210f0ae497c6316c043dbc683f02013b00f4a5e7b698d3bbcc61c9e871b0,1781480214496,2026-06-14T23:36:54.496Z,Close Long,,HYPE-USD,0xAB961d7C42BBcd454A54b342Bd191a8f090219E6,0xffffffffffffffffffffffffffffffffffffffff,-8.99,,,63.9,-574.461,0,0
PERP,0x7d1faa73f153554a7e99043dbc683f02013a00598c56741c20e855c6b0572f35,1781480214496,2026-06-14T23:36:54.496Z,Close Long,,HYPE-USD,0xAB961d7C42BBcd454A54b342Bd191a8f090219E6,0xffffffffffffffffffffffffffffffffffffffff,-15.51,,,63.9,-991.0889999999999,0,0
PERP,0xca4c33d8d7c212cecbc5043dbc683f02013900be72c531a06e14df2b96c5ecb9,1781480214496,2026-06-14T23:36:54.496Z,Close Long,,HYPE-USD,0xAB961d7C42BBcd454A54b342Bd191a8f090219E6,0xffffffffffffffffffffffffffffffffffffffff,-6.49,,,63.9,-414.711,0,0
PERP,0x64a546a2a4af8dd7661f043dbc683f02013700883fa2aca9086df1f563a367c2,1781480214496,2026-06-14T23:36:54.496Z,Close Long,,HYPE-USD,0xAB961d7C42BBcd454A54b342Bd191a8f090219E6,0xffffffffffffffffffffffffffffffffffffffff,-28.89,,,63.9,-1846.071,0,0
PERP,0xe683f59b24d9416ce7fd043dbc683f0201320080bfdc603e8a4ca0ede3dd1b57,1781480214496,2026-06-14T23:36:54.496Z,Close Long,,HYPE-USD,0xAB961d7C42BBcd454A54b342Bd191a8f090219E6,0xffffffffffffffffffffffffffffffffffffffff,-172.1,,,63.9,-10997.189999999999,0,0
PERP,0x33b07f000b47fef1352a043dbc683f02013100e5a64b1dc3d7792a52ca4bd8db,1781480214496,2026-06-14T23:36:54.496Z,Close Long,,HYPE-USD,0xAB961d7C42BBcd454A54b342Bd191a8f090219E6,0xffffffffffffffffffffffffffffffffffffffff,-30.43,,,63.9,-1944.4769999999999,0,0
PERP,0x80dd0864f1b6bc758256043dbc683f020130004a8cb9db4724a5b3b7b0ba9660,1781480214496,2026-06-14T23:36:54.496Z,Close Long,,HYPE-USD,0xAB961d7C42BBcd454A54b342Bd191a8f090219E6,0xffffffffffffffffffffffffffffffffffffffff,-33.39,,,63.9,-2133.621,0,0
PERP,0xce0991c9d82579f9cf83043dbc683f02012f00af732898cb71d23d1c972953e4,1781480214496,2026-06-14T23:36:54.496Z,Close Long,,HYPE-USD,0xAB961d7C42BBcd454A54b342Bd191a8f090219E6,0xffffffffffffffffffffffffffffffffffffffff,-603.07,,,63.9,-38536.173,0,0
PERP,0x6cf63e878c320a5e6e6f043dbc678c0205d7006d2735293010bee9da4b35e449,1781480201959,2026-06-14T23:36:41.959Z,order,,HYPE,0xAB961d7C42BBcd454A54b342Bd191a8f090219E6,limit,-10000,,,63.9,-639000,-1,0
PERP,0x723a9df6f93d4e1473b4043dbc60a1020afe00dc94306ce616034949b83127ff,1781480080764,2026-06-14T23:34:40.764Z,Close Long,,HYPE-USD,0xAB961d7C42BBcd454A54b342Bd191a8f090219E6,0xffffffffffffffffffffffffffffffffffffffff,-147.04,,,63.827,-9385.12208,0,0
PERP,0xbf67275bdfac0b98c0e0043dbc60a1020afd00417aaf2a6a632fd2ae9eafe583,1781480080764,2026-06-14T23:34:40.764Z,Close Long,,HYPE-USD,0xAB961d7C42BBcd454A54b342Bd191a8f090219E6,0xffffffffffffffffffffffffffffffffffffffff,-165.94,,,63.827,-10591.452379999999,0,0
PERP,0x59c03a25ac8986a15b39043dbc60a1020afb000b478ca573fd88e5786b8d608b,1781480080764,2026-06-14T23:34:40.764Z,Close Long,,HYPE-USD,0xAB961d7C42BBcd454A54b342Bd191a8f090219E6,0xffffffffffffffffffffffffffffffffffffffff,-348.35,,,63.827,-22234.13545,0,0
PERP,0xa6ecc38a92f84425a866043dbc60a1020afa00702dfb62f74ab56edd51fc1e10,1781480080764,2026-06-14T23:34:40.764Z,Close Long,,HYPE-USD,0xAB961d7C42BBcd454A54b342Bd191a8f090219E6,0xffffffffffffffffffffffffffffffffffffffff,-113.95,,,63.827,-7273.08665,0,0
PERP,0xf4194cef796701a9f593043dbc60a1020af900d5146a207c97e1f842386adb94,1781480080764,2026-06-14T23:34:40.764Z,Close Long,,HYPE-USD,0xAB961d7C42BBcd454A54b342Bd191a8f090219E6,0xffffffffffffffffffffffffffffffffffffffff,-1113.47,,,63.827,-71069.44969,0,0
PERP,0x4145d6545fd5bf2e42bf043dbc60a1020af80039fad8de00e50e81a71ed99918,1781480080764,2026-06-14T23:34:40.764Z,Close Long,,HYPE-USD,0xAB961d7C42BBcd454A54b342Bd191a8f090219E6,0xffffffffffffffffffffffffffffffffffffffff,-17.52,,,63.827,-1118.24904,0,0
PERP,0x8e725fb946447cb28fec043dbc60a1020af7009ee1479b84323b0b0c0548569d,1781480080764,2026-06-14T23:34:40.764Z,Close Long,,HYPE-USD,0xAB961d7C42BBcd454A54b342Bd191a8f090219E6,0xffffffffffffffffffffffffffffffffffffffff,-10,,,63.827,-638.27,0,0
PERP,0xdb9ee91e2cb33a36dd18043dbc60a1020af60003c7b659087f679470ebb71421,1781480080764,2026-06-14T23:34:40.764Z,Close Long,,HYPE-USD,0xAB961d7C42BBcd454A54b342Bd191a8f090219E6,0xffffffffffffffffffffffffffffffffffffffff,-89.13,,,63.827,-5688.9005099999995,0,0
PERP,0x28cb72831321f7bb2a45043dbc60a1020af50068ae25168dcc941dd5d225d1a5,1781480080764,2026-06-14T23:34:40.764Z,Close Long,,HYPE-USD,0xAB961d7C42BBcd454A54b342Bd191a8f090219E6,0xffffffffffffffffffffffffffffffffffffffff,-23.21,,,63.827,-1481.42467,0,0
PERP,0x75f7fbe7f990b53f7771043dbc60a1020af400cd9493d41119c0a73ab8948f2a,1781480080764,2026-06-14T23:34:40.764Z,Close Long,,HYPE-USD,0xAB961d7C42BBcd454A54b342Bd191a8f090219E6,0xffffffffffffffffffffffffffffffffffffffff,-578.36,,,63.827,-36914.98372,0,0
PERP,0xc324854ce00f72c3c49e043dbc60a1020af300327b02919566ed309f9f034cae,1781480080764,2026-06-14T23:34:40.764Z,Close Long,,HYPE-USD,0xAB961d7C42BBcd454A54b342Bd191a8f090219E6,0xffffffffffffffffffffffffffffffffffffffff,-405.57,,,63.827,-25886.31639,0,0
PERP,0x10510eb1c67e304811ca043dbc60a1020af2009761714f1ab419ba0485720a32,1781480080764,2026-06-14T23:34:40.764Z,Close Long,,HYPE-USD,0xAB961d7C42BBcd454A54b342Bd191a8f090219E6,0xffffffffffffffffffffffffffffffffffffffff,-11.02,,,63.827,-703.3735399999999,0,0
PERP,0x5d7d9816acecedcc5ef7043dbc60a1020af100fc47e00c9e014643696be0c7b7,1781480080764,2026-06-14T23:34:40.764Z,Close Long,,HYPE-USD,0xAB961d7C42BBcd454A54b342Bd191a8f090219E6,0xffffffffffffffffffffffffffffffffffffffff,-19.48,,,63.827,-1243.34996,0,0
PERP,0xaaaa217b935bab50ac23043dbc60a1020af000612e5eca224e72ccce525f853b,1781480080764,2026-06-14T23:34:40.764Z,Close Long,,HYPE-USD,0xAB961d7C42BBcd454A54b342Bd191a8f090219E6,0xffffffffffffffffffffffffffffffffffffffff,-85.4,,,63.827,-5450.8258000000005,0,0
PERP,0xf7d6aae079ca68d4f950043dbc60a1020aef00c614cd87a79b9f563338ce42bf,1781480080764,2026-06-14T23:34:40.764Z,Close Long,,HYPE-USD,0xAB961d7C42BBcd454A54b342Bd191a8f090219E6,0xffffffffffffffffffffffffffffffffffffffff,-505.84,,,63.827,-32286.249679999997,0,0
PERP,0xc99a5bc7f2bfbe1bcb14043dbc60a102065600ad8db2dced6d63071ab1b39806,1781480080764,2026-06-14T23:34:40.764Z,Close Long,,HYPE-USD,0xAB961d7C42BBcd454A54b342Bd191a8f090219E6,0xffffffffffffffffffffffffffffffffffffffff,-45.92,,,63.827,-2930.93584,0,0
PERP,0x16c6e52cd92e7ba01840043dbc60a1020655001274219a72ba8f907f9822558a,1781480080764,2026-06-14T23:34:40.764Z,Close Long,,HYPE-USD,0xAB961d7C42BBcd454A54b342Bd191a8f090219E6,0xffffffffffffffffffffffffffffffffffffffff,-5,,,63.827,-319.135,0,0
PERP,0x63f36e91bf9d3924656d043dbc60a102065400775a9057f607bc19e47e91130f,1781480080764,2026-06-14T23:34:40.764Z,Close Long,,HYPE-USD,0xAB961d7C42BBcd454A54b342Bd191a8f090219E6,0xffffffffffffffffffffffffffffffffffffffff,-185.63,,,63.827,-11848.20601,0,0
PERP,0xb11ff7f6a60bf6a8b299043dbc60a102065300dc410f157a54e8a349650fd093,1781480080764,2026-06-14T23:34:40.764Z,Close Long,,HYPE-USD,0xAB961d7C42BBcd454A54b342Bd191a8f090219E6,0xffffffffffffffffffffffffffffffffffffffff,-39.25,,,63.827,-2505.20975,0,0
PERP,0xfe4c815b8c7ab42cffc6043dbc60a10206520041277dd2ffa2152cae4b7e8e17,1781480080764,2026-06-14T23:34:40.764Z,Close Long,,HYPE-USD,0xAB961d7C42BBcd454A54b342Bd191a8f090219E6,0xffffffffffffffffffffffffffffffffffffffff,-14.88,,,63.827,-949.74576,0,0
PERP,0x4b790ac072e971b14cf2043dbc60a102065100a60dec9083ef41b61331ed4b9b,1781480080764,2026-06-14T23:34:40.764Z,Close Long,,HYPE-USD,0xAB961d7C42BBcd454A54b342Bd191a8f090219E6,0xffffffffffffffffffffffffffffffffffffffff,-181.46,,,63.827,-11582.04742,0,0
PERP,0xe5d21d8a3fc6ecb9e74b043dbc60a102064f006fdaca0b8b899ac8dcfecac6a4,1781480080764,2026-06-14T23:34:40.764Z,Close Long,,HYPE-USD,0xAB961d7C42BBcd454A54b342Bd191a8f090219E6,0xffffffffffffffffffffffffffffffffffffffff,-41.87,,,63.827,-2672.4364899999996,0,0
PERP,0xcd57b9b8f3132546ced1043dbc60a102064c009e8e1644187120650bb216ff31,1781480080764,2026-06-14T23:34:40.764Z,Close Long,,HYPE-USD,0xAB961d7C42BBcd454A54b342Bd191a8f090219E6,0xffffffffffffffffffffffffffffffffffffffff,-38.69,,,63.827,-2469.46663,0,0
PERP,0x1a84431dd981e2cb1bfd043dbc60a102064b00037485019dbe4cee709885bcb5,1781480080764,2026-06-14T23:34:40.764Z,Close Long,,HYPE-USD,0xAB961d7C42BBcd454A54b342Bd191a8f090219E6,0xffffffffffffffffffffffffffffffffffffffff,-14.74,,,63.827,-940.80998,0,0
PERP,0x4f3668b1734cd8dc50b0043dbc60a102064700970e4ff7aef2ff14043240b2c6,1781480080764,2026-06-14T23:34:40.764Z,Close Long,,HYPE-USD,0xAB961d7C42BBcd454A54b342Bd191a8f090219E6,0xffffffffffffffffffffffffffffffffffffffff,-5.4,,,63.827,-344.6658,0,0
PERP,0x9c62f21659bb96609ddc043dbc60a102064600fbf4beb532402b9d6918bf704b,1781480080764,2026-06-14T23:34:40.764Z,Close Long,,HYPE-USD,0xAB961d7C42BBcd454A54b342Bd191a8f090219E6,0xffffffffffffffffffffffffffffffffffffffff,-16.62,,,63.827,-1060.80474,0,0
PERP,0x6b6e2a73c054077a6ce7043dbc60a102064000595b57264c0f36d5c67f57e165,1781480080764,2026-06-14T23:34:40.764Z,Close Long,,HYPE-USD,0xAB961d7C42BBcd454A54b342Bd191a8f090219E6,0xffffffffffffffffffffffffffffffffffffffff,-30.57,,,63.827,-1951.19139,0,0
PERP,0xa02050075a1efd8ba19a043dbc60a102063c00ecf5121c5d43e8fb5a1912d776,1781480080764,2026-06-14T23:34:40.764Z,Close Long,,HYPE-USD,0xAB961d7C42BBcd454A54b342Bd191a8f090219E6,0xffffffffffffffffffffffffffffffffffffffff,-9.02,,,63.827,-575.7195399999999,0,0
PERP,0x9d400cf8e88460bf9eb9043dbc609f02084500de83877f914108b84ba7883aaa,1781480080632,2026-06-14T23:34:40.632Z,Close Long,,HYPE-USD,0xAB961d7C42BBcd454A54b342Bd191a8f090219E6,0xffffffffffffffffffffffffffffffffffffffff,-16.83,,,63.827,-1074.20841,0,0
PERP,0xea6c965dcef31e43ebe6043dbc609f020844004369f63d158e3541b08df6f82e,1781480080632,2026-06-14T23:34:40.632Z,Close Long,,HYPE-USD,0xAB961d7C42BBcd454A54b342Bd191a8f090219E6,0xffffffffffffffffffffffffffffffffffffffff,-34.28,,,63.827,-2187.98956,0,0
PERP,0x84c5a9279bd0994c863f043dbc609f020842000d36d3b81e288e547a5ad47337,1781480080632,2026-06-14T23:34:40.632Z,Close Long,,HYPE-USD,0xAB961d7C42BBcd454A54b342Bd191a8f090219E6,0xffffffffffffffffffffffffffffffffffffffff,-14.8,,,63.827,-944.6396,0,0
PERP,0x3b567db3b5c542f33cd0043dbc609f020839009950c861c5df1f290674c91cdd,1781480080632,2026-06-14T23:34:40.632Z,Close Long,,HYPE-USD,0xAB961d7C42BBcd454A54b342Bd191a8f090219E6,0xffffffffffffffffffffffffffffffffffffffff,-200.5,,,63.827,-12797.3135,0,0
PERP,0xd5af907d82a2bdfbd729043dbc609f02083700631da5dccd79783bd041a697e6,1781480080632,2026-06-14T23:34:40.632Z,Close Long,,HYPE-USD,0xAB961d7C42BBcd454A54b342Bd191a8f090219E6,0xffffffffffffffffffffffffffffffffffffffff,-53.9,,,63.827,-3440.2753,0,0
PERP,0xf1e7523fcfb9ec99f361043dbc609f02083000256abd0b6c95affd928ebdc684,1781480080632,2026-06-14T23:34:40.632Z,Close Long,,HYPE-USD,0xAB961d7C42BBcd454A54b342Bd191a8f090219E6,0xffffffffffffffffffffffffffffffffffffffff,-379.44,,,63.827,-24218.51688,0,0
PERP,0xe764aa94cd963affe8de043dbc609b0204d2007a689959d18b2d55e78c9a14ea,1781480080365,2026-06-14T23:34:40.365Z,Close Long,,HYPE-USD,0xAB961d7C42BBcd454A54b342Bd191a8f090219E6,0xffffffffffffffffffffffffffffffffffffffff,-40.11,,,63.827,-2560.10097,0,0
PERP,0x160fb9cd533e76231789043dbc609a02060100b2ee3194f5b9d865201232500d,1781480080295,2026-06-14T23:34:40.295Z,Close Long,,HYPE-USD,0xAB961d7C42BBcd454A54b342Bd191a8f090219E6,0xffffffffffffffffffffffffffffffffffffffff,-34.28,,,63.827,-2187.98956,0,0
PERP,0xecdc81de8a721b36ee56043dbc60970202e400c425753a0890a52d314975f521,1781480080088,2026-06-14T23:34:40.088Z,Close Long,,HYPE-USD,0xAB961d7C42BBcd454A54b342Bd191a8f090219E6,0xffffffffffffffffffffffffffffffffffffffff,-157.5,,,63.827,-10052.7525,0,0
PERP,0x4fe2b4451559fab4515c043dbc6096020387002ab05d1986f3ab5f97d45dd49e,1781480080022,2026-06-14T23:34:40.022Z,Close Long,,HYPE-USD,0xAB961d7C42BBcd454A54b342Bd191a8f090219E6,0xffffffffffffffffffffffffffffffffffffffff,-372.03,,,63.827,-23745.55881,0,0
PERP,0x9d0f3da9fbc8b8389e88043dbc6096020386008f96cbd70a40d7e8fcbacc9223,1781480080022,2026-06-14T23:34:40.022Z,Close Long,,HYPE-USD,0xAB961d7C42BBcd454A54b342Bd191a8f090219E6,0xffffffffffffffffffffffffffffffffffffffff,-23.51,,,63.827,-1500.57277,0,0
PERP,0xea3bc70ee23775bcebb5043dbc609602038500f47d3a948e8e047261a13b4fa7,1781480080022,2026-06-14T23:34:40.022Z,Close Long,,HYPE-USD,0xAB961d7C42BBcd454A54b342Bd191a8f090219E6,0xffffffffffffffffffffffffffffffffffffffff,-210.81,,,63.827,-13455.36987,0,0
PERP,0xb946ff6c48dfe6d6bac0043dbc609602037f0051e3d305a85d0faabf07d3c0c1,1781480080022,2026-06-14T23:34:40.022Z,Close Long,,HYPE-USD,0xAB961d7C42BBcd454A54b342Bd191a8f090219E6,0xffffffffffffffffffffffffffffffffffffffff,-5,,,63.827,-319.135,0,0
PERP,0x4f4c29a0b78eb1ab50c5043dbc609502046700865281d07df314d4f376828b95,1781480079954,2026-06-14T23:34:39.954Z,Close Long,,HYPE-USD,0xAB961d7C42BBcd454A54b342Bd191a8f090219E6,0xffffffffffffffffffffffffffffffffffffffff,-40.11,,,63.827,-2560.10097,0,0
PERP,0x9c78b3059dfd6f2f9df2043dbc609502046600eb38f08e0140415e585cf1491a,1781480079954,2026-06-14T23:34:39.954Z,Close Long,,HYPE-USD,0xAB961d7C42BBcd454A54b342Bd191a8f090219E6,0xffffffffffffffffffffffffffffffffffffffff,-72.67,,,63.827,-4638.3080899999995,0,0
PERP,0xe9a53c6a846c2cb3eb1e043dbc609502046500501f6f4b858d6de7bd4360069e,1781480079954,2026-06-14T23:34:39.954Z,Close Long,,HYPE-USD,0xAB961d7C42BBcd454A54b342Bd191a8f090219E6,0xffffffffffffffffffffffffffffffffffffffff,-55.39,,,63.827,-3535.3775299999998,0,0
PERP,0x36d1c5cf6adaea38384b043dbc609502046400b505de090ada9a712229dec422,1781480079954,2026-06-14T23:34:39.954Z,Close Long,,HYPE-USD,0xAB961d7C42BBcd454A54b342Bd191a8f090219E6,0xffffffffffffffffffffffffffffffffffffffff,-42.23,,,63.827,-2695.41421,0,0
PERP,0x83fe4f345149a7bc8578043dbc60950204630019ec4cc68e27c6fa87104d81a7,1781480079954,2026-06-14T23:34:39.954Z,Close Long,,HYPE-USD,0xAB961d7C42BBcd454A54b342Bd191a8f090219E6,0xffffffffffffffffffffffffffffffffffffffff,-28.02,,,63.827,-1788.43254,0,0
PERP,0xd12ad89937b86540d2a4043dbc6095020462007ed2bb841274f383ebf6bc3f2b,1781480079954,2026-06-14T23:34:39.954Z,Close Long,,HYPE-USD,0xAB961d7C42BBcd454A54b342Bd191a8f090219E6,0xffffffffffffffffffffffffffffffffffffffff,-23.66,,,63.827,-1510.14682,0,0
PERP,0x1e5761fe1e2722c51fd1043dbc609502046100e3b92a4197c2200d50dd2afcaf,1781480079954,2026-06-14T23:34:39.954Z,Close Long,,HYPE-USD,0xAB961d7C42BBcd454A54b342Bd191a8f090219E6,0xffffffffffffffffffffffffffffffffffffffff,-97.76,,,63.827,-6239.72752,0,0
PERP,0x6b83eb630495e0496cfd043dbc609502046000489f98ff1b0f4c96b5c399ba34,1781480079954,2026-06-14T23:34:39.954Z,Close Long,,HYPE-USD,0xAB961d7C42BBcd454A54b342Bd191a8f090219E6,0xffffffffffffffffffffffffffffffffffffffff,-17.46,,,63.827,-1114.41942,0,0
PERP,0xb8b074c7eb049dcdba2a043dbc609502045f00ad8607bc9f5c79201aaa0877b8,1781480079954,2026-06-14T23:34:39.954Z,Close Long,,HYPE-USD,0xAB961d7C42BBcd454A54b342Bd191a8f090219E6,0xffffffffffffffffffffffffffffffffffffffff,-34.28,,,63.827,-2187.98956,0,0
PERP,0x05dcfe2cd1735b520756043dbc609502045e00126c767a24a9a5a97f9077353c,1781480079954,2026-06-14T23:34:39.954Z,Close Long,,HYPE-USD,0xAB961d7C42BBcd454A54b342Bd191a8f090219E6,0xffffffffffffffffffffffffffffffffffffffff,-79.41,,,63.827,-5068.50207,0,0
PERP,0x53098791b7e218d65483043dbc609502045d007752e537a8f6d232e476e5f2c0,1781480079954,2026-06-14T23:34:39.954Z,Close Long,,HYPE-USD,0xAB961d7C42BBcd454A54b342Bd191a8f090219E6,0xffffffffffffffffffffffffffffffffffffffff,-372.34,,,63.827,-23765.345179999997,0,0
PERP,0xa03610f69e50d65aa1af043dbc609502045c00dc3953f52c43febc495d54b045,1781480079954,2026-06-14T23:34:39.954Z,Close Long,,HYPE-USD,0xAB961d7C42BBcd454A54b342Bd191a8f090219E6,0xffffffffffffffffffffffffffffffffffffffff,-27.65,,,63.827,-1764.8165499999998,0,0
PERP,0xed629a5b84cf93deeedc043dbc609502045b00411fc2b2b0912b45ae43c36dc9,1781480079954,2026-06-14T23:34:39.954Z,Close Long,,HYPE-USD,0xAB961d7C42BBcd454A54b342Bd191a8f090219E6,0xffffffffffffffffffffffffffffffffffffffff,-98.5,,,63.827,-6286.9595,0,0
PERP,0x3a8f23c06b3e51633c08043dbc609502045a00a606317035de57cf132a322b4d,1781480079954,2026-06-14T23:34:39.954Z,Close Long,,HYPE-USD,0xAB961d7C42BBcd454A54b342Bd191a8f090219E6,0xffffffffffffffffffffffffffffffffffffffff,-54.82,,,63.827,-3498.9961399999997,0,0
PERP,0xd4e8368a381bcc6bd661043dbc6095020458006fd31eeb3d78b0e1dcf71fa656,1781480079954,2026-06-14T23:34:39.954Z,Close Long,,HYPE-USD,0xAB961d7C42BBcd454A54b342Bd191a8f090219E6,0xffffffffffffffffffffffffffffffffffffffff,-468.8,,,63.827,-29922.0976,0,0
PERP,0x2214bfef1e8a89f0238e043dbc609502045700d4b98da8c2c5dd6b41dd8e63da,1781480079954,2026-06-14T23:34:39.954Z,Close Long,,HYPE-USD,0xAB961d7C42BBcd454A54b342Bd191a8f090219E6,0xffffffffffffffffffffffffffffffffffffffff,-22.51,,,63.827,-1436.74577,0,0
PERP,0x6f41495404f9477470bb043dbc609502045600399ffc66461309f4a6c3fd215f,1781480079954,2026-06-14T23:34:39.954Z,Close Long,,HYPE-USD,0xAB961d7C42BBcd454A54b342Bd191a8f090219E6,0xffffffffffffffffffffffffffffffffffffffff,-42.05,,,63.827,-2683.9253499999995,0,0
PERP,0xbc6dd2b8eb6804f8bde7043dbc6095020455009e866b23ca60367e0baa6bdee3,1781480079954,2026-06-14T23:34:39.954Z,Close Long,,HYPE-USD,0xAB961d7C42BBcd454A54b342Bd191a8f090219E6,0xffffffffffffffffffffffffffffffffffffffff,-1972.2,,,63.827,-125879.6094,0,0
PERP,0x099a5c1dd1d6c27d0b14043dbc609502045400036cd9e14fad63077090da9c67,1781480079954,2026-06-14T23:34:39.954Z,Close Long,,HYPE-USD,0xAB961d7C42BBcd454A54b342Bd191a8f090219E6,0xffffffffffffffffffffffffffffffffffffffff,-157.5,,,63.827,-10052.7525,0,0
PERP,0x56c6e582b84580015840043dbc6095020453006853489ed3fa8f90d5774959eb,1781480079954,2026-06-14T23:34:39.954Z,Close Long,,HYPE-USD,0xAB961d7C42BBcd454A54b342Bd191a8f090219E6,0xffffffffffffffffffffffffffffffffffffffff,-150.04,,,63.827,-9576.603079999999,0,0
PERP,0xa73907ee130c245ea8b2043dbc608f02057d00d3ae0f43304b01b340d20ffe49,1781480079560,2026-06-14T23:34:39.560Z,Close Long,,HYPE-USD,0xAB961d7C42BBcd454A54b342Bd191a8f090219E6,0xffffffffffffffffffffffffffffffffffffffff,-7.92,,,63.827,-505.50984,0,0
PERP,0x08538c4f865d8bd409cd043dbc6089020c1800352150aaa6ac1c37a2455165be,1781480079152,2026-06-14T23:34:39.152Z,Close Long,,HYPE-USD,0xAB961d7C42BBcd454A54b342Bd191a8f090219E6,0xffffffffffffffffffffffffffffffffffffffff,-0.31,,,63.827,-19.786369999999998,0,0
PERP,0x9860acef95b9eaf199da043dbc498702010800d530bd09c33c29584254bdc4dc,1781479674643,2026-06-14T23:27:54.643Z,order,,HYPE,0xAB961d7C42BBcd454A54b342Bd191a8f090219E6,limit,-10000,,,63.9,-639000,-1,0
PERP,0xb21e5b0231126b18b398043dbc481302087200e7cc1589ea55e70654f0164503,1781479649424,2026-06-14T23:27:29.424Z,Close Long,,HYPE-USD,0xAB961d7C42BBcd454A54b342Bd191a8f090219E6,0xffffffffffffffffffffffffffffffffffffffff,-29.18,,,63.92,-1865.1856,0,0
PERP,0xe6d08095cadd6129e84a043dbc481302086e007b65d07ffb8a992be889d13b14,1781479649424,2026-06-14T23:27:29.424Z,Close Long,,HYPE-USD,0xAB961d7C42BBcd454A54b342Bd191a8f090219E6,0xffffffffffffffffffffffffffffffffffffffff,-561.77,,,63.92,-35908.3384,0,0
PERP,0xce561cc47e2999b6cfcf043dbc481302086b00aa192cb888721ec8173d2d73a1,1781479649424,2026-06-14T23:27:29.424Z,Close Long,,HYPE-USD,0xAB961d7C42BBcd454A54b342Bd191a8f090219E6,0xffffffffffffffffffffffffffffffffffffffff,-459.64,,,63.92,-29380.1888,0,0
PERP,0xea8dde86cb30c854ec07043dbc4813020864006c6633e7268e5689d98a34a23f,1781479649424,2026-06-14T23:27:29.424Z,Close Long,,HYPE-USD,0xAB961d7C42BBcd454A54b342Bd191a8f090219E6,0xffffffffffffffffffffffffffffffffffffffff,-85.27,,,63.92,-5450.4583999999995,0,0
PERP,0x22fd620b655f25912477043dbc481302085600f100524463c6c60d5e2452ff7b,1781479649424,2026-06-14T23:27:29.424Z,Close Long,,HYPE-USD,0xAB961d7C42BBcd454A54b342Bd191a8f090219E6,0xffffffffffffffffffffffffffffffffffffffff,-488.64,,,63.92,-31233.8688,0,0
PERP,0x8c61ad3298d511b38ddb043dbc481302084e001833d83085302a588557d8eb9e,1781479649424,2026-06-14T23:27:29.424Z,Close Long,,HYPE-USD,0xAB961d7C42BBcd454A54b342Bd191a8f090219E6,0xffffffffffffffffffffffffffffffffffffffff,-81.17,,,63.92,-5188.3864,0,0
PERP,0x5b6ce58fff7d82cd5ce6043dbc481302084800759a70a19fff3590e2be715cb7,1781479649424,2026-06-14T23:27:29.424Z,Close Long,,HYPE-USD,0xAB961d7C42BBcd454A54b342Bd191a8f090219E6,0xffffffffffffffffffffffffffffffffffffffff,-43.94,,,63.92,-2808.6448,0,0
PERP,0xdd4b94887fa73662dec5043dbc4813020843006e1aaa553481143fdb3eab104d,1781479649424,2026-06-14T23:27:29.424Z,Close Long,,HYPE-USD,0xAB961d7C42BBcd454A54b342Bd191a8f090219E6,0xffffffffffffffffffffffffffffffffffffffff,-24.87,,,63.92,-1589.6904000000002,0,0
PERP,0xfd40b43bcd11cc2bfeba043dbc481302083200216814eafea1095f8e8c15a616,1781479649424,2026-06-14T23:27:29.424Z,Close Long,,HYPE-USD,0xAB961d7C42BBcd454A54b342Bd191a8f090219E6,0xffffffffffffffffffffffffffffffffffffffff,-50.75,,,63.92,-3243.94,0,0
PERP,0xcc4bec9933ba3d45cdc5043dbc481302082c007ecebd5c17701497ebf2be1730,1781479649424,2026-06-14T23:27:29.424Z,Close Long,,HYPE-USD,0xAB961d7C42BBcd454A54b342Bd191a8f090219E6,0xffffffffffffffffffffffffffffffffffffffff,-225.24,,,63.92,-14397.340800000002,0,0
PERP,0x4e2a9b91b3e3f0db4fa4043dbc481302082700774ee70fadf1f346e472e7cac5,1781479649424,2026-06-14T23:27:29.424Z,Close Long,,HYPE-USD,0xAB961d7C42BBcd454A54b342Bd191a8f090219E6,0xffffffffffffffffffffffffffffffffffffffff,-257.46,,,63.92,-16456.8432,0,0
PERP,0x1d35d3ef1a8c61f51eaf043dbc481302082100d4b58f80c7c0fe7f41d9803bdf,1781479649424,2026-06-14T23:27:29.424Z,Close Long,,HYPE-USD,0xAB961d7C42BBcd454A54b342Bd191a8f090219E6,0xffffffffffffffffffffffffffffffffffffffff,-11.7,,,63.92,-747.8639999999999,0,0
PERP,0x869a1f164e024e178813043dbc481302081900fbe9056ce92a62ca690d062802,1781479649424,2026-06-14T23:27:29.424Z,Close Long,,HYPE-USD,0xAB961d7C42BBcd454A54b342Bd191a8f090219E6,0xffffffffffffffffffffffffffffffffffffffff,-20.08,,,63.92,-1283.5136,0,0
PERP,0x20f331e01aefc920226c043dbc481302081700c5b5e2e7f2c4bbdd32d9e3a30a,1781479649424,2026-06-14T23:27:29.424Z,Close Long,,HYPE-USD,0xAB961d7C42BBcd454A54b342Bd191a8f090219E6,0xffffffffffffffffffffffffffffffffffffffff,-219.59,,,63.92,-14036.1928,0,0
PERP,0xbb4c44a9e7cd4428bcc6043dbc4813020815008f82c062fa5f14effca6c11e13,1781479649424,2026-06-14T23:27:29.424Z,Close Long,,HYPE-USD,0xAB961d7C42BBcd454A54b342Bd191a8f090219E6,0xffffffffffffffffffffffffffffffffffffffff,-84.04,,,63.92,-5371.836800000001,0,0
PERP,0x0878ce0ece3c01ad09f2043dbc481302081400f4693f207fac4179618d3fdb97,1781479649424,2026-06-14T23:27:29.424Z,Close Long,,HYPE-USD,0xAB961d7C42BBcd454A54b342Bd191a8f090219E6,0xffffffffffffffffffffffffffffffffffffffff,-113.08,,,63.92,-7228.0736,0,0
PERP,0x3d2af3a267f6f7be3ea4043dbc4813020810008802fa1690e0f39ef526fad1a8,1781479649424,2026-06-14T23:27:29.424Z,Close Long,,HYPE-USD,0xAB961d7C42BBcd454A54b342Bd191a8f090219E6,0xffffffffffffffffffffffffffffffffffffffff,-737.34,,,63.92,-47130.772800000006,0,0
PERP,0x24b08fd11b43304b262a043dbc481302080d00b6b6464f1dc8793b23da470a35,1781479649424,2026-06-14T23:27:29.424Z,Close Long,,HYPE-USD,0xAB961d7C42BBcd454A54b342Bd191a8f090219E6,0xffffffffffffffffffffffffffffffffffffffff,-117.31,,,63.92,-7498.4552,0,0
PERP,0x5962b564b50e265c5adc043dbc4813020809004a5001452efd2b60b774020046,1781479649424,2026-06-14T23:27:29.424Z,Close Long,,HYPE-USD,0xAB961d7C42BBcd454A54b342Bd191a8f090219E6,0xffffffffffffffffffffffffffffffffffffffff,-126.23,,,63.92,-8068.6216,0,0
PERP,0xf779261f824f088ff8f2043dbc48130207fd00051d4227629b41d1724142e27a,1781479649424,2026-06-14T23:27:29.424Z,Close Long,,HYPE-USD,0xAB961d7C42BBcd454A54b342Bd191a8f090219E6,0xffffffffffffffffffffffffffffffffffffffff,-10.87,,,63.92,-694.8104,0,0
PERP,0x44a5af8468bdc614461f043dbc48130207fc006a03b0e4e6e86e5ad727b19ffe,1781479649424,2026-06-14T23:27:29.424Z,Close Long,,HYPE-USD,0xAB961d7C42BBcd454A54b342Bd191a8f090219E6,0xffffffffffffffffffffffffffffffffffffffff,-66.87,,,63.92,-4274.330400000001,0,0
PERP,0x2c2b4bb31c09fea12da5043dbc48130207f90098b70d1d73cff3f705db0dd88b,1781479649424,2026-06-14T23:27:29.424Z,Close Long,,HYPE-USD,0xAB961d7C42BBcd454A54b342Bd191a8f090219E6,0xffffffffffffffffffffffffffffffffffffffff,-528.24,,,63.92,-33765.1008,0,0
PERP,0x994cf4cb4fe351ee9ac6043dbc48130207e700b0eae670c03d15a01e0ee72bd9,1781479649424,2026-06-14T23:27:29.424Z,Close Long,,HYPE-USD,0xAB961d7C42BBcd454A54b342Bd191a8f090219E6,0xffffffffffffffffffffffffffffffffffffffff,-23,,,63.92,-1470.16,0,0
PERP,0x68582d28b68bc30869d1043dbc48130207e1000e518ee1da0c20d87b758f9cf3,1781479649424,2026-06-14T23:27:29.424Z,Close Long,,HYPE-USD,0xAB961d7C42BBcd454A54b342Bd191a8f090219E6,0xffffffffffffffffffffffffffffffffffffffff,-6.41,,,63.92,-409.72720000000004,0,0
PERP,0x02b13ff283693e11042a043dbc48130207df00d81e6c5ce3a679eb45426d17fb,1781479649424,2026-06-14T23:27:29.424Z,Close Long,,HYPE-USD,0xAB961d7C42BBcd454A54b342Bd191a8f090219E6,0xffffffffffffffffffffffffffffffffffffffff,-6.82,,,63.92,-435.93440000000004,0,0
PERP,0x1ee901b4d0706caf2062043dbc48130207d8009a6b738b81c2b1ad078f744699,1781479649424,2026-06-14T23:27:29.424Z,Close Long,,HYPE-USD,0xAB961d7C42BBcd454A54b342Bd191a8f090219E6,0xffffffffffffffffffffffffffffffffffffffff,-7.68,,,63.92,-490.9056,0,0
PERP,0xb942147e9d5de7b7babb043dbc48130207d60064385106895d0abfd15c51c1a2,1781479649424,2026-06-14T23:27:29.424Z,Close Long,,HYPE-USD,0xAB961d7C42BBcd454A54b342Bd191a8f090219E6,0xffffffffffffffffffffffffffffffffffffffff,-27.99,,,63.92,-1789.1208,0,0
PERP,0x539b27486a3b62c05514043dbc48130207d4002e053e8192f763d29b293f3caa,1781479649424,2026-06-14T23:27:29.424Z,Close Long,,HYPE-USD,0xAB961d7C42BBcd454A54b342Bd191a8f090219E6,0xffffffffffffffffffffffffffffffffffffffff,-17.27,,,63.92,-1103.8984,0,0
PERP,0xa4850e9e510d876fa5fe043dbc48130207c90083ec00a641484db9f11001615a,1781479649424,2026-06-14T23:27:29.424Z,Close Long,,HYPE-USD,0xAB961d7C42BBcd454A54b342Bd191a8f090219E6,0xffffffffffffffffffffffffffffffffffffffff,-7.67,,,63.92,-490.26640000000003,0,0
PERP,0x2a211b87d19aa2302b9a043dbc48130207ba006d6c9dc102cde9c6da909e7c1a,1781479649424,2026-06-14T23:27:29.424Z,Close Long,,HYPE-USD,0xAB961d7C42BBcd454A54b342Bd191a8f090219E6,0xffffffffffffffffffffffffffffffffffffffff,-8.14,,,63.92,-520.3088,0,0
PERP,0xc47a2e519e781d38c5f3043dbc48130207b80037397b3c0a6842d9a45d7bf723,1781479649424,2026-06-14T23:27:29.424Z,Close Long,,HYPE-USD,0xAB961d7C42BBcd454A54b342Bd191a8f090219E6,0xffffffffffffffffffffffffffffffffffffffff,-21.51,,,63.92,-1374.9192,0,0
PERP,0x11a6b7b684e6dabd1320043dbc48130207b7009c1fe9f98fb56f630943eab4a7,1781479649424,2026-06-14T23:27:29.424Z,Close Long,,HYPE-USD,0xAB961d7C42BBcd454A54b342Bd191a8f090219E6,0xffffffffffffffffffffffffffffffffffffffff,-11.29,,,63.92,-721.6568,0,0
PERP,0xf92c53e538331349faa6043dbc48130207b400cad336321c9cf4ff37f736ed34,1781479649424,2026-06-14T23:27:29.424Z,Close Long,,HYPE-USD,0xAB961d7C42BBcd454A54b342Bd191a8f090219E6,0xffffffffffffffffffffffffffffffffffffffff,-7.38,,,63.92,-471.7296,0,0
PERP,0x62909f0c6bb8ff6c640a043dbc48130207ac00f206bc1e3e06594a5f2abcd957,1781479649424,2026-06-14T23:27:29.424Z,Close Long,,HYPE-USD,0xAB961d7C42BBcd454A54b342Bd191a8f090219E6,0xffffffffffffffffffffffffffffffffffffffff,-18.86,,,63.92,-1205.5312,0,0
PERP,0xe82cabf5ec461a2ce9a6043dbc481302079d00db874938fe8bf55748ab49f417,1781479649424,2026-06-14T23:27:29.424Z,Close Long,,HYPE-USD,0xAB961d7C42BBcd454A54b342Bd191a8f090219E6,0xffffffffffffffffffffffffffffffffffffffff,-51.8,,,63.92,-3311.056,0,0
PERP,0x6a0b5aee6c7fcdc26b85043dbc481302079800d40772ec940dd406412b73a7ad,1781479649424,2026-06-14T23:27:29.424Z,Close Long,,HYPE-USD,0xAB961d7C42BBcd454A54b342Bd191a8f090219E6,0xffffffffffffffffffffffffffffffffffffffff,-45.74,,,63.92,-2923.7008,0,0
PERP,0x5190f71d1fcc064f530a043dbc48130207950002bacf2521f559a26fdecfe039,1781479649424,2026-06-14T23:27:29.424Z,Close Long,,HYPE-USD,0xAB961d7C42BBcd454A54b342Bd191a8f090219E6,0xffffffffffffffffffffffffffffffffffffffff,-131.26,,,63.92,-8390.1392,0,0
PERP,0xebea09e6eca98157ed63043dbc481302079300cc87aca0298fb2b539abad5b42,1781479649424,2026-06-14T23:27:29.424Z,Close Long,,HYPE-USD,0xAB961d7C42BBcd454A54b342Bd191a8f090219E6,0xffffffffffffffffffffffffffffffffffffffff,-740.37,,,63.92,-47324.4504,0,0
PERP,0x3916934bd3183edc3a90043dbc481302079200316e1b5daedcdf3e9e921c18c6,1781479649424,2026-06-14T23:27:29.424Z,Close Long,,HYPE-USD,0xAB961d7C42BBcd454A54b342Bd191a8f090219E6,0xffffffffffffffffffffffffffffffffffffffff,-426.6,,,63.92,-27268.272,0,0
PERP,0xadb2f84607b8607faf2c043dbc481302076c002ba2bb7f51517ba398c6bc3a6a,1781479649424,2026-06-14T23:27:29.424Z,Close Long,,HYPE-USD,0xAB961d7C42BBcd454A54b342Bd191a8f090219E6,0xffffffffffffffffffffffffffffffffffffffff,-12.96,,,63.92,-828.4032000000001,0,0
PERP,0x95389474bb04990c96b2043dbc4813020769005a5607b7de39013fc77a0872f7,1781479649424,2026-06-14T23:27:29.424Z,Close Long,,HYPE-USD,0xAB961d7C42BBcd454A54b342Bd191a8f090219E6,0xffffffffffffffffffffffffffffffffffffffff,-15.15,,,63.92,-968.388,0,0
PERP,0x6443ccd221ad0a2665bd043dbc481302076300b7bca028f8080c7824e0a0e411,1781479649424,2026-06-14T23:27:29.424Z,Close Long,,HYPE-USD,0xAB961d7C42BBcd454A54b342Bd191a8f090219E6,0xffffffffffffffffffffffffffffffffffffffff,-49.5,,,63.92,-3164.04,0,0
PERP,0xb1705637081bc7aab2ea043dbc4813020762001ca31ee67c55390189c71fa195,1781479649424,2026-06-14T23:27:29.424Z,Close Long,,HYPE-USD,0xAB961d7C42BBcd454A54b342Bd191a8f090219E6,0xffffffffffffffffffffffffffffffffffffffff,-10.47,,,63.92,-669.2424000000001,0,0
PERP,0x7b797f6a181372fb7cf3043dbc4812020a27004fb31691cd1f422abcd7174ce6,1781479649342,2026-06-14T23:27:29.342Z,Close Long,,HYPE-USD,0xAB961d7C42BBcd454A54b342Bd191a8f090219E6,0xffffffffffffffffffffffffffffffffffffffff,-18.56,,,63.92,-1186.3552,0,0
PERP,0xe4ddca914b995f1de657043dbc4812020a1f0076e69c7def88a675e40a9d3908,1781479649342,2026-06-14T23:27:29.342Z,Close Long,,HYPE-USD,0xAB961d7C42BBcd454A54b342Bd191a8f090219E6,0xffffffffffffffffffffffffffffffffffffffff,-13,,,63.92,-830.96,0,0
PERP,0x91e9d4d9e9c350249363043dbc48120206fa00bf84c66ef635b2802ca8c72a0f,1781479649342,2026-06-14T23:27:29.342Z,Close Long,,HYPE-USD,0xAB961d7C42BBcd454A54b342Bd191a8f090219E6,0xffffffffffffffffffffffffffffffffffffffff,-17.76,,,63.92,-1135.2192000000002,0,0
PERP,0x7d2ccef99d72efdc7ea6043dbc48120206ed00df38760eae20f57a4c5c76c9c7,1781479649342,2026-06-14T23:27:29.342Z,Close Long,,HYPE-USD,0xAB961d7C42BBcd454A54b342Bd191a8f090219E6,0xffffffffffffffffffffffffffffffffffffffff,-27.84,,,63.92,-1779.5328,0,0
PERP,0x4c380757041b60f64db1043dbc48120206e7003c9f1e7fc8f000b2a9c31f3ae0,1781479649342,2026-06-14T23:27:29.342Z,Close Long,,HYPE-USD,0xAB961d7C42BBcd454A54b342Bd191a8f090219E6,0xffffffffffffffffffffffffffffffffffffffff,-469.53,,,63.92,-30012.3576,0,0
PERP,0x6fea84fb51e95dea7164043dbc48120206cc00e0ecec7cbc13b3304e10ed37d5,1781479649342,2026-06-14T23:27:29.342Z,Close Long,,HYPE-USD,0xAB961d7C42BBcd454A54b342Bd191a8f090219E6,0xffffffffffffffffffffffffffffffffffffffff,-398.83,,,63.92,-25493.2136,0,0
PERP,0x5eeadd0c05fc64cd6064043dbc48120206b500f1a0ff839f02b3885ec4f03eb8,1781479649342,2026-06-14T23:27:29.342Z,Close Long,,HYPE-USD,0xAB961d7C42BBcd454A54b342Bd191a8f090219E6,0xffffffffffffffffffffffffffffffffffffffff,-73.99,,,63.92,-4729.440799999999,0,0
PERP,0x8a181692548130178b91043dbc48120206860077ef844ee92de0c1e513850a02,1781479649342,2026-06-14T23:27:29.342Z,Close Long,,HYPE-USD,0xAB961d7C42BBcd454A54b342Bd191a8f090219E6,0xffffffffffffffffffffffffffffffffffffffff,-1.8,,,63.92,-115.05600000000001,0,0
PERP,0x0bf6c58ad4bae3ad0d70043dbc481202068100706fbe027fafbf70dd93bebd97,1781479649342,2026-06-14T23:27:29.342Z,Close Long,,HYPE-USD,0xAB961d7C42BBcd454A54b342Bd191a8f090219E6,0xffffffffffffffffffffffffffffffffffffffff,-127.14,,,63.92,-8126.7888,0,0
PERP,0x59234eefbb29a1315a9d043dbc481202068000d5562cc003fcebfa427a2d7b1b,1781479649342,2026-06-14T23:27:29.342Z,Close Long,,HYPE-USD,0xAB961d7C42BBcd454A54b342Bd191a8f090219E6,0xffffffffffffffffffffffffffffffffffffffff,-44.27,,,63.92,-2829.7384,0,0
PERP,0xe27cb9ca3c1a231ce3f6043dbc481202066700afd71d41ee8645651cfb1dfd07,1781479649342,2026-06-14T23:27:29.342Z,Close Long,,HYPE-USD,0xAB961d7C42BBcd454A54b342Bd191a8f090219E6,0xffffffffffffffffffffffffffffffffffffffff,-10.75,,,63.92,-687.14,0,0
PERP,0xf36daa2127fedef3f4e7043dbc47ea02049d0006c2f1fdc697365573e6f2b8de,1781479646704,2026-06-14T23:27:26.704Z,Close Long,,HYPE-USD,0xAB961d7C42BBcd454A54b342Bd191a8f090219E6,0xffffffffffffffffffffffffffffffffffffffff,-4.28,,,63.92,-273.5776,0,0
PERP,0x5ba501c96f49ab2b5d1e043dbc47e802036400af0a4cc9fdff6dad1c2e4d8515,1781479646570,2026-06-14T23:27:26.570Z,Close Long,,HYPE-USD,0xAB961d7C42BBcd454A54b342Bd191a8f090219E6,0xffffffffffffffffffffffffffffffffffffffff,-8.64,,,63.92,-552.2688,0,0
PERP,0xdbd7ce8f4013c258dd51043dbc47e402020d0074db16e12a7fa079e1ff179c43,1781479646292,2026-06-14T23:27:26.292Z,Close Long,,HYPE-USD,0xAB961d7C42BBcd454A54b342Bd191a8f090219E6,0xffffffffffffffffffffffffffffffffffffffff,-157.5,,,63.92,-10067.4,0,0
PERP,0xb737a2173083b87db8b1043dbc47e302057100fccb86d74f5b004d69ef879268,1781479646227,2026-06-14T23:27:26.227Z,Close Long,,HYPE-USD,0xAB961d7C42BBcd454A54b342Bd191a8f090219E6,0xffffffffffffffffffffffffffffffffffffffff,-4.45,,,63.92,-284.444,0,0
PERP,0x3a4ab1eb72e86c773bc4043dbc47e102021100d10deb8b49de135d3e31ec4661,1781479646094,2026-06-14T23:27:26.094Z,Close Long,,HYPE-USD,0xAB961d7C42BBcd454A54b342Bd191a8f090219E6,0xffffffffffffffffffffffffffffffffffffffff,-157.5,,,63.92,-10067.4,0,0
PERP,0xb8b9dec42a40a889ba33043dbc47da02035a00a9c543c75b5c828a16e9448274,1781479645622,2026-06-14T23:27:25.622Z,Close Long,,HYPE-USD,0xAB961d7C42BBcd454A54b342Bd191a8f090219E6,0xffffffffffffffffffffffffffffffffffffffff,-6.6,,,63.92,-421.872,0,0
PERP,0xfb5c74eb08074621fcd6043dbc47da02019600d0a30a64f49f25203dc70b200c,1781479645622,2026-06-14T23:27:25.622Z,Close Long,,HYPE-USD,0xAB961d7C42BBcd454A54b342Bd191a8f090219E6,0xffffffffffffffffffffffffffffffffffffffff,-65.38,,,63.92,-4179.0896,0,0
PERP,0xb7b9c0fddf30655db933043dbc47cb020b0c00e37a33842f5b826c509e343f48,1781479644616,2026-06-14T23:27:24.616Z,Close Long,,HYPE-USD,0xAB961d7C42BBcd454A54b342Bd191a8f090219E6,0xffffffffffffffffffffffffffffffffffffffff,-20.3,,,63.92,-1297.576,0,0
PERP,0xdfd806bbc4bac35fe151043dbc47cb02032400a15fbde23183a0b20e83be9d4a,1781479644616,2026-06-14T23:27:24.616Z,Close Long,,HYPE-USD,0xAB961d7C42BBcd454A54b342Bd191a8f090219E6,0xffffffffffffffffffffffffffffffffffffffff,-158.93,,,63.92,-10158.805600000002,0,0
PERP,0x8f6b114e7b4cb54990e4043dbc47c20205620034164fd41b3333bca13a408f34,1781479643979,2026-06-14T23:27:23.979Z,Close Long,,HYPE-USD,0xAB961d7C42BBcd454A54b342Bd191a8f090219E6,0xffffffffffffffffffffffffffffffffffffffff,-15.26,,,63.92,-975.4192,0,0
PERP,0xdc979ab361bb72cdde11043dbc47c20205610098fcbe919f8060460620bf4cb8,1781479643979,2026-06-14T23:27:23.979Z,Close Long,,HYPE-USD,0xAB961d7C42BBcd454A54b342Bd191a8f090219E6,0xffffffffffffffffffffffffffffffffffffffff,-13.01,,,63.92,-831.5992,0,0
PERP,0x29c42418482a30522b3d043dbc47c202056000fde32d4f24cd8ccf6b072e0a3c,1781479643979,2026-06-14T23:27:23.979Z,Close Long,,HYPE-USD,0xAB961d7C42BBcd454A54b342Bd191a8f090219E6,0xffffffffffffffffffffffffffffffffffffffff,-64.88,,,63.92,-4147.1296,0,0
PERP,0x76f0ad7d2e98edd6786a043dbc47c202055f0062c99c0ca81ab958cfed9cc7c1,1781479643979,2026-06-14T23:27:23.979Z,Close Long,,HYPE-USD,0xAB961d7C42BBcd454A54b342Bd191a8f090219E6,0xffffffffffffffffffffffffffffffffffffffff,-31.93,,,63.92,-2040.9656,0,0
PERP,0xc41d36e21507ab5ac596043dbc47c202055e00c7b00aca2c67e5e234d40b8545,1781479643979,2026-06-14T23:27:23.979Z,Close Long,,HYPE-USD,0xAB961d7C42BBcd454A54b342Bd191a8f090219E6,0xffffffffffffffffffffffffffffffffffffffff,-77.32,,,63.92,-4942.2944,0,0
PERP,0x1149c046fb7668df12c3043dbc47c202055d002c967987b1b5126b99ba7a42c9,1781479643979,2026-06-14T23:27:23.979Z,Close Long,,HYPE-USD,0xAB961d7C42BBcd454A54b342Bd191a8f090219E6,0xffffffffffffffffffffffffffffffffffffffff,-568.62,,,63.92,-36346.1904,0,0
PERP,0x5e7649abe1e526635ff0043dbc47c202055c00917ce84535023ef4fea0e9004e,1781479643979,2026-06-14T23:27:23.979Z,Close Long,,HYPE-USD,0xAB961d7C42BBcd454A54b342Bd191a8f090219E6,0xffffffffffffffffffffffffffffffffffffffff,-9.47,,,63.92,-605.3224,0,0
PERP,0xaba2d310c853e3e7ad1c043dbc47c202055b00f6635702b94f6b7e638757bdd2,1781479643979,2026-06-14T23:27:23.979Z,Close Long,,HYPE-USD,0xAB961d7C42BBcd454A54b342Bd191a8f090219E6,0xffffffffffffffffffffffffffffffffffffffff,-65.28,,,63.92,-4172.6976,0,0
PERP,0xf8cf5c75aec2a16bfa49043dbc47c202055a005b49c5c03e9c9807c86dc67b56,1781479643979,2026-06-14T23:27:23.979Z,Close Long,,HYPE-USD,0xAB961d7C42BBcd454A54b342Bd191a8f090219E6,0xffffffffffffffffffffffffffffffffffffffff,-90.26,,,63.92,-5769.4192,0,0
PERP,0x45fbe5da95315ef04775043dbc47c202055900c030347dc2e9c4912d543538da,1781479643979,2026-06-14T23:27:23.979Z,Close Long,,HYPE-USD,0xAB961d7C42BBcd454A54b342Bd191a8f090219E6,0xffffffffffffffffffffffffffffffffffffffff,-76.75,,,63.92,-4905.860000000001,0,0
PERP,0x93286f3f7ba01c7494a2043dbc47c2020558002516a33b4636f11a923aa3f65f,1781479643979,2026-06-14T23:27:23.979Z,Close Long,,HYPE-USD,0xAB961d7C42BBcd454A54b342Bd191a8f090219E6,0xffffffffffffffffffffffffffffffffffffffff,-16.22,,,63.92,-1036.7824,0,0
PERP,0xfc8cba66af260896fe06043dbc47c2020550004c4a292769a05565b96e29e281,1781479643979,2026-06-14T23:27:23.979Z,Close Long,,HYPE-USD,0xAB961d7C42BBcd454A54b342Bd191a8f090219E6,0xffffffffffffffffffffffffffffffffffffffff,-20.66,,,63.92,-1320.5872,0,0
PERP,0x49b943cb9594c61b4b33043dbc47c202054f00b13097e4eded81ef1e5498a005,1781479643979,2026-06-14T23:27:23.979Z,Close Long,,HYPE-USD,0xAB961d7C42BBcd454A54b342Bd191a8f090219E6,0xffffffffffffffffffffffffffffffffffffffff,-19.17,,,63.92,-1225.3464000000001,0,0
PERP,0x5e36a0fac5a5ce6f5fb0043dbc47910201ad00e060a8ed4101ff4c4d84a9a85a,1781479640684,2026-06-14T23:27:20.684Z,Close Long,,HYPE-USD,0xAB961d7C42BBcd454A54b342Bd191a8f090219E6,0xffffffffffffffffffffffffffffffffffffffff,-0.37,,,63.92,-23.6504,0,0
PERP,0x99e97e7e8be0d9d79b63043dbc47500202b6006426e3f8a93db229d14ae4b3c2,1781479636324,2026-06-14T23:27:16.324Z,Close Long,,HYPE-USD,0xAB961d7C42BBcd454A54b342Bd191a8f090219E6,0xffffffffffffffffffffffffffffffffffffffff,-37.64,,,63.92,-2405.9488,0,0
PERP,0x21c61d3dc343e64c233f043dbc474a02023a00235e47051ec58ec8908247c036,1781479635922,2026-06-14T23:27:15.922Z,Close Long,,HYPE-USD,0xAB961d7C42BBcd454A54b342Bd191a8f090219E6,0xffffffffffffffffffffffffffffffffffffffff,-0.19,,,63.92,-12.1448,0,0
PERP,0xcc575c39c21bf6bacdd1043dbc4740020161001f5d1f158c7020078c811fd0a5,1781479635238,2026-06-14T23:27:15.238Z,Close Long,,HYPE-USD,0xAB961d7C42BBcd454A54b342Bd191a8f090219E6,0xffffffffffffffffffffffffffffffffffffffff,-56.3,,,63.92,-3598.696,0,0
PERP,0xb859d129fb9b2de4b9d3043dbc44f4020135000f969e4cb65c227c7cba9f07cf,1781479594990,2026-06-14T23:26:34.990Z,Close Long,,HYPE-USD,0xAB961d7C42BBcd454A54b342Bd191a8f090219E6,0xffffffffffffffffffffffffffffffffffffffff,-37.97,,,63.92,-2427.0424,0,0
PERP,0x8ad0b3daaedfbce08c4a043dbc44e502011400c049d2dbb22e995f2d6dd396cb,1781479593965,2026-06-14T23:26:33.965Z,Close Long,,HYPE-USD,0xAB961d7C42BBcd454A54b342Bd191a8f090219E6,0xffffffffffffffffffffffffffffffffffffffff,-19.74,,,63.92,-1261.7808,0,0
PERP,0x060d43c52cb4fb250787043dbc446d0202fa00aac7b819f7a9d5ef17ebb8d50f,1781479585833,2026-06-14T23:26:25.833Z,Close Long,,HYPE-USD,0xAB961d7C42BBcd454A54b342Bd191a8f090219E6,0xffffffffffffffffffffffffffffffffffffffff,-669.34,,,63.92,-42784.2128,0,0
PERP,0x3555c52f24e6a8b336cf043dbc44390202790014bfe9c785d91e7081e3ea829d,1781479582116,2026-06-14T23:26:22.116Z,order,,HYPE,0xAB961d7C42BBcd454A54b342Bd191a8f090219E6,limit,-10000,,,63.92,-639200,-1,0
PERP,0x30272f30ac5a0f5f31a0043dbc31710202f00016475d2e31d3efda836b5de949,1781479253470,2026-06-14T23:20:53.470Z,Close Long,,HYPE-USD,0xAB961d7C42BBcd454A54b342Bd191a8f090219E6,0xffffffffffffffffffffffffffffffffffffffff,-565.26,,,63.67,-35990.1042,0,0
PERP,0x2db568ae9a761eaf2f2f043dbc316e020771009435793d81d17e14015979f899,1781479253270,2026-06-14T23:20:53.270Z,Close Long,,HYPE-USD,0xAB961d7C42BBcd454A54b342Bd191a8f090219E6,0xffffffffffffffffffffffffffffffffffffffff,-25,,,63.67,-1591.75,0,0
PERP,0xfcc0a10c011e8fc8fe3a043dbc316e02076b00f19c11ae9ba0894c5ec01269b3,1781479253270,2026-06-14T23:20:53.270Z,Close Long,,HYPE-USD,0xAB961d7C42BBcd454A54b342Bd191a8f090219E6,0xffffffffffffffffffffffffffffffffffffffff,-125.13,,,63.67,-7967.0271,0,0
PERP,0x3f23d0bde4f0a836409d043dbc316d02041e00a37ff3c708e2ec7c10a3f48220,1781479253207,2026-06-14T23:20:53.207Z,Close Long,,HYPE-USD,0xAB961d7C42BBcd454A54b342Bd191a8f090219E6,0xffffffffffffffffffffffffffffffffffffffff,-14.86,,,63.67,-946.1362,0,0
PERP,0x451a96bb650104ea4694043dbc316b02025100a1000423bce8e3420e2404ded4,1781479253066,2026-06-14T23:20:53.066Z,Close Long,,HYPE-USD,0xAB961d7C42BBcd454A54b342Bd191a8f090219E6,0xffffffffffffffffffffffffffffffffffffffff,-5,,,63.67,-318.35,0,0
PERP,0x683689bb5503b8d569b0043dbc316a02031600a0f006d7a70bff350e140792c0,1781479252998,2026-06-14T23:20:52.998Z,Close Long,,HYPE-USD,0xAB961d7C42BBcd454A54b342Bd191a8f090219E6,0xffffffffffffffffffffffffffffffffffffffff,-519.37,,,63.67,-33068.2879,0,0
PERP,0x3741c218bbac29ef38bb043dbc316a02031000fe56af48c1db0a6d6b7aa003d9,1781479252998,2026-06-14T23:20:52.998Z,Close Long,,HYPE-USD,0xAB961d7C42BBcd454A54b342Bd191a8f090219E6,0xffffffffffffffffffffffffffffffffffffffff,-95.6,,,63.67,-6086.852,0,0
PERP,0xd19ad4e28889a4f7d314043dbc316a02030e00c8238cc3c975638035478d7ee2,1781479252998,2026-06-14T23:20:52.998Z,Close Long,,HYPE-USD,0xAB961d7C42BBcd454A54b342Bd191a8f090219E6,0xffffffffffffffffffffffffffffffffffffffff,-7.35,,,63.67,-467.9745,0,0
PERP,0x1ec75e476ef8627c2041043dbc316a02030d002d09fb814ec290099a2dfc3c66,1781479252998,2026-06-14T23:20:52.998Z,Close Long,,HYPE-USD,0xAB961d7C42BBcd454A54b342Bd191a8f090219E6,0xffffffffffffffffffffffffffffffffffffffff,-4.68,,,63.67,-297.9756,0,0
PERP,0x5af43fbd097a26e35c6d043dbc316a0202f500a2a47d45b5febceb0fc87e00cd,1781479252998,2026-06-14T23:20:52.998Z,Close Long,,HYPE-USD,0xAB961d7C42BBcd454A54b342Bd191a8f090219E6,0xffffffffffffffffffffffffffffffffffffffff,-4.6,,,63.67,-292.882,0,0
PERP,0xa820c921efe8e467a99a043dbc316a0202f400078aec03394be97474aeecbe52,1781479252998,2026-06-14T23:20:52.998Z,Close Long,,HYPE-USD,0xAB961d7C42BBcd454A54b342Bd191a8f090219E6,0xffffffffffffffffffffffffffffffffffffffff,-536.87,,,63.67,-34182.5129,0,0
PERP,0x4279dbebbcc65f7043f3043dbc316a0202f200d157c97e42e642873e7bca395a,1781479252998,2026-06-14T23:20:52.998Z,Close Long,,HYPE-USD,0xAB961d7C42BBcd454A54b342Bd191a8f090219E6,0xffffffffffffffffffffffffffffffffffffffff,-75.12,,,63.67,-4782.8904,0,0
PERP,0x29ff781a701297fd2b79043dbc316a0202ef00000b15b6cfcdc8236d2f1671e7,1781479252998,2026-06-14T23:20:52.998Z,Close Long,,HYPE-USD,0xAB961d7C42BBcd454A54b342Bd191a8f090219E6,0xffffffffffffffffffffffffffffffffffffffff,-10.18,,,63.67,-648.1606,0,0
PERP,0xc4588ae43cf01305c5d2043dbc316a0202ed00c9d7f331d768213636fbf3ecf0,1781479252998,2026-06-14T23:20:52.998Z,Close Long,,HYPE-USD,0xAB961d7C42BBcd454A54b342Bd191a8f090219E6,0xffffffffffffffffffffffffffffffffffffffff,-75.24,,,63.67,-4790.5307999999995,0,0
PERP,0xabde2712f04c4b92ad57043dbc316a0202ea00f88b4f6a644fa6d265af40257d,1781479252998,2026-06-14T23:20:52.998Z,Close Long,,HYPE-USD,0xAB961d7C42BBcd454A54b342Bd191a8f090219E6,0xffffffffffffffffffffffffffffffffffffffff,-3.33,,,63.67,-212.02110000000002,0,0
PERP,0x9363c341a398841f94dd043dbc316a0202e700273e9ba2f1372c6e94629c5e0a,1781479252998,2026-06-14T23:20:52.998Z,Close Long,,HYPE-USD,0xAB961d7C42BBcd454A54b342Bd191a8f090219E6,0xffffffffffffffffffffffffffffffffffffffff,-9.29,,,63.67,-591.4943,0,0
PERP,0xd61dd38f4c8a7c1cd797043dbc31690203130074e78d9aee79e67ee20b8e5607,1781479252932,2026-06-14T23:20:52.932Z,Close Long,,HYPE-USD,0xAB961d7C42BBcd454A54b342Bd191a8f090219E6,0xffffffffffffffffffffffffffffffffffffffff,-17.85,,,63.67,-1136.5095000000001,0,0
PERP,0x234a5cf432f939a124c4043dbc316902031200d9cdfc5873c7130846f1fd138b,1781479252932,2026-06-14T23:20:52.932Z,Close Long,,HYPE-USD,0xAB961d7C42BBcd454A54b342Bd191a8f090219E6,0xffffffffffffffffffffffffffffffffffffffff,-10.12,,,63.67,-644.3403999999999,0,0
PERP,0x57fc8287ccb42fb25976043dbc316902030e006d67b74e84fbc52dda8bb8099c,1781479252932,2026-06-14T23:20:52.932Z,Close Long,,HYPE-USD,0xAB961d7C42BBcd454A54b342Bd191a8f090219E6,0xffffffffffffffffffffffffffffffffffffffff,-17.44,,,63.67,-1110.4048,0,0
PERP,0x3f821eb68000683f40fb043dbc316902030b009c1b038711e34aca093f044229,1781479252932,2026-06-14T23:20:52.932Z,Close Long,,HYPE-USD,0xAB961d7C42BBcd454A54b342Bd191a8f090219E6,0xffffffffffffffffffffffffffffffffffffffff,-1.16,,,63.67,-73.85719999999999,0,0
PERP,0x8caea81b667f25c38e28043dbc316902030a0001017244953077536e2572ffae,1781479252932,2026-06-14T23:20:52.932Z,Close Long,,HYPE-USD,0xAB961d7C42BBcd454A54b342Bd191a8f090219E6,0xffffffffffffffffffffffffffffffffffffffff,-5.87,,,63.67,-373.7429,0,0
PERP,0xd9db31804cede347db54043dbc31690203090065e7e102197da3dcd30be1bd32,1781479252932,2026-06-14T23:20:52.932Z,Close Long,,HYPE-USD,0xAB961d7C42BBcd454A54b342Bd191a8f090219E6,0xffffffffffffffffffffffffffffffffffffffff,-22.03,,,63.67,-1402.6501,0,0
PERP,0xc160cdaf003a1bd4c2da043dbc316902030600949b3d3aa665297901bf3df5bf,1781479252932,2026-06-14T23:20:52.932Z,Close Long,,HYPE-USD,0xAB961d7C42BBcd454A54b342Bd191a8f090219E6,0xffffffffffffffffffffffffffffffffffffffff,-5.39,,,63.67,-343.18129999999996,0,0
PERP,0x0e8d5713e6a8d9591007043dbc316902030500f981abf82bb2560266a5acb343,1781479252932,2026-06-14T23:20:52.932Z,Close Long,,HYPE-USD,0xAB961d7C42BBcd454A54b342Bd191a8f090219E6,0xffffffffffffffffffffffffffffffffffffffff,-18.61,,,63.67,-1184.8987,0,0
PERP,0x5bb9e078cd1796dd5d33043dbc3169020304005e681ab5afff828bcb8c1b70c7,1781479252932,2026-06-14T23:20:52.932Z,Close Long,,HYPE-USD,0xAB961d7C42BBcd454A54b342Bd191a8f090219E6,0xffffffffffffffffffffffffffffffffffffffff,-35.22,,,63.67,-2242.4574,0,0
PERP,0xa8e669ddb3865461aa60043dbc316902030300c34e8973334caf1530728a2e4c,1781479252932,2026-06-14T23:20:52.932Z,Close Long,,HYPE-USD,0xAB961d7C42BBcd454A54b342Bd191a8f090219E6,0xffffffffffffffffffffffffffffffffffffffff,-54.32,,,63.67,-3458.5544,0,0
PERP,0x433f7ca78063cf6a44b9043dbc3169020301008d1b66ee3ce70827fa3f67a954,1781479252932,2026-06-14T23:20:52.932Z,Close Long,,HYPE-USD,0xAB961d7C42BBcd454A54b342Bd191a8f090219E6,0xffffffffffffffffffffffffffffffffffffffff,-10.06,,,63.67,-640.5202,0,0
PERP,0x906c060c66d28cee91e5043dbc316902030000f201d5abc03434b15f25d666d9,1781479252932,2026-06-14T23:20:52.932Z,Close Long,,HYPE-USD,0xAB961d7C42BBcd454A54b342Bd191a8f090219E6,0xffffffffffffffffffffffffffffffffffffffff,-37.65,,,63.67,-2397.1755,0,0
PERP,0x2ac518d633b007f72c3e043dbc31690202fe00bbceb326c9ce8dc428f2b3e1e1,1781479252932,2026-06-14T23:20:52.932Z,Close Long,,HYPE-USD,0xAB961d7C42BBcd454A54b342Bd191a8f090219E6,0xffffffffffffffffffffffffffffffffffffffff,-9.04,,,63.67,-575.5767999999999,0,0
PERP,0xc51e2ba0009d82ffc697043dbc31690202fc00859b90a1d168e6d6f2bf915cea,1781479252932,2026-06-14T23:20:52.932Z,Close Long,,HYPE-USD,0xAB961d7C42BBcd454A54b342Bd191a8f090219E6,0xffffffffffffffffffffffffffffffffffffffff,-6.52,,,63.67,-415.1284,0,0
PERP,0x124ab504e70c408413c4043dbc31690202fb00ea820f5f56b6136057a6001a6e,1781479252932,2026-06-14T23:20:52.932Z,Close Long,,HYPE-USD,0xAB961d7C42BBcd454A54b342Bd191a8f090219E6,0xffffffffffffffffffffffffffffffffffffffff,-50.72,,,63.67,-3229.3424,0,0
PERP,0x5f773e69cd7afe0860f0043dbc31690202fa004f687e1cda033fe9bc8c7ed7f3,1781479252932,2026-06-14T23:20:52.932Z,Close Long,,HYPE-USD,0xAB961d7C42BBcd454A54b342Bd191a8f090219E6,0xffffffffffffffffffffffffffffffffffffffff,-15.03,,,63.67,-956.9601,0,0
PERP,0xaca3c7ceb3e9bb8cae1d043dbc31690202f900b44eecda5e506c732172ed9577,1781479252932,2026-06-14T23:20:52.932Z,Close Long,,HYPE-USD,0xAB961d7C42BBcd454A54b342Bd191a8f090219E6,0xffffffffffffffffffffffffffffffffffffffff,-18.42,,,63.67,-1172.8014,0,0
PERP,0xf9d051339a587910fb4a043dbc31690202f80019355b97e39d98fc86595c52fb,1781479252932,2026-06-14T23:20:52.932Z,Close Long,,HYPE-USD,0xAB961d7C42BBcd454A54b342Bd191a8f090219E6,0xffffffffffffffffffffffffffffffffffffffff,-33.95,,,63.67,-2161.5965,0,0
PERP,0x46fcda9880c736954876043dbc31690202f7007e1bca5567eac585eb3fcb107f,1781479252932,2026-06-14T23:20:52.932Z,Close Long,,HYPE-USD,0xAB961d7C42BBcd454A54b342Bd191a8f090219E6,0xffffffffffffffffffffffffffffffffffffffff,-18.04,,,63.67,-1148.6068,0,0
PERP,0x942963fd6735f41995a3043dbc31690202f600e3023912eb37f20f502639ce04,1781479252932,2026-06-14T23:20:52.932Z,Close Long,,HYPE-USD,0xAB961d7C42BBcd454A54b342Bd191a8f090219E6,0xffffffffffffffffffffffffffffffffffffffff,-11.16,,,63.67,-710.5572000000001,0,0
PERP,0x2e8276c734136f222ffc043dbc31690202f400accf168df4d24b2219f317490c,1781479252932,2026-06-14T23:20:52.932Z,Close Long,,HYPE-USD,0xAB961d7C42BBcd454A54b342Bd191a8f090219E6,0xffffffffffffffffffffffffffffffffffffffff,-11.76,,,63.67,-748.7592,0,0
PERP,0x7baf002c1a822ca67d28043dbc31690202f30011b5854b781f77ab7ed9860691,1781479252932,2026-06-14T23:20:52.932Z,Close Long,,HYPE-USD,0xAB961d7C42BBcd454A54b342Bd191a8f090219E6,0xffffffffffffffffffffffffffffffffffffffff,-4.02,,,63.67,-255.9534,0,0
PERP,0xb06125bfb44d22b7b1da043dbc31690202ef00a54f4041895429d1127340fca2,1781479252932,2026-06-14T23:20:52.932Z,Close Long,,HYPE-USD,0xAB961d7C42BBcd454A54b342Bd191a8f090219E6,0xffffffffffffffffffffffffffffffffffffffff,-7.5,,,63.67,-477.52500000000003,0,0
PERP,0xfd8daf249abbe03bff07043dbc31690202ee000a35beff0ea1565a7759bfba26,1781479252932,2026-06-14T23:20:52.932Z,Close Long,,HYPE-USD,0xAB961d7C42BBcd454A54b342Bd191a8f090219E6,0xffffffffffffffffffffffffffffffffffffffff,-122.68,,,63.67,-7811.035600000001,0,0
PERP,0x4aba3889812a9dc04c33043dbc31690202ed006f1c2dbc92ee82e3dc402e77aa,1781479252932,2026-06-14T23:20:52.932Z,Close Long,,HYPE-USD,0xAB961d7C42BBcd454A54b342Bd191a8f090219E6,0xffffffffffffffffffffffffffffffffffffffff,-116.51,,,63.67,-7418.1917,0,0
PERP,0x323fd4b83476d64d33b9043dbc31690202ea009dcf79f51fd608800af37ab037,1781479252932,2026-06-14T23:20:52.932Z,Close Long,,HYPE-USD,0xAB961d7C42BBcd454A54b342Bd191a8f090219E6,0xffffffffffffffffffffffffffffffffffffffff,-19.77,,,63.67,-1258.7559,0,0
PERP,0x66f1fa4bce31cc5e686b043dbc31690202e600316934eb300abaa59e8d35a649,1781479252932,2026-06-14T23:20:52.932Z,Close Long,,HYPE-USD,0xAB961d7C42BBcd454A54b342Bd191a8f090219E6,0xffffffffffffffffffffffffffffffffffffffff,-24.53,,,63.67,-1561.8251,0,0
PERP,0xb41e83b0b4a089e2b598043dbc31690202e500964fa3a8b457e72f0373a463cd,1781479252932,2026-06-14T23:20:52.932Z,Close Long,,HYPE-USD,0xAB961d7C42BBcd454A54b342Bd191a8f090219E6,0xffffffffffffffffffffffffffffffffffffffff,-77.08,,,63.67,-4907.6836,0,0
PERP,0x014b0d159b1f476702c4043dbc31690202e400fb36126639a513b8685a132151,1781479252932,2026-06-14T23:20:52.932Z,Close Long,,HYPE-USD,0xAB961d7C42BBcd454A54b342Bd191a8f090219E6,0xffffffffffffffffffffffffffffffffffffffff,-23.92,,,63.67,-1522.9864000000002,0,0
PERP,0x9ba41fdf67fcc26f9d1d043dbc31690202e200c502ffe1413f6ccb3226f09c5a,1781479252932,2026-06-14T23:20:52.932Z,Close Long,,HYPE-USD,0xAB961d7C42BBcd454A54b342Bd191a8f090219E6,0xffffffffffffffffffffffffffffffffffffffff,-14.91,,,63.67,-949.3197,0,0
PERP,0xe8d0a9444e6b7ff3ea4a043dbc31690202e10029e96e9ec58c9954970d6f59de,1781479252932,2026-06-14T23:20:52.932Z,Close Long,,HYPE-USD,0xAB961d7C42BBcd454A54b342Bd191a8f090219E6,0xffffffffffffffffffffffffffffffffffffffff,-31.95,,,63.67,-2034.2565,0,0
PERP,0x35fd32a934da3d783776043dbc31690202e0008ecfdd5c4ad9c5ddfbf3de1762,1781479252932,2026-06-14T23:20:52.932Z,Close Long,,HYPE-USD,0xAB961d7C42BBcd454A54b342Bd191a8f090219E6,0xffffffffffffffffffffffffffffffffffffffff,-5.53,,,63.67,-352.0951,0,0
PERP,0x8329bc0e1b48fafc84a3043dbc31690202df00f3b64c19ce26f26760da4cd4e7,1781479252932,2026-06-14T23:20:52.932Z,Close Long,,HYPE-USD,0xAB961d7C42BBcd454A54b342Bd191a8f090219E6,0xffffffffffffffffffffffffffffffffffffffff,-5.94,,,63.67,-378.19980000000004,0,0
PERP,0x0f0692f9d74308781080043dbc314a02037a00df7246274ab2cf3e4c9646e262,1781479250815,2026-06-14T23:20:50.815Z,Close Long,,HYPE-USD,0xAB961d7C42BBcd454A54b342Bd191a8f090219E6,0xffffffffffffffffffffffffffffffffffffffff,-32.22,,,63.67,-2051.4474,0,0
PERP,0x0a0bf12c56a223280b85043dbc31450201b90011f1a541faadd49c7f15a5fd12,1781479250482,2026-06-14T23:20:50.482Z,Close Long,,HYPE-USD,0xAB961d7C42BBcd454A54b342Bd191a8f090219E6,0xffffffffffffffffffffffffffffffffffffffff,-942.35,,,63.67,-59999.4245,0,0
PERP,0xabdfbfd824466c86ad59043dbc31450201a300bdbf498b584fa86b2ae34a4671,1781479250482,2026-06-14T23:20:50.482Z,Close Long,,HYPE-USD,0xAB961d7C42BBcd454A54b342Bd191a8f090219E6,0xffffffffffffffffffffffffffffffffffffffff,-53.44,,,63.67,-3402.5248,0,0
PERP,0x10992004651256be1212043dbc31440201fd00ea00157590b461cb57241630a8,1781479250410,2026-06-14T23:20:50.410Z,Close Long,,HYPE-USD,0xAB961d7C42BBcd454A54b342Bd191a8f090219E6,0xffffffffffffffffffffffffffffffffffffffff,-29.8,,,63.67,-1897.366,0,0
PERP,0x4908a388ff30b3fa4a82043dbc31440201ef006e9a33d2ccecd14edbbe348de4,1781479250410,2026-06-14T23:20:50.410Z,Close Long,,HYPE-USD,0xAB961d7C42BBcd454A54b342Bd191a8f090219E6,0xffffffffffffffffffffffffffffffffffffffff,-16.5,,,63.67,-1050.555,0,0
PERP,0xe361b652cc1e2f02e4db043dbc31440201ed003867114dd4872a61a58b1208ed,1781479250410,2026-06-14T23:20:50.410Z,Close Long,,HYPE-USD,0xAB961d7C42BBcd454A54b342Bd191a8f090219E6,0xffffffffffffffffffffffffffffffffffffffff,-12.42,,,63.67,-790.7814,0,0
PERP,0x308e3fb7b28cec873207043dbc31440201ec009d4d800b59d456eb0a7180c671,1781479250410,2026-06-14T23:20:50.410Z,Close Long,,HYPE-USD,0xAB961d7C42BBcd454A54b342Bd191a8f090219E6,0xffffffffffffffffffffffffffffffffffffffff,-16.31,,,63.67,-1038.4577,0,0
PERP,0xcae752817f6a678fcc61043dbc31440201ea00671a6d86616eaffdd43e6e417a,1781479250410,2026-06-14T23:20:50.410Z,Close Long,,HYPE-USD,0xAB961d7C42BBcd454A54b342Bd191a8f090219E6,0xffffffffffffffffffffffffffffffffffffffff,-33.5,,,63.67,-2132.945,0,0
PERP,0x1813dbe665d92514198d043dbc31440201e900cc00dc43e6bbdc873924dcfefe,1781479250410,2026-06-14T23:20:50.410Z,Close Long,,HYPE-USD,0xAB961d7C42BBcd454A54b342Bd191a8f090219E6,0xffffffffffffffffffffffffffffffffffffffff,-20.12,,,63.67,-1281.0404,0,0
PERP,0xb26ceeb032b6a01cb3e6043dbc31440201e70095cdb9beee56359a02f1ba7a07,1781479250410,2026-06-14T23:20:50.410Z,Close Long,,HYPE-USD,0xAB961d7C42BBcd454A54b342Bd191a8f090219E6,0xffffffffffffffffffffffffffffffffffffffff,-44.84,,,63.67,-2854.9628000000002,0,0
PERP,0xff99781519255da00113043dbc31440201e600fab4287c73a3622367d829378b,1781479250410,2026-06-14T23:20:50.410Z,Close Long,,HYPE-USD,0xAB961d7C42BBcd454A54b342Bd191a8f090219E6,0xffffffffffffffffffffffffffffffffffffffff,-19.52,,,63.67,-1242.8384,0,0
PERP,0x4cc60179ff941b254e3f043dbc31440201e5005f9a9739f7f08eacccbe97f50f,1781479250410,2026-06-14T23:20:50.410Z,Close Long,,HYPE-USD,0xAB961d7C42BBcd454A54b342Bd191a8f090219E6,0xffffffffffffffffffffffffffffffffffffffff,-13.17,,,63.67,-838.5339,0,0
PERP,0x99f28adee602d8a99b6c043dbc31440201e400c48105f77b3dbb3631a506b294,1781479250410,2026-06-14T23:20:50.410Z,Close Long,,HYPE-USD,0xAB961d7C42BBcd454A54b342Bd191a8f090219E6,0xffffffffffffffffffffffffffffffffffffffff,-23.88,,,63.67,-1520.4396,0,0
PERP,0x344b9da8b2e053b235c5043dbc31440201e2008e4de37284d81448fb71e42d9c,1781479250410,2026-06-14T23:20:50.410Z,Close Long,,HYPE-USD,0xAB961d7C42BBcd454A54b342Bd191a8f090219E6,0xffffffffffffffffffffffffffffffffffffffff,-19.93,,,63.67,-1268.9431,0,0
PERP,0x8178270d995f113682f1043dbc31440201e100f3345230082540d2605852eb21,1781479250410,2026-06-14T23:20:50.410Z,Close Long,,HYPE-USD,0xAB961d7C42BBcd454A54b342Bd191a8f090219E6,0xffffffffffffffffffffffffffffffffffffffff,-176.34,,,63.67,-11227.5678,0,0
PERP,0xcea4b0727fcdcebad01e043dbc31440201e000581ac0ed8c726d5bc53ec1a8a5,1781479250410,2026-06-14T23:20:50.410Z,Close Long,,HYPE-USD,0xAB961d7C42BBcd454A54b342Bd191a8f090219E6,0xffffffffffffffffffffffffffffffffffffffff,-28.71,,,63.67,-1827.9657000000002,0,0
PERP,0xb9d163d32df9de8cbb4b043dbc312002076f00b8c8fcfd5e5d9a0f25ecfdb877,1781479247968,2026-06-14T23:20:47.968Z,Close Long,,HYPE-USD,0xAB961d7C42BBcd454A54b342Bd191a8f090219E6,0xffffffffffffffffffffffffffffffffffffffff,-32.18,,,63.67,-2048.9006,0,0
PERP,0x3f6d70bcae86f94d40e7043dbc312002076000a2498a181fe3361c0f6d8ad337,1781479247968,2026-06-14T23:20:47.968Z,Close Long,,HYPE-USD,0xAB961d7C42BBcd454A54b342Bd191a8f090219E6,0xffffffffffffffffffffffffffffffffffffffff,-44.84,,,63.67,-2854.9628000000002,0,0
PERP,0xdd83e1777bc7db80defd043dbc3120020754005d16cafa52814c8cca3acbb56b,1781479247968,2026-06-14T23:20:47.968Z,Close Long,,HYPE-USD,0xAB961d7C42BBcd454A54b342Bd191a8f090219E6,0xffffffffffffffffffffffffffffffffffffffff,-80.4,,,63.67,-5119.068,0,0
PERP,0xba36db9500229ac0bbb0043dbc31180207b2007a9b25b9925dff86e7bf2674ab,1781479247410,2026-06-14T23:20:47.410Z,Close Long,,HYPE-USD,0xAB961d7C42BBcd454A54b342Bd191a8f090219E6,0xffffffffffffffffffffffffffffffffffffffff,-34.27,,,63.67,-2181.9709000000003,0,0
PERP,0x548fee5ecd0015c95609043dbc31180207b000446803349bf85899b18c03efb3,1781479247410,2026-06-14T23:20:47.410Z,Close Long,,HYPE-USD,0xAB961d7C42BBcd454A54b342Bd191a8f090219E6,0xffffffffffffffffffffffffffffffffffffffff,-34.27,,,63.67,-2181.9709000000003,0,0
PERP,0x51c78ad494f329d75341043dbc31150202d600ba2ff648a9f590362753f703c1,1781479247179,2026-06-14T23:20:47.179Z,Close Long,,HYPE-USD,0xAB961d7C42BBcd454A54b342Bd191a8f090219E6,0xffffffffffffffffffffffffffffffffffffffff,-7.87,,,63.67,-501.0829,0,0
PERP,0x394d2703484f62643ac6043dbc31150202d300e8e3428136dd15d25607433c4e,1781479247179,2026-06-14T23:20:47.179Z,Close Long,,HYPE-USD,0xAB961d7C42BBcd454A54b342Bd191a8f090219E6,0xffffffffffffffffffffffffffffffffffffffff,-97.4,,,63.67,-6201.4580000000005,0,0
PERP,0x8679b0682ebe1fe887f3043dbc31150202d2004dc9b13eba2a425bbaedb1f9d3,1781479247179,2026-06-14T23:20:47.179Z,Close Long,,HYPE-USD,0xAB961d7C42BBcd454A54b342Bd191a8f090219E6,0xffffffffffffffffffffffffffffffffffffffff,-214.06,,,63.67,-13629.200200000001,0,0
PERP,0xd3a639cd152cdd6cd51f043dbc31150202d100b2b02ffc3e776ee51fd420b757,1781479247179,2026-06-14T23:20:47.179Z,Close Long,,HYPE-USD,0xAB961d7C42BBcd454A54b342Bd191a8f090219E6,0xffffffffffffffffffffffffffffffffffffffff,-21.95,,,63.67,-1397.5565,0,0
PERP,0xefddfb8f62340c0af157043dbc31150202ca0074fd372add93a6a6e22137e5f5,1781479247179,2026-06-14T23:20:47.179Z,Close Long,,HYPE-USD,0xAB961d7C42BBcd454A54b342Bd191a8f090219E6,0xffffffffffffffffffffffffffffffffffffffff,-22.65,,,63.67,-1442.1254999999999,0,0
PERP,0x3d0a84f448a2c98f3e84043dbc31150202c900d9e3a5e861e0d3304707a6a379,1781479247179,2026-06-14T23:20:47.179Z,Close Long,,HYPE-USD,0xAB961d7C42BBcd454A54b342Bd191a8f090219E6,0xffffffffffffffffffffffffffffffffffffffff,-7.67,,,63.67,-488.3489,0,0
PERP,0xd76397be15804497d8dd043dbc31150202c700a3b08363697b2c4310d4841e82,1781479247179,2026-06-14T23:20:47.179Z,Close Long,,HYPE-USD,0xAB961d7C42BBcd454A54b342Bd191a8f090219E6,0xffffffffffffffffffffffffffffffffffffffff,-11.4,,,63.67,-725.8380000000001,0,0
PERP,0x24902122fbff021c2609043dbc31150202c6000896f220eec858cc75baf2dc06,1781479247179,2026-06-14T23:20:47.179Z,Close Long,,HYPE-USD,0xAB961d7C42BBcd454A54b342Bd191a8f090219E6,0xffffffffffffffffffffffffffffffffffffffff,-39.19,,,63.67,-2495.2273,0,0
PERP,0xf39b598062977335f515043dbc31150202c00065fd9a9208976404d3219b4d20,1781479247179,2026-06-14T23:20:47.179Z,Close Long,,HYPE-USD,0xAB961d7C42BBcd454A54b342Bd191a8f090219E6,0xffffffffffffffffffffffffffffffffffffffff,-109.67,,,63.67,-6982.6889,0,0
PERP,0x8df46c4a2f74ee3e8f6e043dbc31150202be002fca780d1031bd179cee78c829,1781479247179,2026-06-14T23:20:47.179Z,Close Long,,HYPE-USD,0xAB961d7C42BBcd454A54b342Bd191a8f090219E6,0xffffffffffffffffffffffffffffffffffffffff,-85.02,,,63.67,-5413.2234,0,0
PERP,0x284d7f13fc52694729c7043dbc31150202bc00f997558819cc162a66bb564331,1781479247179,2026-06-14T23:20:47.179Z,Close Long,,HYPE-USD,0xAB961d7C42BBcd454A54b342Bd191a8f090219E6,0xffffffffffffffffffffffffffffffffffffffff,-9.23,,,63.67,-587.6741000000001,0,0
PERP,0x757a0878e2c126cb76f3043dbc31150202bb005e7dc4459d1942b3cba1c500b6,1781479247179,2026-06-14T23:20:47.179Z,Close Long,,HYPE-USD,0xAB961d7C42BBcd454A54b342Bd191a8f090219E6,0xffffffffffffffffffffffffffffffffffffffff,-24.3,,,63.67,-1547.181,0,0
PERP,0xc2a691ddc93fe44fc420043dbc31150202ba00c364330321666f3d308833be3a,1781479247179,2026-06-14T23:20:47.179Z,Close Long,,HYPE-USD,0xAB961d7C42BBcd454A54b342Bd191a8f090219E6,0xffffffffffffffffffffffffffffffffffffffff,-2.51,,,63.67,-159.8117,0,0
PERP,0xaa2c2e0c7c8c1cdcaba5043dbc31150202b700f2178f3bae4df4d95f3b8ff6c7,1781479247179,2026-06-14T23:20:47.179Z,Close Long,,HYPE-USD,0xAB961d7C42BBcd454A54b342Bd191a8f090219E6,0xffffffffffffffffffffffffffffffffffffffff,-19.36,,,63.67,-1232.6512,0,0
PERP,0xf758b77162fada60f8d2043dbc31150202b60056fdfdf9339b2162c421feb44b,1781479247179,2026-06-14T23:20:47.179Z,Close Long,,HYPE-USD,0xAB961d7C42BBcd454A54b342Bd191a8f090219E6,0xffffffffffffffffffffffffffffffffffffffff,-23.98,,,63.67,-1526.8066000000001,0,0
PERP,0xc431d355507ac443c5ab043dbc31130202d8003aeb7de31567fa7ea80f7e9e2e,1781479247055,2026-06-14T23:20:47.055Z,Close Long,,HYPE-USD,0xAB961d7C42BBcd454A54b342Bd191a8f090219E6,0xffffffffffffffffffffffffffffffffffffffff,-73.41,,,63.67,-4674.0147,0,0
PERP,0xabb76f8403c6fcd0ad31043dbc31130202d500699eca1ba24f801ad6c2cad6bb,1781479247055,2026-06-14T23:20:47.055Z,Close Long,,HYPE-USD,0xAB961d7C42BBcd454A54b342Bd191a8f090219E6,0xffffffffffffffffffffffffffffffffffffffff,-83.02,,,63.67,-5285.8834,0,0
PERP,0xf8e3f8e8ea35ba54fa5d043dbc31130202d400ce8538d9279caca43ba939943f,1781479247055,2026-06-14T23:20:47.055Z,Close Long,,HYPE-USD,0xAB961d7C42BBcd454A54b342Bd191a8f090219E6,0xffffffffffffffffffffffffffffffffffffffff,-61.33,,,63.67,-3904.8811,0,0
PERP,0x4610824dd0a477d9478a043dbc31130202d300336ba796abe9d92da08fa851c3,1781479247055,2026-06-14T23:20:47.055Z,Close Long,,HYPE-USD,0xAB961d7C42BBcd454A54b342Bd191a8f090219E6,0xffffffffffffffffffffffffffffffffffffffff,-19.33,,,63.67,-1230.7411,0,0
PERP,0x2d961e7c83f0b0662f0f043dbc31130202d000621ef3cf38d15ec9cf42f48a50,1781479247055,2026-06-14T23:20:47.055Z,Close Long,,HYPE-USD,0xAB961d7C42BBcd454A54b342Bd191a8f090219E6,0xffffffffffffffffffffffffffffffffffffffff,-21.31,,,63.67,-1356.8077,0,0
PERP,0xc7ef314650de2b6ec968043dbc31130202ce002bebd14a406bb7dc990fd20559,1781479247055,2026-06-14T23:20:47.055Z,Close Long,,HYPE-USD,0xAB961d7C42BBcd454A54b342Bd191a8f090219E6,0xffffffffffffffffffffffffffffffffffffffff,-84.83,,,63.67,-5401.1261,0,0
PERP,0x624844101dbba67763c2043dbc31130202cc00f5b8bec5490610ef62dcbf8062,1781479247055,2026-06-14T23:20:47.055Z,Close Long,,HYPE-USD,0xAB961d7C42BBcd454A54b342Bd191a8f090219E6,0xffffffffffffffffffffffffffffffffffffffff,-9.15,,,63.67,-582.5805,0,0
PERP,0x96fa69a3b7769c889874043dbc31130202c800895279bb5a3ac314f6767a7673,1781479247055,2026-06-14T23:20:47.055Z,Close Long,,HYPE-USD,0xAB961d7C42BBcd454A54b342Bd191a8f090219E6,0xffffffffffffffffffffffffffffffffffffffff,-5.5,,,63.67,-350.185,0,0
PERP,0xe426f3089de55a0ce5a0043dbc31130202c700ee38e878de87ef9e5b5ce933f7,1781479247055,2026-06-14T23:20:47.055Z,Close Long,,HYPE-USD,0xAB961d7C42BBcd454A54b342Bd191a8f090219E6,0xffffffffffffffffffffffffffffffffffffffff,-74.22,,,63.67,-4725.5874,0,0
PERP,0x31537c6d8454179132cd043dbc31130202c600531f573663d51c27c04357f17b,1781479247055,2026-06-14T23:20:47.055Z,Close Long,,HYPE-USD,0xAB961d7C42BBcd454A54b342Bd191a8f090219E6,0xffffffffffffffffffffffffffffffffffffffff,-507.3,,,63.67,-32299.791,0,0
PERP,0xcbac8f3751319299cd26043dbc31130202c4001cec34b16b6f753a8a10356c84,1781479247055,2026-06-14T23:20:47.055Z,Close Long,,HYPE-USD,0xAB961d7C42BBcd454A54b342Bd191a8f090219E6,0xffffffffffffffffffffffffffffffffffffffff,-555.32,,,63.67,-35357.22440000001,0,0
PERP,0x18d9189c37a0501e1a52043dbc31130202c30081d2a36ef0bca1c3eef6a42a08,1781479247055,2026-06-14T23:20:47.055Z,Close Long,,HYPE-USD,0xAB961d7C42BBcd454A54b342Bd191a8f090219E6,0xffffffffffffffffffffffffffffffffffffffff,-13.98,,,63.67,-890.1066000000001,0,0
PERP,0x6605a2011e1f0da2677f043dbc31130202c200e6b9122c7409ce4d53dd12e78d,1781479247055,2026-06-14T23:20:47.055Z,Close Long,,HYPE-USD,0xAB961d7C42BBcd454A54b342Bd191a8f090219E6,0xffffffffffffffffffffffffffffffffffffffff,-11.73,,,63.67,-746.8491,0,0
PERP,0xb3322b66048dcb26b4ab043dbc31130202c1004b9f80e9f856fad6b8c381a511,1781479247055,2026-06-14T23:20:47.055Z,Close Long,,HYPE-USD,0xAB961d7C42BBcd454A54b342Bd191a8f090219E6,0xffffffffffffffffffffffffffffffffffffffff,-34.84,,,63.67,-2218.2628000000004,0,0
PERP,0x35ef4bca252f97463769043dbc30bc02014e00afc022b618d9b7f71ce4237130,1781479241147,2026-06-14T23:20:41.147Z,Close Long,,HYPE-USD,0xAB961d7C42BBcd454A54b342Bd191a8f090219E6,0xffffffffffffffffffffffffffffffffffffffff,-3060.6799999999994,,,63.68251218029981,-1999.8747,0,0
PERP,0xf88a7fa4e7e3bf64fa04043dbc21680201fe008a82e6de379c532af7a6e7994f,1781478973356,2026-06-14T23:16:13.356Z,Close Long,,HYPE-USD,0xAB961d7C42BBcd454A54b342Bd191a8f090219E6,0xffffffffffffffffffffffffffffffffffffffff,-221.84,,,63.717,-14134.97928,0,0
PERP,0x45b70909ce527ce94730043dbc21680201fd00ef69559bbbe97fb45c8d5656d3,1781478973356,2026-06-14T23:16:13.356Z,Close Long,,HYPE-USD,0xAB961d7C42BBcd454A54b342Bd191a8f090219E6,0xffffffffffffffffffffffffffffffffffffffff,-62.47,,,63.717,-3980.4009899999996,0,0
PERP,0x14c2416734faee03163b043dbc21680201f7004ccffe0cd5b88aecb9f3fec7ed,1781478973356,2026-06-14T23:16:13.356Z,Close Long,,HYPE-USD,0xAB961d7C42BBcd454A54b342Bd191a8f090219E6,0xffffffffffffffffffffffffffffffffffffffff,-8.66,,,63.717,-551.78922,0,0
PERP,0xa3bb4e0fd20508c4a535043dbc216602027a00f56d0827964783f9629108e2af,1781478973223,2026-06-14T23:16:13.223Z,Close Long,,HYPE-USD,0xAB961d7C42BBcd454A54b342Bd191a8f090219E6,0xffffffffffffffffffffffffffffffffffffffff,-50.51,,,63.717,-3218.3456699999997,0,0
PERP,0x8b40ea3e855141518cba043dbc21660202770024205460232f09959144551b3c,1781478973223,2026-06-14T23:16:13.223Z,Close Long,,HYPE-USD,0xAB961d7C42BBcd454A54b342Bd191a8f090219E6,0xffffffffffffffffffffffffffffffffffffffff,-102.34,,,63.717,-6520.79778,0,0
PERP,0x2599fd08523ebc5a2713043dbc216602027500eded31db2cc962a85b11329644,1781478973223,2026-06-14T23:16:13.223Z,Close Long,,HYPE-USD,0xAB961d7C42BBcd454A54b342Bd191a8f090219E6,0xffffffffffffffffffffffffffffffffffffffff,-118.9,,,63.717,-7575.951300000001,0,0
PERP,0xdc2ad1946c236600dda4043dbc216602026c007a072684d27ff37ce72b273feb,1781478973223,2026-06-14T23:16:13.223Z,Close Long,,HYPE-USD,0xAB961d7C42BBcd454A54b342Bd191a8f090219E6,0xffffffffffffffffffffffffffffffffffffffff,-101.18,,,63.717,-6446.886060000001,0,0
PERP,0x7683e45e3900e10977fd043dbc216602026a0043d403ffdb1a4c8fb0f804baf4,1781478973223,2026-06-14T23:16:13.223Z,Close Long,,HYPE-USD,0xAB961d7C42BBcd454A54b342Bd191a8f090219E6,0xffffffffffffffffffffffffffffffffffffffff,-27.9,,,63.717,-1777.7042999999999,0,0
PERP,0x5e09808cec5d19965f83043dbc216602026700728750386801d22bdfab50f381,1781478973223,2026-06-14T23:16:13.223Z,Close Long,,HYPE-USD,0xAB961d7C42BBcd454A54b342Bd191a8f090219E6,0xffffffffffffffffffffffffffffffffffffffff,-54.05,,,63.717,-3443.9038499999997,0,0
PERP,0xf8629356b93a949ef9dc043dbc2166020265003c543db3719c2b3ea9783e6e89,1781478973223,2026-06-14T23:16:13.223Z,Close Long,,HYPE-USD,0xAB961d7C42BBcd454A54b342Bd191a8f090219E6,0xffffffffffffffffffffffffffffffffffffffff,-42.3,,,63.717,-2695.2290999999996,0,0
PERP,0x375f45b361c9257138d9043dbc216502029b0098fccc4443db27f10620ccff5b,1781478973158,2026-06-14T23:16:13.158Z,Close Long,,HYPE-USD,0xAB961d7C42BBcd454A54b342Bd191a8f090219E6,0xffffffffffffffffffffffffffffffffffffffff,-111.49,,,63.717,-7103.80833,0,0
PERP,0x848bcf184837e2f58605043dbc216502029a00fde33b01c728547a6b073bbce0,1781478973158,2026-06-14T23:16:13.158Z,Close Long,,HYPE-USD,0xAB961d7C42BBcd454A54b342Bd191a8f090219E6,0xffffffffffffffffffffffffffffffffffffffff,-18.7,,,63.717,-1191.5078999999998,0,0
PERP,0xd1b8587d2ea6a079d332043dbc21650202990062c9a9bf4b758103cfedaa7a64,1781478973158,2026-06-14T23:16:13.158Z,Close Long,,HYPE-USD,0xAB961d7C42BBcd454A54b342Bd191a8f090219E6,0xffffffffffffffffffffffffffffffffffffffff,-107.74,,,63.717,-6864.86958,0,0
PERP,0x1ee4e1e215155dfe205e043dbc216502029800c7b0187cd0c2ad8d34d41937e8,1781478973158,2026-06-14T23:16:13.158Z,Close Long,,HYPE-USD,0xAB961d7C42BBcd454A54b342Bd191a8f090219E6,0xffffffffffffffffffffffffffffffffffffffff,-79.3,,,63.717,-5052.7581,0,0
PERP,0x6c116b46fb841b826d8b043dbc2165020297002c96873a540fda1699ba87f56d,1781478973158,2026-06-14T23:16:13.158Z,Close Long,,HYPE-USD,0xAB961d7C42BBcd454A54b342Bd191a8f090219E6,0xffffffffffffffffffffffffffffffffffffffff,-75.05,,,63.717,-4781.9608499999995,0,0
PERP,0xa0c390da954f1193a23d043dbc216502029300c030423065448c3c2d5442eb7e,1781478973158,2026-06-14T23:16:13.158Z,Close Long,,HYPE-USD,0xAB961d7C42BBcd454A54b342Bd191a8f090219E6,0xffffffffffffffffffffffffffffffffffffffff,-50.66,,,63.717,-3227.9032199999997,0,0
PERP,0xedf01a3f7bbdcf17ef69043dbc2165020292002516b0ede991b8c5923ab1a902,1781478973158,2026-06-14T23:16:13.158Z,Close Long,,HYPE-USD,0xAB961d7C42BBcd454A54b342Bd191a8f090219E6,0xffffffffffffffffffffffffffffffffffffffff,-81.95,,,63.717,-5221.60815,0,0
PERP,0x0de539f2c92864e10f5e043dbc216502028100d8642b83b3b1ade545882c3ecb,1781478973158,2026-06-14T23:16:13.158Z,Close Long,,HYPE-USD,0xAB961d7C42BBcd454A54b342Bd191a8f090219E6,0xffffffffffffffffffffffffffffffffffffffff,-34.31,,,63.717,-2186.13027,0,0
PERP,0x918e90d7ca717d959308043dbc216402042300bd65749c6735573c2a89755780,1781478973092,2026-06-14T23:16:13.092Z,Close Long,,HYPE-USD,0xAB961d7C42BBcd454A54b342Bd191a8f090219E6,0xffffffffffffffffffffffffffffffffffffffff,-22.71,,,63.717,-1447.01307,0,0
PERP,0x136d3fd04aab312b14e6043dbc216402041e00b5e5ae4ffdb735eb2309af0b15,1781478973092,2026-06-14T23:16:13.092Z,Close Long,,HYPE-USD,0xAB961d7C42BBcd454A54b342Bd191a8f090219E6,0xffffffffffffffffffffffffffffffffffffffff,-20.25,,,63.717,-1290.26925,0,0
PERP,0xfaf2dbfefdf769b7fc6c043dbc216402041b00e498fa888a9ebb8751bcfb43a2,1781478973092,2026-06-14T23:16:13.092Z,Close Long,,HYPE-USD,0xAB961d7C42BBcd454A54b342Bd191a8f090219E6,0xffffffffffffffffffffffffffffffffffffffff,-49.35,,,63.717,-3144.43395,0,0
PERP,0x481f6563e466273c4999043dbc216402041a00497f69460eebe810b6a36a0126,1781478973092,2026-06-14T23:16:13.092Z,Close Long,,HYPE-USD,0xAB961d7C42BBcd454A54b342Bd191a8f090219E6,0xffffffffffffffffffffffffffffffffffffffff,-285.44,,,63.717,-18187.38048,0,0
PERP,0x954beec8cad4e4c096c5043dbc216402041900ae65d8039239149a1b89d8beab,1781478973092,2026-06-14T23:16:13.092Z,Close Long,,HYPE-USD,0xAB961d7C42BBcd454A54b342Bd191a8f090219E6,0xffffffffffffffffffffffffffffffffffffffff,-34.69,,,63.717,-2210.34273,0,0
PERP,0x33625f839815c6f434dc043dbc216402040d00693318e5c6d72b0ad65719a0de,1781478973092,2026-06-14T23:16:13.092Z,Close Long,,HYPE-USD,0xAB961d7C42BBcd454A54b342Bd191a8f090219E6,0xffffffffffffffffffffffffffffffffffffffff,-941.66,,,63.717,-59999.750219999994,0,0
PERP,0x27b9aa8f42090d4c2933043dbc215a0206b60074dd0c2c1ecb8255e2010ce736,1781478972497,2026-06-14T23:16:12.497Z,Close Long,,HYPE-USD,0xAB961d7C42BBcd454A54b342Bd191a8f090219E6,0xffffffffffffffffffffffffffffffffffffffff,-34.31,,,63.717,-2186.13027,0,0
PERP,0x60292e13dc276a8861a2043dbc215a0206a800f9772a895a03f1d9669b2b4473,1781478972497,2026-06-14T23:16:12.497Z,Close Long,,HYPE-USD,0xAB961d7C42BBcd454A54b342Bd191a8f090219E6,0xffffffffffffffffffffffffffffffffffffffff,-32.49,,,63.717,-2070.1653300000003,0,0
PERP,0xb4d0735ac35cf662b64a043dbc215a02069300405e50153458991ead8250d04d,1781478972497,2026-06-14T23:16:12.497Z,Close Long,,HYPE-USD,0xAB961d7C42BBcd454A54b342Bd191a8f090219E6,0xffffffffffffffffffffffffffffffffffffffff,-450.73,,,63.717,-28719.16341,0,0
PERP,0x9c6dcd43e0bb6da29de7043dbc215902029e00297bbe8c74403678969fbf478d,1781478972418,2026-06-14T23:16:12.418Z,Close Long,,HYPE-USD,0xAB961d7C42BBcd454A54b342Bd191a8f090219E6,0xffffffffffffffffffffffffffffffffffffffff,-35.16,,,63.717,-2240.2897199999998,0,0
PERP,0xe99a56a8c72a2b26eb14043dbc215902029d008e622d49f88d6301fb862e0511,1781478972418,2026-06-14T23:16:12.418Z,Close Long,,HYPE-USD,0xAB961d7C42BBcd454A54b342Bd191a8f090219E6,0xffffffffffffffffffffffffffffffffffffffff,-35.31,,,63.717,-2249.84727,0,0
PERP,0xd4dd50c87ad9caded657043dbc215902029000ae15dce9b078a5fc1b39dda4c9,1781478972418,2026-06-14T23:16:12.418Z,Close Long,,HYPE-USD,0xAB961d7C42BBcd454A54b342Bd191a8f090219E6,0xffffffffffffffffffffffffffffffffffffffff,-25.25,,,63.717,-1608.8542499999999,0,0
PERP,0x3e419befae5fb7013fbb043dbc215902028800d54952d5d3e20a47426d5390eb,1781478972418,2026-06-14T23:16:12.418Z,Close Long,,HYPE-USD,0xAB961d7C42BBcd454A54b342Bd191a8f090219E6,0xffffffffffffffffffffffffffffffffffffffff,-501.04,,,63.717,-31924.76568,0,0
PERP,0x5e36bba2fbca4cca5fb0043dbc2159020277008896cd6b9c01ff66f5bace26b5,1781478972418,2026-06-14T23:16:12.418Z,Close Long,,HYPE-USD,0xAB961d7C42BBcd454A54b342Bd191a8f090219E6,0xffffffffffffffffffffffffffffffffffffffff,-423.16,,,63.717,-26962.48572,0,0
PERP,0x7e2bdb564934e2937fa5043dbc2159020266003be438016521f486a90838bc7e,1781478972418,2026-06-14T23:16:12.418Z,Close Long,,HYPE-USD,0xAB961d7C42BBcd454A54b342Bd191a8f090219E6,0xffffffffffffffffffffffffffffffffffffffff,-9.26,,,63.717,-590.01942,0,0
PERP,0xe95ace69fdda33d4ead4043dbc2158020405004f98dd52a68d2379bcbcde0dbf,1781478972354,2026-06-14T23:16:12.354Z,Close Long,,HYPE-USD,0xAB961d7C42BBcd454A54b342Bd191a8f090219E6,0xffffffffffffffffffffffffffffffffffffffff,-0.27,,,63.717,-17.203590000000002,0,0
PERP,0xa82bff93dc231bcba9a5043dbc21570203f7007977263a9d4bf4aae69b26f5b6,1781478972288,2026-06-14T23:16:12.288Z,Close Long,,HYPE-USD,0xAB961d7C42BBcd454A54b342Bd191a8f090219E6,0xffffffffffffffffffffffffffffffffffffffff,-5.76,,,63.717,-367.00991999999997,0,0
PERP,0x9dfba45b5152a00b9f75043dbc215202038e0101ec55bedd41c44fae105679f6,1781478971950,2026-06-14T23:16:11.950Z,Close Long,,HYPE-USD,0xAB961d7C42BBcd454A54b342Bd191a8f090219E6,0xffffffffffffffffffffffffffffffffffffffff,-337.72,,,63.717,-21518.505240000002,0,0
PERP,0xc3092ebb3bcbb25ac482043dbc213202037a00a0d6ced12c66d1da0dfacf8c45,1781478969792,2026-06-14T23:16:09.792Z,Close Long,,HYPE-USD,0xAB961d7C42BBcd454A54b342Bd191a8f090219E6,0xffffffffffffffffffffffffffffffffffffffff,-0.19,,,63.717,-12.10623,0,0
PERP,0x6d2f432795d0b9376ea8043dbc210f0202b2000d30d3d80910f7ee7a54d49322,1781478967383,2026-06-14T23:16:07.383Z,Close Long,,HYPE-USD,0xAB961d7C42BBcd454A54b342Bd191a8f090219E6,0xffffffffffffffffffffffffffffffffffffffff,-919.31,,,63.717,-58575.67526999999,0,0
PERP,0xa031aebc0406b93fa1ab043dbc20f502028f00a19f09d81143fa5a0ec30a932a,1781478965535,2026-06-14T23:16:05.535Z,Close Long,,HYPE-USD,0xAB961d7C42BBcd454A54b342Bd191a8f090219E6,0xffffffffffffffffffffffffffffffffffffffff,-1000,,,63.717,-63717,0,0
PERP,0x957bf763507014ec96f5043dbc20dd0202660048eb7333be3944a2b60f73eed7,1781478963827,2026-06-14T23:16:03.827Z,Close Long,,HYPE-USD,0xAB961d7C42BBcd454A54b342Bd191a8f090219E6,0xffffffffffffffffffffffffffffffffffffffff,-0.79,,,63.717,-50.33643,0,0
PERP,0xba8179d362cd68d4bbfb043dbc20d602023600b8fdc087a65e4a252621c142bf,1781478963359,2026-06-14T23:16:03.359Z,Close Long,,HYPE-USD,0xAB961d7C42BBcd454A54b342Bd191a8f090219E6,0xffffffffffffffffffffffffffffffffffffffff,-10.8,,,63.717,-688.1436,0,0
PERP,0xf2a146856ef4e2abf41b043dbc20d20105005e6b09f8017e9669f1d82df8bc96,1781478963078,2026-06-14T23:16:03.078Z,Close Long,,HYPE-USD,0xAB961d7C42BBcd454A54b342Bd191a8f090219E6,0xffffffffffffffffffffffffffffffffffffffff,-0.23,,,63.717,-14.654910000000001,0,0
PERP,0x7426f64d34d2dea675a0043dbc20c702018a0032cfd5fd7817efa19ff3d6b891,1781478962331,2026-06-14T23:16:02.331Z,Close Long,,HYPE-USD,0xAB961d7C42BBcd454A54b342Bd191a8f090219E6,0xffffffffffffffffffffffffffffffffffffffff,-10.78,,,63.717,-686.8692599999999,0,0
PERP,0x749594a363f4fce9760f043dbc20c60201110088fef81bbb185e3ff622f8d6d4,1781478962262,2026-06-14T23:16:02.262Z,Close Long,,HYPE-USD,0xAB961d7C42BBcd454A54b342Bd191a8f090219E6,0xffffffffffffffffffffffffffffffffffffffff,-34.32,,,63.717,-2186.76744,0,0
PERP,0x9b4c480e0665f5a79cc6043dbc20b40202aa00f3a16914793f14f360c569cf92,1781478961029,2026-06-14T23:16:01.029Z,Close Long,,HYPE-USD,0xAB961d7C42BBcd454A54b342Bd191a8f090219E6,0xffffffffffffffffffffffffffffffffffffffff,-125.23,,,63.717,-7979.27991,0,0
PERP,0x5406127f3c89c476557f043dbc20af0203350064d78ce348f7cebdd1fb8d9e60,1781478960703,2026-06-14T23:16:00.703Z,Close Long,,HYPE-USD,0xAB961d7C42BBcd454A54b342Bd191a8f090219E6,0xffffffffffffffffffffffffffffffffffffffff,-12.81,,,63.717,-816.21477,0,0
PERP,0x84057d0c9840a4b8857f043dbc205201e20094f23343c38a27ce285f57447ea3,1781478954291,2026-06-14T23:15:54.291Z,Close Long,,HYPE-USD,0xAB961d7C42BBcd454A54b342Bd191a8f090219E6,0xffffffffffffffffffffffffffffffffffffffff,-958.4,,,63.717,-61066.3728,0,0
PERP,0x27a9426cc7c85ba42922043dbc20420202ea005262cb7a76cb71edbf86cc358e,1781478953220,2026-06-14T23:15:53.220Z,Close Long,,HYPE-USD,0xAB961d7C42BBcd454A54b342Bd191a8f090219E6,0xffffffffffffffffffffffffffffffffffffffff,-12.11,,,63.717,-771.6128699999999,0,0
PERP,0x15b308a8fc06d7df172c043dbc203a01f600208e9709f6b1b97bb3fbbb0ab1c9,1781478952684,2026-06-14T23:15:52.684Z,Close Long,,HYPE-USD,0xAB961d7C42BBcd454A54b342Bd191a8f090219E6,0xffffffffffffffffffffffffffffffffffffffff,-401.53,,,63.717,-25584.287009999996,0,0
PERP,0x7c27f5236c13a4ff7da1043dbc1fe00201e100090716c3d11ff0a0762b177eea,1781478946604,2026-06-14T23:15:46.604Z,Close Long,,HYPE-USD,0xAB961d7C42BBcd454A54b342Bd191a8f090219E6,0xffffffffffffffffffffffffffffffffffffffff,-0.01,,,63.717,-0.63717,0,0
PERP,0x985fb6e5b92ad39d99d9043dbc1fe00201da00cb542df26f3c286238782ead88,1781478946604,2026-06-14T23:15:46.604Z,Close Long,,HYPE-USD,0xAB961d7C42BBcd454A54b342Bd191a8f090219E6,0xffffffffffffffffffffffffffffffffffffffff,-0.83,,,63.717,-52.88511,0,0
PERP,0x63e941c46c8a7b3d6562043dbc1fcb0201a900aa078d9a0f07b1ed172b8e5528,1781478945148,2026-06-14T23:15:45.148Z,Close Long,,HYPE-USD,0xAB961d7C42BBcd454A54b342Bd191a8f090219E6,0xffffffffffffffffffffffffffffffffffffffff,-2.77,,,63.717,-176.49609,0,0
PERP,0xe5c7f0bcecb42ed2e741043dbc1fcb0201a400a287b74da489909c0fabb808bd,1781478945148,2026-06-14T23:15:45.148Z,Close Long,,HYPE-USD,0xAB961d7C42BBcd454A54b342Bd191a8f090219E6,0xffffffffffffffffffffffffffffffffffffffff,-1.19,,,63.717,-75.82323,0,0
PERP,0x093b07ec40ada69c0ab4043dbc1fca0000761fd1dba0c56ead03b33effa18086,1781478945066,2026-06-14T23:15:45.066Z,Close Long,,HYPE-USD,0xAB961d7C42BBcd454A54b342Bd191a8f090219E6,0xffffffffffffffffffffffffffffffffffffffff,-125.72,,,63.717,-2257.49331,0,0
PERP,0xa0a6d946c2d1c928a220043dbc1fab0203f6002c5dd4e7fa446f849981d5a313,1781478942931,2026-06-14T23:15:42.931Z,Close Long,,HYPE-USD,0xAB961d7C42BBcd454A54b342Bd191a8f090219E6,0xffffffffffffffffffffffffffffffffffffffff,-2.73,,,63.717,-173.94741,0,0
PERP,0x78ea554802c63fe07a64043dbc1f8d020a63002d9dc95eb21cb3009ac1ca19cb,1781478940913,2026-06-14T23:15:40.913Z,Close Long,,HYPE-USD,0xAB961d7C42BBcd454A54b342Bd191a8f090219E6,0xffffffffffffffffffffffffffffffffffffffff,-282.75,,,63.717,-18015.98175,0,0
PERP,0xb1ca166b68e1d364b343043dbba7c902036c013103e4f2365592c1be27e5ad4f,1781476840586,2026-06-14T22:40:40.586Z,order,,HYPE,0xAB961d7C42BBcd454A54b342Bd191a8f090219E6,limit,-1000,,,66,-66000,-1,0
PERP,0x03273040cc92c00d04a0043dbba7c902036c01306795dedfa6efdb938b9699f7,1781476840586,2026-06-14T22:40:40.586Z,order,,HYPE,0xAB961d7C42BBcd454A54b342Bd191a8f090219E6,limit,-1000,,,65.959,-65959,-1,0
PERP,0x54844a163043acb555fe043dbba7c902036c012fcb46cb87f84cf568ef47869f,1781476840586,2026-06-14T22:40:40.586Z,order,,HYPE,0xAB961d7C42BBcd454A54b342Bd191a8f090219E6,limit,-1000,,,65.918,-65918,-1,0
PERP,0xa5e163eb93f4995da75b043dbba7c902036c012e2ef7b82f49aa0f3e52f87348,1781476840586,2026-06-14T22:40:40.586Z,order,,HYPE,0xAB961d7C42BBcd454A54b342Bd191a8f090219E6,limit,-1000,,,65.878,-65878,-1,0
PERP,0xf73e7dc0f7a58605f8b8043dbba7c902036c012d92a8a4d89b072913b6a95ff0,1781476840586,2026-06-14T22:40:40.586Z,order,,HYPE,0xAB961d7C42BBcd454A54b342Bd191a8f090219E6,limit,-1000,,,65.837,-65837,-1,0
PERP,0x489b97965b5672ae4a15043dbba7c902036c012cf6599180ec6442e91a5a4c98,1781476840586,2026-06-14T22:40:40.586Z,order,,HYPE,0xAB961d7C42BBcd454A54b342Bd191a8f090219E6,limit,-1000,,,65.796,-65796,-1,0
PERP,0x99f8b16bbf075f569b72043dbba7c902036c012b5a0a7e283dc15cbe7e0b3941,1781476840586,2026-06-14T22:40:40.586Z,order,,HYPE,0xAB961d7C42BBcd454A54b342Bd191a8f090219E6,limit,-1000,,,65.755,-65755,-1,0
PERP,0xeb55cb4122b84bfeeccf043dbba7c902036c012abdbb6ad08f1e7693e1bc25e9,1781476840586,2026-06-14T22:40:40.586Z,order,,HYPE,0xAB961d7C42BBcd454A54b342Bd191a8f090219E6,limit,-1000,,,65.714,-65714,-1,0
PERP,0x3cb2e516866938a73e2c043dbba7c902036c0129216c5779e07b9069456d1291,1781476840586,2026-06-14T22:40:40.586Z,order,,HYPE,0xAB961d7C42BBcd454A54b342Bd191a8f090219E6,limit,-1000,,,65.673,-65673,-1,0
PERP,0x8e0ffeebea1a254f8f89043dbba7c902036c0128851d442131d8aa3ea91dff3a,1781476840586,2026-06-14T22:40:40.586Z,order,,HYPE,0xAB961d7C42BBcd454A54b342Bd191a8f090219E6,limit,-1000,,,65.633,-65633,-1,0
PERP,0xdf6d18c14dcb11f7e0e6043dbba7c902036c0127e8ce30c98335c4140cceebe2,1781476840586,2026-06-14T22:40:40.586Z,order,,HYPE,0xAB961d7C42BBcd454A54b342Bd191a8f090219E6,limit,-1000,,,65.592,-65592,-1,0
PERP,0x30ca3296b17bfea03243043dbba7c902036c01264c7f1d72d492dde9707fd88a,1781476840586,2026-06-14T22:40:40.586Z,order,,HYPE,0xAB961d7C42BBcd454A54b342Bd191a8f090219E6,limit,-1000,,,65.551,-65551,-1,0
PERP,0x82274c6c152ceb4883a1043dbba7c902036c0125b0200a1a25eff7bed420c533,1781476840586,2026-06-14T22:40:40.586Z,order,,HYPE,0xAB961d7C42BBcd454A54b342Bd191a8f090219E6,limit,-1000,,,65.51,-65510.00000000001,-1,0
PERP,0xd384664178ddd7f0d4fe043dbba7c902036c012413d0f6c2774d119437d1b1db,1781476840586,2026-06-14T22:40:40.586Z,order,,HYPE,0xAB961d7C42BBcd454A54b342Bd191a8f090219E6,limit,-1000,,,65.469,-65468.99999999999,-1,0
PERP,0x24e18016dc8ec499265b043dbba7c902036c01237781e36bc8aa2b699b829e83,1781476840586,2026-06-14T22:40:40.586Z,order,,HYPE,0xAB961d7C42BBcd454A54b342Bd191a8f090219E6,limit,-1000,,,65.429,-65429,-1,0
PERP,0x763e99ec403fb14177b8043dbba7c902036c0122db32d0131a07453eff338b2c,1781476840586,2026-06-14T22:40:40.586Z,order,,HYPE,0xAB961d7C42BBcd454A54b342Bd191a8f090219E6,limit,-1000,,,65.388,-65388.00000000001,-1,0
PERP,0xc79bb3c1a3e09de9c915043dbba7c902036c01213ee3bcbb6b645f1462e477d4,1781476840586,2026-06-14T22:40:40.586Z,order,,HYPE,0xAB961d7C42BBcd454A54b342Bd191a8f090219E6,limit,-1000,,,65.347,-65346.99999999999,-1,0
PERP,0x18f8cd9707918a921a72043dbba7c902036c0120a294a964bcc178e9c695647c,1781476840586,2026-06-14T22:40:40.586Z,order,,HYPE,0xAB961d7C42BBcd454A54b342Bd191a8f090219E6,limit,-1000,,,65.306,-65306,-1,0
PERP,0x6a55e76c6b42773a6bcf043dbba7c902036c011f0645960c0e1e92bf2a465125,1781476840586,2026-06-14T22:40:40.586Z,order,,HYPE,0xAB961d7C42BBcd454A54b342Bd191a8f090219E6,limit,-1000,,,65.265,-65265,-1,0
PERP,0xbbb30141cef363e2bd2c043dbba7c902036c011e69f682b45f7bac948df73dcd,1781476840586,2026-06-14T22:40:40.586Z,order,,HYPE,0xAB961d7C42BBcd454A54b342Bd191a8f090219E6,limit,-1000,,,65.224,-65224.00000000001,-1,0
PERP,0x0d101b1732a4508b0e89043dbba7c902036c011dcda76f5db0d8c669f1a82a75,1781476840586,2026-06-14T22:40:40.586Z,order,,HYPE,0xAB961d7C42BBcd454A54b342Bd191a8f090219E6,limit,-1000,,,65.184,-65184,-1,0
PERP,0x5e6d34ec96553d335fe6043dbba7c902036c011c31585c050235e03f5559171e,1781476840586,2026-06-14T22:40:40.586Z,order,,HYPE,0xAB961d7C42BBcd454A54b342Bd191a8f090219E6,limit,-1000,,,65.143,-65143,-1,0
PERP,0xafca4ec1fa0629dbb144043dbba7c902036c011b950948ad5392fa14b90a03c6,1781476840586,2026-06-14T22:40:40.586Z,order,,HYPE,0xAB961d7C42BBcd454A54b342Bd191a8f090219E6,limit,-1000,,,65.102,-65102.00000000001,-1,0
PERP,0x012768975db7168402a1043dbba7c902036c011af8ba3556a4f013ea1cbaf06e,1781476840586,2026-06-14T22:40:40.586Z,order,,HYPE,0xAB961d7C42BBcd454A54b342Bd191a8f090219E6,limit,-1000,,,65.061,-65061.00000000001,-1,0
PERP,0x5284826cc168032c53fe043dbba7c902036c01195c6b21fef64d2dbf806bdd16,1781476840586,2026-06-14T22:40:40.586Z,order,,HYPE,0xAB961d7C42BBcd454A54b342Bd191a8f090219E6,limit,-1000,,,65.02,-65019.99999999999,-1,0
PERP,0xa3e19c422518efd4a55b043dbba7c902036c0118c01c0ea647aa4794e41cc9bf,1781476840586,2026-06-14T22:40:40.586Z,order,,HYPE,0xAB961d7C42BBcd454A54b342Bd191a8f090219E6,limit,-1000,,,64.98,-64980.00000000001,-1,0
PERP,0xf53eb61788c9dc7cf6b8043dbba7c902036c011723ccfb4f9907616a47cdb667,1781476840586,2026-06-14T22:40:40.586Z,order,,HYPE,0xAB961d7C42BBcd454A54b342Bd191a8f090219E6,limit,-1000,,,64.939,-64938.99999999999,-1,0
PERP,0x469bcfecec7ac9254815043dbba7c902036c0116877de7f7ea647b3fab7ea30f,1781476840586,2026-06-14T22:40:40.586Z,order,,HYPE,0xAB961d7C42BBcd454A54b342Bd191a8f090219E6,limit,-1000,,,64.898,-64897.99999999999,-1,0
PERP,0x97f8e9c2502bb5cd9972043dbba7c902036c0115eb2ed49f3bc195150f2f8fb8,1781476840586,2026-06-14T22:40:40.586Z,order,,HYPE,0xAB961d7C42BBcd454A54b342Bd191a8f090219E6,limit,-1000,,,64.857,-64857,-1,0
PERP,0xe9560397b3dca275eacf043dbba7c902036c01144edfc1478d1eaeea72d07c60,1781476840586,2026-06-14T22:40:40.586Z,order,,HYPE,0xAB961d7C42BBcd454A54b342Bd191a8f090219E6,limit,-1000,,,64.816,-64816,-1,0
PERP,0x3ab31d6d178d8f1e3c2c043dbba7c902036c0113b280adf0de7bc8bfd6816908,1781476840586,2026-06-14T22:40:40.586Z,order,,HYPE,0xAB961d7C42BBcd454A54b342Bd191a8f090219E6,limit,-1000,,,64.776,-64775.99999999999,-1,0
PERP,0x8c1037427b3e7bc68d89043dbba7c902036c011216319a982fd8e2953a3255b1,1781476840586,2026-06-14T22:40:40.586Z,order,,HYPE,0xAB961d7C42BBcd454A54b342Bd191a8f090219E6,limit,-1000,,,64.735,-64735,-1,0
PERP,0xdd6d5117deef686edee7043dbba7c902036c011179e287408135fc6a9de34259,1781476840586,2026-06-14T22:40:40.586Z,order,,HYPE,0xAB961d7C42BBcd454A54b342Bd191a8f090219E6,limit,-1000,,,64.694,-64694,-1,0
PERP,0x2eca6aed429055173044043dbba7c902036c0110dd9373e9d293164001942f01,1781476840586,2026-06-14T22:40:40.586Z,order,,HYPE,0xAB961d7C42BBcd454A54b342Bd191a8f090219E6,limit,-1000,,,64.653,-64653.00000000001,-1,0
PERP,0x802784c2a64141bf81a1043dbba7c902036c010f4144609123f0301565451baa,1781476840586,2026-06-14T22:40:40.586Z,order,,HYPE,0xAB961d7C42BBcd454A54b342Bd191a8f090219E6,limit,-1000,,,64.612,-64611.99999999999,-1,0
PERP,0xd1849e9809f22e67d2fe043dbba7c902036c010ea4f54d39754d49eac8f60852,1781476840586,2026-06-14T22:40:40.586Z,order,,HYPE,0xAB961d7C42BBcd454A54b342Bd191a8f090219E6,limit,-1000,,,64.571,-64571,-1,0
PERP,0x22e1b86d6da31b10245b043dbba7c902036c010d08a639e2c6aa63c02ca6f4fa,1781476840586,2026-06-14T22:40:40.586Z,order,,HYPE,0xAB961d7C42BBcd454A54b342Bd191a8f090219E6,limit,-1000,,,64.531,-64531.00000000001,-1,0
PERP,0x743ed242d15407b875b8043dbba7c902036c010c6c57268a18077d959057e1a3,1781476840586,2026-06-14T22:40:40.586Z,order,,HYPE,0xAB961d7C42BBcd454A54b342Bd191a8f090219E6,limit,-1000,,,64.49,-64489.99999999999,-1,0
PERP,0xc59bec183504f460c715043dbba7c902036c010bd00813326964976af408ce4b,1781476840586,2026-06-14T22:40:40.586Z,order,,HYPE,0xAB961d7C42BBcd454A54b342Bd191a8f090219E6,limit,-1000,,,64.449,-64449,-1,0
PERP,0x16f905ed98b5e1091872043dbba7c902036c010a33b8ffdbbac1b14057b9baf3,1781476840586,2026-06-14T22:40:40.586Z,order,,HYPE,0xAB961d7C42BBcd454A54b342Bd191a8f090219E6,limit,-1000,,,64.408,-64408,-1,0
PERP,0x68561fc2fc66cdb169cf043dbba7c902036c01099769ec830c1ecb15bb6aa79c,1781476840586,2026-06-14T22:40:40.586Z,order,,HYPE,0xAB961d7C42BBcd454A54b342Bd191a8f090219E6,limit,-1000,,,64.367,-64367.00000000001,-1,0
PERP,0xb9b339986017ba59bb2c043dbba7c902036c0108fb1ad92b5d7be4eb1f1b9444,1781476840586,2026-06-14T22:40:40.586Z,order,,HYPE,0xAB961d7C42BBcd454A54b342Bd191a8f090219E6,limit,-1000,,,64.327,-64327,-1,0
PERP,0x0b10536dc3c8a7020c8a043dbba7c902036c01075ecbc5d4aed8fec082cc80ec,1781476840586,2026-06-14T22:40:40.586Z,order,,HYPE,0xAB961d7C42BBcd454A54b342Bd191a8f090219E6,limit,-1000,,,64.286,-64286,-1,0
PERP,0x5c6d6d43277993aa5de7043dbba7c902036c0106c27cb27c00361895e67d6d95,1781476840586,2026-06-14T22:40:40.586Z,order,,HYPE,0xAB961d7C42BBcd454A54b342Bd191a8f090219E6,limit,-1000,,,64.245,-64245.00000000001,-1,0
PERP,0xadca87188b2a8052af44043dbba7c902036c0105262d9f245193326b4a2e5a3d,1781476840586,2026-06-14T22:40:40.586Z,order,,HYPE,0xAB961d7C42BBcd454A54b342Bd191a8f090219E6,limit,-1000,,,64.204,-64203.99999999999,-1,0
PERP,0xff27a0edeedb6cfa00a1043dbba7c902036c010489de8bcda2f04c40addf46e5,1781476840586,2026-06-14T22:40:40.586Z,order,,HYPE,0xAB961d7C42BBcd454A54b342Bd191a8f090219E6,limit,-1000,,,64.163,-64163,-1,0
PERP,0x5084bac3528c59a351fe043dbba7c902036c0103ed8f7875f44d66161180338d,1781476840586,2026-06-14T22:40:40.586Z,order,,HYPE,0xAB961d7C42BBcd454A54b342Bd191a8f090219E6,limit,-1000,,,64.122,-64122,-1,0
PERP,0xa1e1d498b63d464ba35b043dbba7c902036c01025130651d45aa7feb75312036,1781476840586,2026-06-14T22:40:40.586Z,order,,HYPE,0xAB961d7C42BBcd454A54b342Bd191a8f090219E6,limit,-1000,,,64.082,-64081.99999999999,-1,0
PERP,0xf33eee6e19ee32f3f4b8043dbba7c902036c0101b4e151c6970799c0d8e20cde,1781476840586,2026-06-14T22:40:40.586Z,order,,HYPE,0xAB961d7C42BBcd454A54b342Bd191a8f090219E6,limit,-1000,,,64.041,-64041,-1,0
PERP,0x449c08437d9f1f9c4615043dbba7c902036c002918923e6ee864b3963c92f986,1781476840586,2026-06-14T22:40:40.586Z,order,,HYPE,0xAB961d7C42BBcd454A54b342Bd191a8f090219E6,limit,-1000,,,64,-64000,-1,0
PERP,0x5ea4d32b06c3cd1b601e043dbb29290203970010a1c6ebed026d7e7dc5c7a706,1781474620570,2026-06-14T22:03:40.570Z,Close Long,,HYPE-USD,0xAB961d7C42BBcd454A54b342Bd191a8f090219E6,0xffffffffffffffffffffffffffffffffffffffff,-34.3,,,63.6,-2181.48,0,0
PERP,0xe083822386fd80b0e1fd043dbb2929020392000921f09f82844c2d7645f15a9b,1781474620570,2026-06-14T22:03:40.570Z,Close Long,,HYPE-USD,0xAB961d7C42BBcd454A54b342Bd191a8f090219E6,0xffffffffffffffffffffffffffffffffffffffff,-168.06,,,63.6,-10688.616,0,0
PERP,0x661f8f0d078a9b716799043dbb292902038300f2a28dba4309e83a5fc68e755c,1781474620570,2026-06-14T22:03:40.570Z,Close Long,,HYPE-USD,0xAB961d7C42BBcd454A54b342Bd191a8f090219E6,0xffffffffffffffffffffffffffffffffffffffff,-391.77,,,63.6,-24916.572,0,0
PERP,0x9ad1b4a0a14591829c4b043dbb292902037f00863c48b0543e9a5ff360496b6d,1781474620570,2026-06-14T22:03:40.570Z,Close Long,,HYPE-USD,0xAB961d7C42BBcd454A54b342Bd191a8f090219E6,0xffffffffffffffffffffffffffffffffffffffff,-12.83,,,63.6,-815.988,0,0
PERP,0xcf83da343b008793d0fd043dbb292902037b0019d603a665734c8586fa04617e,1781474620570,2026-06-14T22:03:40.570Z,Close Long,,HYPE-USD,0xAB961d7C42BBcd454A54b342Bd191a8f090219E6,0xffffffffffffffffffffffffffffffffffffffff,-9.78,,,63.6,-622.0079999999999,0,0
PERP,0x69dcecfe07ee029c6b56043dbb292902037900e3a2e1216e0da59850c6e1dc87,1781474620570,2026-06-14T22:03:40.570Z,Close Long,,HYPE-USD,0xAB961d7C42BBcd454A54b342Bd191a8f090219E6,0xffffffffffffffffffffffffffffffffffffffff,-162.04,,,63.6,-10305.744,0,0
PERP,0xb7097662ee5cc020b883043dbb29290203780048895fdef25ad221b5ad509a0b,1781474620570,2026-06-14T22:03:40.570Z,Close Long,,HYPE-USD,0xAB961d7C42BBcd454A54b342Bd191a8f090219E6,0xffffffffffffffffffffffffffffffffffffffff,-34.99,,,63.6,-2225.364,0,0
PERP,0x3caa8e80b0c6ff013e24043dbb291a0209c200664bca1dd3e07339d36fcad8eb,1781474619559,2026-06-14T22:03:39.559Z,order,,HYPE,0xAB961d7C42BBcd454A54b342Bd191a8f090219E6,limit,-10000,,,63.6,-636000,-1,0
PERP,0x95871998b3ceba639700043dbb102e02030e007e4ec1d935394fc4eb72c2944e,1781474184615,2026-06-14T21:56:24.615Z,Close Long,,HYPE-USD,0xAB961d7C42BBcd454A54b342Bd191a8f090219E6,0xffffffffffffffffffffffffffffffffffffffff,-14.73,,,63.481,-935.0751300000001,0,0
PERP,0xe16f138e136b8b70e2e8043dbb102d0202dd0073ae6eaa428537bee0d26f655b,1781474184549,2026-06-14T21:56:24.549Z,Close Long,,HYPE-USD,0xAB961d7C42BBcd454A54b342Bd191a8f090219E6,0xffffffffffffffffffffffffffffffffffffffff,-51.18,,,63.481,-3248.9575800000002,0,0
PERP,0x361658d4fa91174b3790043dbb102d0202c800ba9594361dd9df0427b994f135,1781474184549,2026-06-14T21:56:24.549Z,Close Long,,HYPE-USD,0xAB961d7C42BBcd454A54b342Bd191a8f090219E6,0xffffffffffffffffffffffffffffffffffffffff,-66.33,,,63.481,-4210.69473,0,0
PERP,0xf38b3cd4e805d417f504043dbb102c02067c00ba8308f2ea9753e827a709ae02,1781474184481,2026-06-14T21:56:24.481Z,Close Long,,HYPE-USD,0xAB961d7C42BBcd454A54b342Bd191a8f090219E6,0xffffffffffffffffffffffffffffffffffffffff,-33.58,,,63.481,-2131.69198,0,0
PERP,0x62b737e235c9f5fd6430043dbb102c0203b800c7d0cd14cf067fe334f4cdcfe8,1781474184481,2026-06-14T21:56:24.481Z,Close Long,,HYPE-USD,0xAB961d7C42BBcd454A54b342Bd191a8f090219E6,0xffffffffffffffffffffffffffffffffffffffff,-55.21,,,63.481,-3504.7860100000003,0,0
PERP,0xd7539cdc6a6a17a0d8cd043dbb102c02039200c2056d36727b1c482f296df18b,1781474184481,2026-06-14T21:56:24.481Z,Close Long,,HYPE-USD,0xAB961d7C42BBcd454A54b342Bd191a8f090219E6,0xffffffffffffffffffffffffffffffffffffffff,-60.42,,,63.481,-3835.5220200000003,0,0
PERP,0x71acafa6374792a97326043dbb102c020390008bd24ab17b15755af8f64b6c94,1781474184481,2026-06-14T21:56:24.481Z,Close Long,,HYPE-USD,0xAB961d7C42BBcd454A54b342Bd191a8f090219E6,0xffffffffffffffffffffffffffffffffffffffff,-41.6,,,63.481,-2640.8096,0,0
PERP,0xa65ed539d10288baa7d8043dbb102c02038c001f6c05a78c4a27808c900662a5,1781474184481,2026-06-14T21:56:24.481Z,Close Long,,HYPE-USD,0xAB961d7C42BBcd454A54b342Bd191a8f090219E6,0xffffffffffffffffffffffffffffffffffffffff,-26.32,,,63.481,-1670.8199200000001,0,0
PERP,0xc29696fc1e19b758c410043dbb102c02038500e1b91cd62a665f424edd1d9143,1781474184481,2026-06-14T21:56:24.481Z,Close Long,,HYPE-USD,0xAB961d7C42BBcd454A54b342Bd191a8f090219E6,0xffffffffffffffffffffffffffffffffffffffff,-22.23,,,63.481,-1411.18263,0,0
PERP,0x3d80a28f97da15403efa043dbb102a02050b007532dd3412e1494de256ddef2a,1781474184348,2026-06-14T21:56:24.348Z,Close Long,,HYPE-USD,0xAB961d7C42BBcd454A54b342Bd191a8f090219E6,0xffffffffffffffffffffffffffffffffffffffff,-12.35,,,63.481,-783.99035,0,0
PERP,0xd7d9b55964b79048d953043dbb102a020509003effbaaf1a7ba260ac23bb6a33,1781474184348,2026-06-14T21:56:24.348Z,Close Long,,HYPE-USD,0xAB961d7C42BBcd454A54b342Bd191a8f090219E6,0xffffffffffffffffffffffffffffffffffffffff,-327.74,,,63.481,-20805.26294,0,0
PERP,0x7232c82331950b5173ac043dbb102a0205070008cc982a2315fb7375f098e53c,1781474184348,2026-06-14T21:56:24.348Z,Close Long,,HYPE-USD,0xAB961d7C42BBcd454A54b342Bd191a8f090219E6,0xffffffffffffffffffffffffffffffffffffffff,-62.92,,,63.481,-3994.22452,0,0
PERP,0x66bae27dc843fa306834043dbb1029020c6f0063634719020a838dd08747d41b,1781474184285,2026-06-14T21:56:24.285Z,Close Long,,HYPE-USD,0xAB961d7C42BBcd454A54b342Bd191a8f090219E6,0xffffffffffffffffffffffffffffffffffffffff,-215.08,,,63.481,-13653.493480000001,0,0
PERP,0x8d2d4608fe6ebbca8ea7043dbb102502033500ee9961da9c30f5f15bbd6295b5,1781474183994,2026-06-14T21:56:23.994Z,Close Long,,HYPE-USD,0xAB961d7C42BBcd454A54b342Bd191a8f090219E6,0xffffffffffffffffffffffffffffffffffffffff,-215.08,,,63.481,-13653.493480000001,0,0
PERP,0xcc9cd4d1a42fdd9ece16043dbb0ca502037100b73f22fc70706580246323b789,1781474122537,2026-06-14T21:55:22.537Z,Close Long,,HYPE-USD,0xAB961d7C42BBcd454A54b342Bd191a8f090219E6,0xffffffffffffffffffffffffffffffffffffffff,-3183.61,,,63.63,-202573.1043,0,0
PERP,0x250f5e5ccb5cf7b12689043dbb02bb02026e004266501683c8d809af8a50d19b,1781473949249,2026-06-14T21:52:29.249Z,Close Long,,HYPE-USD,0xAB961d7C42BBcd454A54b342Bd191a8f090219E6,0xffffffffffffffffffffffffffffffffffffffff,-5611.62,,,63.63,-357067.38060000003,0,0
PERP,0xe670e0dc5b23c1f4e7ea043dbb01d30205fb00c1f626e0c68a398c2f1a279bdf,1781473932659,2026-06-14T21:52:12.659Z,Close Long,,HYPE-USD,0xAB961d7C42BBcd454A54b342Bd191a8f090219E6,0xffffffffffffffffffffffffffffffffffffffff,-9119.59,,,63.52,-579276.3568000001,0,0
PERP,0x9b2d6b1cbf0b0c0f9ca7043dbb00880202a000025a0e2ae13ef6166f7e0ee5fa,1781473909765,2026-06-14T21:51:49.765Z,Close Long,,HYPE-USD,0xAB961d7C42BBcd454A54b342Bd191a8f090219E6,0xffffffffffffffffffffffffffffffffffffffff,-840.39,,,63.52,-53381.5728,0,0
PERP,0x0dcc3a46908448020f45043dbb0075020117002c2b8766d4b194e5994f8821ec,1781473908482,2026-06-14T21:51:48.482Z,Close Long,,HYPE-USD,0xAB961d7C42BBcd454A54b342Bd191a8f090219E6,0xffffffffffffffffffffffffffffffffffffffff,-38.49,,,63.52,-2444.8848000000003,0,0
PERP,0xca92733940c149a7cc0c043dbb0014020260001edbc468796e5b1e8bffc52392,1781473901981,2026-06-14T21:51:41.981Z,Close Long,,HYPE-USD,0xAB961d7C42BBcd454A54b342Bd191a8f090219E6,0xffffffffffffffffffffffffffffffffffffffff,-0.18,,,63.52,-11.4336,0,0
PERP,0xa86b370c7a3e2ca7a9e4043dbb001202029900f215314b794c33e25f39320692,1781473901861,2026-06-14T21:51:41.861Z,order,,HYPE,0xAB961d7C42BBcd454A54b342Bd191a8f090219E6,limit,-10000,,,63.52,-635200,-1,0
PERP,0x71286d7816a129c172a2043dbafeff020397005db1a4489314f118cad5a503ac,1781473883074,2026-06-14T21:51:23.074Z,order,,HYPE,0xAB961d7C42BBcd454A54b342Bd191a8f090219E6,limit,-10000,,,63.63,-636300,-1,0
PERP,0xedcb191a86836200ef44043dbaf0930202610000218680d29193c46d45873beb,1781473631463,2026-06-14T21:47:11.463Z,Close Long,,HYPE-USD,0xAB961d7C42BBcd454A54b342Bd191a8f090219E6,0xffffffffffffffffffffffffffffffffffffffff,-120.15,,,63.172,-7590.1158,0,0
PERP,0x9b148d0cf8c1724e9c8e043dbaf0890202d700f293c491203edd385fb7c54c39,1781473630787,2026-06-14T21:47:10.787Z,Close Long,,HYPE-USD,0xAB961d7C42BBcd454A54b342Bd191a8f090219E6,0xffffffffffffffffffffffffffffffffffffffff,-949.78,,,63.172,-59999.50216,0,0
PERP,0xbd722ae42bbb2491beeb043dbaf0850201f200c9c6be4363613ad636eabefe7c,1781473630518,2026-06-14T21:47:10.518Z,Close Long,,HYPE-USD,0xAB961d7C42BBcd454A54b342Bd191a8f090219E6,0xffffffffffffffffffffffffffffffffffffffff,-0.31,,,63.172,-19.58332,0,0
PERP,0xe528b8817a557c2de6a2043dbaf0820201bb006715589aff88f163d439595618,1781473630296,2026-06-14T21:47:10.296Z,Close Long,,HYPE-USD,0xAB961d7C42BBcd454A54b342Bd191a8f090219E6,0xffffffffffffffffffffffffffffffffffffffff,-101.93,,,63.172,-6439.12196,0,0
PERP,0x67076779fa8f2fc36881043dbaf0820201b6005f95824e950ad012ccb98309ae,1781473630296,2026-06-14T21:47:10.296Z,Close Long,,HYPE-USD,0xAB961d7C42BBcd454A54b342Bd191a8f090219E6,0xffffffffffffffffffffffffffffffffffffffff,-376.6,,,63.172,-23790.5752,0,0
PERP,0xb61634bbfcb41ef2b78f043dbaf08002025b00a197b73dc459dee00ebbb7f8dd,1781473630161,2026-06-14T21:47:10.161Z,Close Long,,HYPE-USD,0xAB961d7C42BBcd454A54b342Bd191a8f090219E6,0xffffffffffffffffffffffffffffffffffffffff,-949.78,,,63.172,-59999.50216,0,0
PERP,0x5f25370b01cf3f55609e043dbaf07f02039900f09cc25e2702ede25dc0c31940,1781473630096,2026-06-14T21:47:10.096Z,Close Long,,HYPE-USD,0xAB961d7C42BBcd454A54b342Bd191a8f090219E6,0xffffffffffffffffffffffffffffffffffffffff,-491.25,,,63.172,-31033.245,0,0
PERP,0xac51c06fe83dfcd9adcb043dbaf07f020398005583311bab501a6bc2a731d6c4,1781473630096,2026-06-14T21:47:10.096Z,Close Long,,HYPE-USD,0xAB961d7C42BBcd454A54b342Bd191a8f090219E6,0xffffffffffffffffffffffffffffffffffffffff,-24.99,,,63.172,-1578.6682799999999,0,0
PERP,0x93d75c9e9b8a35669551043dbaf07f0203950084368d543837a007f15a8e0f51,1781473630096,2026-06-14T21:47:10.096Z,Close Long,,HYPE-USD,0xAB961d7C42BBcd454A54b342Bd191a8f090219E6,0xffffffffffffffffffffffffffffffffffffffff,-1114.91,,,63.172,-70431.09452,0,0
PERP,0xe103e60381f8f2eae27d043dbaf07f02039400e91cfc11bc84cc915640fcccd5,1781473630096,2026-06-14T21:47:10.096Z,Close Long,,HYPE-USD,0xAB961d7C42BBcd454A54b342Bd191a8f090219E6,0xffffffffffffffffffffffffffffffffffffffff,-165.1,,,63.172,-10429.697199999999,0,0
PERP,0x2e306f686867b06f2faa043dbaf07f020393004e036acf41d1f91abb276b8a59,1781473630096,2026-06-14T21:47:10.096Z,Close Long,,HYPE-USD,0xAB961d7C42BBcd454A54b342Bd191a8f090219E6,0xffffffffffffffffffffffffffffffffffffffff,-69.34,,,63.172,-4380.34648,0,0
PERP,0x80e520749fc4ac64825e043dbaf07e02023e005a3ac7cb3624adcbc75ec8864f,1781473630028,2026-06-14T21:47:10.028Z,Close Long,,HYPE-USD,0xAB961d7C42BBcd454A54b342Bd191a8f090219E6,0xffffffffffffffffffffffffffffffffffffffff,-21.49,,,63.172,-1357.5662799999998,0,0
PERP,0xc3b6ccb2e35d70edc530043dbaf07c02016900987e508fbf677f7805a2514ad8,1781473629891,2026-06-14T21:47:09.891Z,Close Long,,HYPE-USD,0xAB961d7C42BBcd454A54b342Bd191a8f090219E6,0xffffffffffffffffffffffffffffffffffffffff,-165.1,,,63.172,-10429.697199999999,0,0
PERP,0xd0a93e14d184ad53d222043dbaf07802025800fa6c87cc257471e9679088873e,1781473629623,2026-06-14T21:47:09.623Z,Close Long,,HYPE-USD,0xAB961d7C42BBcd454A54b342Bd191a8f090219E6,0xffffffffffffffffffffffffffffffffffffffff,-949.78,,,63.172,-59999.50216,0,0
PERP,0x0cd61f8a6c0671bb0e4f043dbaf07802024000700709908db09ecadd2b0a4ba5,1781473629623,2026-06-14T21:47:09.623Z,Close Long,,HYPE-USD,0xAB961d7C42BBcd454A54b342Bd191a8f090219E6,0xffffffffffffffffffffffffffffffffffffffff,-37.87,,,63.172,-2392.3236399999996,0,0
PERP,0xe89b8c9dfe1a963aea15043dbaf06f0202f60083991db50c8c6437f0bd1e7025,1781473629004,2026-06-14T21:47:09.004Z,Close Long,,HYPE-USD,0xAB961d7C42BBcd454A54b342Bd191a8f090219E6,0xffffffffffffffffffffffffffffffffffffffff,-949.78,,,63.172,-59999.50216,0,0
PERP,0xb38214473bc1f038b4fb043dbaf06c0201d8002cd6c50f0a574abf99fac5ca23,1781473628802,2026-06-14T21:47:08.802Z,Close Long,,HYPE-USD,0xAB961d7C42BBcd454A54b342Bd191a8f090219E6,0xffffffffffffffffffffffffffffffffffffffff,-949.78,,,63.172,-59999.50216,0,0
PERP,0x574fc2c0bfc337ce58c9043dbaf06902016700a65ac656a0fb186e137ec711b8,1781473628601,2026-06-14T21:47:08.601Z,Close Long,,HYPE-USD,0xAB961d7C42BBcd454A54b342Bd191a8f090219E6,0xffffffffffffffffffffffffffffffffffffffff,-79.15,,,63.172,-5000.0638,0,0
PERP,0x0efd3a6e31d0a3261076043dbaf0680201f50053ccd3c1f8b2c5e5c0f0d47d10,1781473628535,2026-06-14T21:47:08.535Z,Close Long,,HYPE-USD,0xAB961d7C42BBcd454A54b342Bd191a8f090219E6,0xffffffffffffffffffffffffffffffffffffffff,-76.83,,,63.172,-4853.50476,0,0
PERP,0x7f1bef838333f6128095043dbaf05a02024100691e3714e422e49ad64237cffd,1781473627597,2026-06-14T21:47:07.597Z,Close Long,,HYPE-USD,0xAB961d7C42BBcd454A54b342Bd191a8f090219E6,0xffffffffffffffffffffffffffffffffffffffff,-949.78,,,63.172,-59999.50216,0,0
PERP,0xf803167eb91965daf97c043dbaf0540201ed0064541c84ad9bcbc1d1781d3fc5,1781473627197,2026-06-14T21:47:07.197Z,Close Long,,HYPE-USD,0xAB961d7C42BBcd454A54b342Bd191a8f090219E6,0xffffffffffffffffffffffffffffffffffffffff,-16.48,,,63.172,-1041.07456,0,0
PERP,0xf5812168e29e8917f6fa043dbaf04e0202e3004e7d91a7ea9949ccbba1926302,1781473626864,2026-06-14T21:47:06.864Z,Close Long,,HYPE-USD,0xAB961d7C42BBcd454A54b342Bd191a8f090219E6,0xffffffffffffffffffffffffffffffffffffffff,-949.78,,,63.172,-59999.50216,0,0
PERP,0x3d83d11f132ec8343efd043dbaf04b0203230004ae21e706e14c7c71d222a21e,1781473626665,2026-06-14T21:47:06.665Z,Close Long,,HYPE-USD,0xAB961d7C42BBcd454A54b342Bd191a8f090219E6,0xffffffffffffffffffffffffffffffffffffffff,-15.83,,,63.172,-1000.01276,0,0
PERP,0x638e7c89b26983686508043dbaf04402019a006f4d6ca23a075727dc716d5d53,1781473626169,2026-06-14T21:47:06.169Z,Close Long,,HYPE-USD,0xAB961d7C42BBcd454A54b342Bd191a8f090219E6,0xffffffffffffffffffffffffffffffffffffffff,-423.6000000000001,,,63.18761558073653,-485.16864,0,0
PERP,0x4daa4996860f3f294f24043dbaead502064f007c21025dfbf172f4e945031913,1781473532530,2026-06-14T21:45:32.530Z,Close Long,,HYPE-USD,0xAB961d7C42BBcd454A54b342Bd191a8f090219E6,0xffffffffffffffffffffffffffffffffffffffff,-945.17,,,63.08,-59621.323599999996,0,0
PERP,0x825c6f2a1fca353a83d6043dbaead502064b000fbacd540c26251a7cdece0f25,1781473532530,2026-06-14T21:45:32.530Z,Close Long,,HYPE-USD,0xAB961d7C42BBcd454A54b342Bd191a8f090219E6,0xffffffffffffffffffffffffffffffffffffffff,-174.05,,,63.08,-10979.074,0,0
PERP,0xcf88f88f0638f2bed102043dbaead502064a0074a13c11907351a3e1c53ccca9,1781473532530,2026-06-14T21:45:32.530Z,Close Long,,HYPE-USD,0xAB961d7C42BBcd454A54b342Bd191a8f090219E6,0xffffffffffffffffffffffffffffffffffffffff,-196.29,,,63.08,-12381.973199999999,0,0
PERP,0x69e20b58d3166dc76b5b043dbaead5020648003e6e198c990daab6ab921a47b2,1781473532530,2026-06-14T21:45:32.530Z,Close Long,,HYPE-USD,0xAB961d7C42BBcd454A54b342Bd191a8f090219E6,0xffffffffffffffffffffffffffffffffffffffff,-1194.59,,,63.08,-75354.73719999999,0,0
PERP,0x715cc73ad3dd3c1d72d6043dbaead502063400206ed05aef1525728d92d11608,1781473532530,2026-06-14T21:45:32.530Z,Close Long,,HYPE-USD,0xAB961d7C42BBcd454A54b342Bd191a8f090219E6,0xffffffffffffffffffffffffffffffffffffffff,-42.56,,,63.08,-2684.6848,0,0
PERP,0x4067ff983a75ad3741e1043dbaead502062e007dd578cc09e430aaeaf9798721,1781473532530,2026-06-14T21:45:32.530Z,Close Long,,HYPE-USD,0xAB961d7C42BBcd454A54b342Bd191a8f090219E6,0xffffffffffffffffffffffffffffffffffffffff,-48.46,,,63.08,-3056.8568,0,0
PERP,0x8d9488fd20e46abb8f0e043dbaead502062d00e2bbe7898d315d344fdfe844a6,1781473532530,2026-06-14T21:45:32.530Z,Close Long,,HYPE-USD,0xAB961d7C42BBcd454A54b342Bd191a8f090219E6,0xffffffffffffffffffffffffffffffffffffffff,-77.45,,,63.08,-4885.546,0,0
PERP,0xdac112620753283fdc3a043dbaead502062c0047a25647117e89bdb4c657022a,1781473532530,2026-06-14T21:45:32.530Z,Close Long,,HYPE-USD,0xAB961d7C42BBcd454A54b342Bd191a8f090219E6,0xffffffffffffffffffffffffffffffffffffffff,-20.26,,,63.08,-1278.0008,0,0
PERP,0x751a252bd430a3487693043dbaead502062a00116f33c21a18e2d07e93347d33,1781473532530,2026-06-14T21:45:32.530Z,Close Long,,HYPE-USD,0xAB961d7C42BBcd454A54b342Bd191a8f090219E6,0xffffffffffffffffffffffffffffffffffffffff,-195.54,,,63.08,-12334.663199999999,0,0
PERP,0x0f7337f5a11e1e5110ec043dbaead502062800db3c113d23b33be3486011f83b,1781473532530,2026-06-14T21:45:32.530Z,Close Long,,HYPE-USD,0xAB961d7C42BBcd454A54b342Bd191a8f090219E6,0xffffffffffffffffffffffffffffffffffffffff,-505.82,,,63.08,-31907.1256,0,0
PERP,0xf6f8d424546a56ddf872043dbaead50206250009ef6d75b09ac17f77136e30c8,1781473532530,2026-06-14T21:45:32.530Z,Close Long,,HYPE-USD,0xAB961d7C42BBcd454A54b342Bd191a8f090219E6,0xffffffffffffffffffffffffffffffffffffffff,-126.09,,,63.08,-7953.7572,0,0
PERP,0x2baaf9b7ee254cef2d24043dbaead5020621009d89286bc1cf73a50aad2926d9,1781473532530,2026-06-14T21:45:32.530Z,Close Long,,HYPE-USD,0xAB961d7C42BBcd454A54b342Bd191a8f090219E6,0xffffffffffffffffffffffffffffffffffffffff,-27.79,,,63.08,-1752.9932,0,0
PERP,0x133095e6a171857c14aa043dbaead502061e00cc3c74a44eb6f9413960755f66,1781473532530,2026-06-14T21:45:32.530Z,Close Long,,HYPE-USD,0xAB961d7C42BBcd454A54b342Bd191a8f090219E6,0xffffffffffffffffffffffffffffffffffffffff,-24.37,,,63.08,-1537.2596,0,0
PERP,0x16edf3d7a1d4eca71867043dbaead502061400bd3cd80b79bab69f2a60d8c691,1781473532530,2026-06-14T21:45:32.530Z,Close Long,,HYPE-USD,0xAB961d7C42BBcd454A54b342Bd191a8f090219E6,0xffffffffffffffffffffffffffffffffffffffff,-18.34,,,63.08,-1156.8872,0,0
PERP,0x641a7d3c8843aa2b6594043dbaead502061300222346c8fd07e3288f47478416,1781473532530,2026-06-14T21:45:32.530Z,Close Long,,HYPE-USD,0xAB961d7C42BBcd454A54b342Bd191a8f090219E6,0xffffffffffffffffffffffffffffffffffffffff,-82.94,,,63.08,-5231.8552,0,0
PERP,0x6074bb3c22870f8c61ee043dbaead402051c0021bd8a2e5e043d668ee18ae977,1781473532469,2026-06-14T21:45:32.469Z,Close Long,,HYPE-USD,0xAB961d7C42BBcd454A54b342Bd191a8f090219E6,0xffffffffffffffffffffffffffffffffffffffff,-119.7,,,63.08,-7550.676,0,0
PERP,0xada144a108f5cd10af1b043dbaead402051b0086a3f8ebe25169eff3c7f9a6fb,1781473532469,2026-06-14T21:45:32.469Z,Close Long,,HYPE-USD,0xAB961d7C42BBcd454A54b342Bd191a8f090219E6,0xffffffffffffffffffffffffffffffffffffffff,-20.55,,,63.08,-1296.294,0,0
PERP,0xfacdce05ef648a94fc47043dbaead402051a00eb8a67a9679e967958ae68647f,1781473532469,2026-06-14T21:45:32.469Z,Close Long,,HYPE-USD,0xAB961d7C42BBcd454A54b342Bd191a8f090219E6,0xffffffffffffffffffffffffffffffffffffffff,-197.67,,,63.08,-12469.023599999999,0,0
PERP,0x47fa576ad5d348194974043dbaead4020519005070d666ebebc302bd94d72203,1781473532469,2026-06-14T21:45:32.469Z,Close Long,,HYPE-USD,0xAB961d7C42BBcd454A54b342Bd191a8f090219E6,0xffffffffffffffffffffffffffffffffffffffff,-21.43,,,63.08,-1351.8044,0,0
PERP,0xe610c825a3142a4ce78a043dbaead402050d000b3e17491e89d9737862180437,1781473532469,2026-06-14T21:45:32.469Z,Close Long,,HYPE-USD,0xAB961d7C42BBcd454A54b342Bd191a8f090219E6,0xffffffffffffffffffffffffffffffffffffffff,-569.68,,,63.08,-35935.414399999994,0,0
PERP,0x8069daef6ff1a55581e3043dbaead402050b00d50af4c427243286422ef57f40,1781473532469,2026-06-14T21:45:32.469Z,Close Long,,HYPE-USD,0xAB961d7C42BBcd454A54b342Bd191a8f090219E6,0xffffffffffffffffffffffffffffffffffffffff,-28.79,,,63.08,-1816.0731999999998,0,0
PERP,0xcd966454566062d9cf10043dbaead402050a0039f16381ab715f0fa715643cc4,1781473532469,2026-06-14T21:45:32.469Z,Close Long,,HYPE-USD,0xAB961d7C42BBcd454A54b342Bd191a8f090219E6,0xffffffffffffffffffffffffffffffffffffffff,-1032.79,,,63.08,-65148.3932,0,0
PERP,0x1ac2edb93cdf205e1c3c043dbaead4020509009ed7d23f30be8b990bfbd2fa48,1781473532469,2026-06-14T21:45:32.469Z,Close Long,,HYPE-USD,0xAB961d7C42BBcd454A54b342Bd191a8f090219E6,0xffffffffffffffffffffffffffffffffffffffff,-1085.49,,,63.08,-68472.7092,0,0
PERP,0x67ef771e234ddde26969043dbaead40205080003be40fcb40bb82270e241b7cd,1781473532469,2026-06-14T21:45:32.469Z,Close Long,,HYPE-USD,0xAB961d7C42BBcd454A54b342Bd191a8f090219E6,0xffffffffffffffffffffffffffffffffffffffff,-36.09,,,63.08,-2276.5572,0,0
PERP,0xb51c008309bc9b66b695043dbaead40205070068a4bfba3858e4abd5c8b07551,1781473532469,2026-06-14T21:45:32.469Z,Close Long,,HYPE-USD,0xAB961d7C42BBcd454A54b342Bd191a8f090219E6,0xffffffffffffffffffffffffffffffffffffffff,-420.31,,,63.08,-26513.1548,0,0
PERP,0x024889e7f02b58eb03c2043dbaead402050600cd8b2e77bda611353aaf2f32d5,1781473532469,2026-06-14T21:45:32.469Z,Close Long,,HYPE-USD,0xAB961d7C42BBcd454A54b342Bd191a8f090219E6,0xffffffffffffffffffffffffffffffffffffffff,-762.84,,,63.08,-48119.9472,0,0
PERP,0x4f75134cd69a166f50ee043dbaead40205050032719d3541f33dbe9f959df059,1781473532469,2026-06-14T21:45:32.469Z,Close Long,,HYPE-USD,0xAB961d7C42BBcd454A54b342Bd191a8f090219E6,0xffffffffffffffffffffffffffffffffffffffff,-2024.94,,,63.08,-127733.2152,0,0
PERP,0x2bb1ed8d4c3569382d2b043dbae5c80201ab0072e738880acf7a98e00b394322,1781473444255,2026-06-14T21:44:04.255Z,order,,HYPE,0xAB961d7C42BBcd454A54b342Bd191a8f090219E6,limit,-10000,,,63.38,-633800,-1,0
PERP,0xd55bebbb2619d1f1d6d5043dbae08002036100a0c11cf0c37924970de51dabdc,1781473351699,2026-06-14T21:42:31.699Z,order,,HYPE,0xAB961d7C42BBcd454A54b342Bd191a8f090219E6,limit,-10000,,,63.08,-630800,-1,0
PERP,0xebac8dfaba23deb7ed26043d90f8870204e700e05526fd898f75394d7927b8a2,1781285537015,2026-06-12T17:32:17.015Z,Close Long,,HYPE-USD,0xAB961d7C42BBcd454A54b342Bd191a8f090219E6,0xffffffffffffffffffffffffffffffffffffffff,-156.24,,,62.132,-9707.50368,0,0
PERP,0xfe5f63afbc04e28effd9043d90f8870204b5009557080161a2280f027b08bc79,1781285537015,2026-06-12T17:32:17.015Z,Close Long,,HYPE-USD,0xAB961d7C42BBcd454A54b342Bd191a8f090219E6,0xffffffffffffffffffffffffffffffffffffffff,-20.98,,,62.132,-1303.52936,0,0
PERP,0xcd6a9c0d22ad53a8cee4043d90f8870204af00f2bda0727a7133475fe1a12d93,1781285537015,2026-06-12T17:32:17.015Z,Close Long,,HYPE-USD,0xAB961d7C42BBcd454A54b342Bd191a8f090219E6,0xffffffffffffffffffffffffffffffffffffffff,-32.03,,,62.132,-1990.08796,0,0
PERP,0x2d49fb270afd15042ec3043d90f88702047c000ca5f033d6d112a679c9f0eeee,1781285537015,2026-06-12T17:32:17.015Z,Close Long,,HYPE-USD,0xAB961d7C42BBcd454A54b342Bd191a8f090219E6,0xffffffffffffffffffffffffffffffffffffffff,-7.7,,,62.132,-478.4164,0,0
PERP,0x1c4a5337bf001be71dc4043d90f887020465001d5a033ab9c012fe8a7e03f5d1,1781285537015,2026-06-12T17:32:17.015Z,Close Long,,HYPE-USD,0xAB961d7C42BBcd454A54b342Bd191a8f090219E6,0xffffffffffffffffffffffffffffffffffffffff,-16.86,,,62.132,-1047.54552,0,0
PERP,0x587734ad5981e04e59f0043d90f88702044d0092f484ff20fc3fe0001885ba38,1781285537015,2026-06-12T17:32:17.015Z,Close Long,,HYPE-USD,0xAB961d7C42BBcd454A54b342Bd191a8f090219E6,0xffffffffffffffffffffffffffffffffffffffff,-166.41,,,62.132,-10339.38612,0,0
PERP,0x676cac715b0f7cfa68e6043d90f8870204250056f6029bcc0b3557c41a0356e5,1781285537015,2026-06-12T17:32:17.015Z,Close Long,,HYPE-USD,0xAB961d7C42BBcd454A54b342Bd191a8f090219E6,0xffffffffffffffffffffffffffffffffffffffff,-41.45,,,62.132,-2575.3714,0,0
PERP,0x83a46e33a816ab98851e043d90f88702041e00194319ca6a276d1986671a8583,1781285537015,2026-06-12T17:32:17.015Z,Close Long,,HYPE-USD,0xAB961d7C42BBcd454A54b342Bd191a8f090219E6,0xffffffffffffffffffffffffffffffffffffffff,-11.94,,,62.132,-741.8560799999999,0,0
PERP,0xc0edd100cb45bf89c267043d90f88602078e00e66648de5b64b67c538a499974,1781285536950,2026-06-12T17:32:16.950Z,Close Long,,HYPE-USD,0xAB961d7C42BBcd454A54b342Bd191a8f090219E6,0xffffffffffffffffffffffffffffffffffffffff,-129.42,,,62.132,-8041.123439999999,0,0
PERP,0x3d04f1dd00acaf833e7e043d90f88602075400c29bafce55e0cd9d2fbfa0896d,1781285536950,2026-06-12T17:32:16.950Z,Close Long,,HYPE-USD,0xAB961d7C42BBcd454A54b342Bd191a8f090219E6,0xffffffffffffffffffffffffffffffffffffffff,-13.54,,,62.132,-841.2672799999999,0,0
PERP,0x2847ebfcb45c4f3b29c1043d90f88602074700e24f5f6e0dcc10974f73502925,1781285536950,2026-06-12T17:32:16.950Z,Close Long,,HYPE-USD,0xAB961d7C42BBcd454A54b342Bd191a8f090219E6,0xffffffffffffffffffffffffffffffffffffffff,-10.59,,,62.132,-657.9778799999999,0,0
PERP,0x6474cd724ede13a265ee043d90f88602072f0057e9d13274083d78c50dd1ed8d,1781285536950,2026-06-12T17:32:16.950Z,Close Long,,HYPE-USD,0xAB961d7C42BBcd454A54b342Bd191a8f090219E6,0xffffffffffffffffffffffffffffffffffffffff,-965.68,,,62.132,-59999.629759999996,0,0
PERP,0xb98a29e82767f523bb03043d90f88502126500cdc26b13f55d52d53ae66bcf0e,1781285536894,2026-06-12T17:32:16.894Z,Close Long,,HYPE-USD,0xAB961d7C42BBcd454A54b342Bd191a8f090219E6,0xffffffffffffffffffffffffffffffffffffffff,-8.08,,,62.132,-502.02655999999996,0,0
PERP,0xc104e5ca282ec379c27e043d90f88502125100afc321e24b64cd911ce7229d64,1781285536894,2026-06-12T17:32:16.894Z,Close Long,,HYPE-USD,0xAB961d7C42BBcd454A54b342Bd191a8f090219E6,0xffffffffffffffffffffffffffffffffffffffff,-66.34,,,62.132,-4121.83688,0,0
PERP,0x2e268ee25c0816c72fa0043d90f88502123f00c7f70b3599d1ef3a351b0bf0b1,1781285536894,2026-06-12T17:32:16.894Z,Close Long,,HYPE-USD,0xAB961d7C42BBcd454A54b342Bd191a8f090219E6,0xffffffffffffffffffffffffffffffffffffffff,-82.72,,,62.132,-5139.55904,0,0
PERP,0x2c1c5eb71198ba562d96043d90f885021200009cac9bd928cfe50a09d09c9440,1781285536894,2026-06-12T17:32:16.894Z,Close Long,,HYPE-USD,0xAB961d7C42BBcd454A54b342Bd191a8f090219E6,0xffffffffffffffffffffffffffffffffffffffff,-4.5,,,62.132,-279.594,0,0
PERP,0xd7757ecd98b584f0d8ef043d90f88502094200b333b8a3c27b3e2a2057b95edb,1781285536894,2026-06-12T17:32:16.894Z,Close Long,,HYPE-USD,0xAB961d7C42BBcd454A54b342Bd191a8f090219E6,0xffffffffffffffffffffffffffffffffffffffff,-171.06,,,62.132,-10628.29992,0,0
PERP,0xb1b8d0fe00782b8bb332043d90f88502091e00e39b7b4a5d55817c50bf7c0576,1781285536894,2026-06-12T17:32:16.894Z,Close Long,,HYPE-USD,0xAB961d7C42BBcd454A54b342Bd191a8f090219E6,0xffffffffffffffffffffffffffffffffffffffff,-45.99,,,62.132,-2857.45068,0,0
PERP,0x538c9fa9ce1c74ea5506043d90f885020908008f691f93bcf7554afc8d104ed4,1781285536894,2026-06-12T17:32:16.894Z,Close Long,,HYPE-USD,0xAB961d7C42BBcd454A54b342Bd191a8f090219E6,0xffffffffffffffffffffffffffffffffffffffff,-75.51,,,62.132,-4691.587320000001,0,0
PERP,0xa47686ffb4ee9999a5f0043d90f8850208fd00e54fe1b86b483f325273e27384,1781285536894,2026-06-12T17:32:16.894Z,Close Long,,HYPE-USD,0xAB961d7C42BBcd454A54b342Bd191a8f090219E6,0xffffffffffffffffffffffffffffffffffffffff,-10.08,,,62.132,-626.29056,0,0
PERP,0x7afc7b3f1c4dd9097c76043d90f8850208e30024b740f7db1ec52691db41b2f4,1781285536894,2026-06-12T17:32:16.894Z,Close Long,,HYPE-USD,0xAB961d7C42BBcd454A54b342Bd191a8f090219E6,0xffffffffffffffffffffffffffffffffffffffff,-128.76,,,62.132,-8000.116319999999,0,0
PERP,0x6077e742852ab52561f1043d90f8850208a10028202dd3f704409295442e8f10,1781285536894,2026-06-12T17:32:16.894Z,Close Long,,HYPE-USD,0xAB961d7C42BBcd454A54b342Bd191a8f090219E6,0xffffffffffffffffffffffffffffffffffffffff,-213.83,,,62.132,-13285.68556,0,0
PERP,0x5cd225421f6e1a865e4b043d90f8840207aa0027ba613958009ad094de61f471,1781285536799,2026-06-12T17:32:16.799Z,Close Long,,HYPE-USD,0xAB961d7C42BBcd454A54b342Bd191a8f090219E6,0xffffffffffffffffffffffffffffffffffffffff,-23.12,,,62.132,-1436.49184,0,0
PERP,0x9cbc64a8ba4346189e36043d90f884020788008e554664ea40850ffb79472003,1781285536799,2026-06-12T17:32:16.799Z,Close Long,,HYPE-USD,0xAB961d7C42BBcd454A54b342Bd191a8f090219E6,0xffffffffffffffffffffffffffffffffffffffff,-140.69,,,62.132,-8741.35108,0,0
PERP,0x8237d0ac2320223483b1043d90f8840207460091be23410626007bfee223fc1f,1781285536799,2026-06-12T17:32:16.799Z,Close Long,,HYPE-USD,0xAB961d7C42BBcd454A54b342Bd191a8f090219E6,0xffffffffffffffffffffffffffffffffffffffff,-30.73,,,62.132,-1909.31636,0,0
PERP,0x3bef7884dface9fd3d69043d90f883020813006a7aa008cfdfb823d79ea0c3e7,1781285536738,2026-06-12T17:32:16.738Z,Close Long,,HYPE-USD,0xAB961d7C42BBcd454A54b342Bd191a8f090219E6,0xffffffffffffffffffffffffffffffffffffffff,-19.04,,,62.132,-1182.99328,0,0
PERP,0xd8426b1c62e7633cd9bc043d90f8800207b60001fdea820e7c0b166f21eb3d27,1781285536557,2026-06-12T17:32:16.557Z,Close Long,,HYPE-USD,0xAB961d7C42BBcd454A54b342Bd191a8f090219E6,0xffffffffffffffffffffffffffffffffffffffff,-171.06,,,62.132,-10628.29992,0,0
PERP,0x9509288757ea0a749682043d90f87f020d4b006cf2ed294638d1d3da16ede45f,1781285536513,2026-06-12T17:32:16.513Z,Close Long,,HYPE-USD,0xAB961d7C42BBcd454A54b342Bd191a8f090219E6,0xffffffffffffffffffffffffffffffffffffffff,-965.68,,,62.132,-59999.629759999996,0,0
PERP,0x9c83e46958a0d8ca9dfd043d90f87f020d37004ef3a3f79c404c8fbc17a4b2b5,1781285536513,2026-06-12T17:32:16.513Z,Close Long,,HYPE-USD,0xAB961d7C42BBcd454A54b342Bd191a8f090219E6,0xffffffffffffffffffffffffffffffffffffffff,-213.83,,,62.132,-13285.68556,0,0
PERP,0x2dc6cb45d8e5b9762f40043d90f87e0209a0002b73e8d848d18f769897e99360,1781285536443,2026-06-12T17:32:16.443Z,Close Long,,HYPE-USD,0xAB961d7C42BBcd454A54b342Bd191a8f090219E6,0xffffffffffffffffffffffffffffffffffffffff,-10.71,,,62.132,-665.43372,0,0
PERP,0x35885af9a980ed703702043d90f87b02068900df44840c42d951064c6884c75a,1781285536211,2026-06-12T17:32:16.211Z,Close Long,,HYPE-USD,0xAB961d7C42BBcd454A54b342Bd191a8f090219E6,0xffffffffffffffffffffffffffffffffffffffff,-264.13,,,62.132,-16410.92516,0,0
PERP,0xe6d7b9e672f04c22e851043d90f8790207c200cc0df36af48aa0653931f4260d,1781285536086,2026-06-12T17:32:16.086Z,Close Long,,HYPE-USD,0xAB961d7C42BBcd454A54b342Bd191a8f090219E6,0xffffffffffffffffffffffffffffffffffffffff,-229.5,,,62.132,-14259.294,0,0
PERP,0xeb5ab89336f12347ecd4043d90f8780207c70078d1f442198f2363e5f5f4fd32,1781285536017,2026-06-12T17:32:16.017Z,Close Long,,HYPE-USD,0xAB961d7C42BBcd454A54b342Bd191a8f090219E6,0xffffffffffffffffffffffffffffffffffffffff,-386.72,,,62.132,-24027.68704,0,0
PERP,0x26430a994aa0fb3827bc043d90f87702077f007ee5a41a0aca0bb5ec09a4d522,1781285535954,2026-06-12T17:32:15.954Z,Close Long,,HYPE-USD,0xAB961d7C42BBcd454A54b342Bd191a8f090219E6,0xffffffffffffffffffffffffffffffffffffffff,-17.62,,,62.132,-1094.76584,0,0
PERP,0xde870ceb1a89af98e000043d90f87702072d00d0b58cce6a824fb83dd98d8983,1781285535954,2026-06-12T17:32:15.954Z,Close Long,,HYPE-USD,0xAB961d7C42BBcd454A54b342Bd191a8f090219E6,0xffffffffffffffffffffffffffffffffffffffff,-310.58,,,62.132,-19296.95656,0,0
PERP,0x094cd1e4711558cb0ac6043d90f8740208cd00ca0c18779dad157d37301932b5,1781285535747,2026-06-12T17:32:15.747Z,Close Long,,HYPE-USD,0xAB961d7C42BBcd454A54b342Bd191a8f090219E6,0xffffffffffffffffffffffffffffffffffffffff,-251.91,,,62.132,-15651.67212,0,0
PERP,0x9d9ece5329d018e59f18043d90f8730209fe0038c4d337b7416779a5e8d3f2d0,1781285535682,2026-06-12T17:32:15.682Z,Close Long,,HYPE-USD,0xAB961d7C42BBcd454A54b342Bd191a8f090219E6,0xffffffffffffffffffffffffffffffffffffffff,-41.02,,,62.132,-2548.65464,0,0
PERP,0x5baa5ec1448b90e25d24043d90f8730209e100a6df8eafb4ff730a14038f6acc,1781285535682,2026-06-12T17:32:15.682Z,Close Long,,HYPE-USD,0xAB961d7C42BBcd454A54b342Bd191a8f090219E6,0xffffffffffffffffffffffffffffffffffffffff,-19.13,,,62.132,-1188.5851599999999,0,0
PERP,0xf603718b11690beaf77d043d90f8730209df0070ac6c2abd99cc1cddd06ce5d5,1781285535682,2026-06-12T17:32:15.682Z,Close Long,,HYPE-USD,0xAB961d7C42BBcd454A54b342Bd191a8f090219E6,0xffffffffffffffffffffffffffffffffffffffff,-694.82,,,62.132,-43170.55624,0,0
PERP,0x4ac230f8c3c9f22a4c3b043d90f872020bba00de5ecd10fcee8adc4b82cdcc14,1781285535615,2026-06-12T17:32:15.615Z,Close Long,,HYPE-USD,0xAB961d7C42BBcd454A54b342Bd191a8f090219E6,0xffffffffffffffffffffffffffffffffffffffff,-27.38,,,62.132,-1701.1741599999998,0,0
PERP,0xb7e3da10f7a34577b95d043d90f872020ba800f692a664495bac8563b6a71f62,1781285535615,2026-06-12T17:32:15.615Z,Close Long,,HYPE-USD,0xAB961d7C42BBcd454A54b342Bd191a8f090219E6,0xffffffffffffffffffffffffffffffffffffffff,-16.82,,,62.132,-1045.06024,0,0
PERP,0x214825382b29319a22c1043d90f872020ba0001dc62c506cc510d08aea2d0b84,1781285535615,2026-06-12T17:32:15.615Z,Close Long,,HYPE-USD,0xAB961d7C42BBcd454A54b342Bd191a8f090219E6,0xffffffffffffffffffffffffffffffffffffffff,-494.21,,,62.132,-30706.255719999997,0,0
PERP,0xdb9657b54571426bdd10043d90f872020b8d009ae074613d7f5f030804751c56,1781285535615,2026-06-12T17:32:15.615Z,Close Long,,HYPE-USD,0xAB961d7C42BBcd454A54b342Bd191a8f090219E6,0xffffffffffffffffffffffffffffffffffffffff,-13.36,,,62.132,-830.0835199999999,0,0
PERP,0x760728397c60fc277780043d90f871020799001f17641af919cfd38c3b64d612,1781285535552,2026-06-12T17:32:15.552Z,Close Long,,HYPE-USD,0xAB961d7C42BBcd454A54b342Bd191a8f090219E6,0xffffffffffffffffffffffffffffffffffffffff,-149.19,,,62.132,-9269.47308,0,0
PERP,0x5d8cc4682fbd34b45f06043d90f871020796004dcab0538601556fbaeeb10e9f,1781285535552,2026-06-12T17:32:15.552Z,Close Long,,HYPE-USD,0xAB961d7C42BBcd454A54b342Bd191a8f090219E6,0xffffffffffffffffffffffffffffffffffffffff,-19.58,,,62.132,-1216.5445599999998,0,0
PERP,0xac6c7b92cc1ffcf2ade6043d90f87102074c007867131bc4503526e58b13d6dd,1781285535552,2026-06-12T17:32:15.552Z,Close Long,,HYPE-USD,0xAB961d7C42BBcd454A54b342Bd191a8f090219E6,0xffffffffffffffffffffffffffffffffffffffff,-16.25,,,62.132,-1009.645,0,0
PERP,0x4a82ec4d9950df264bfc043d90f87102074000333453fdf8ee4b97a05854b910,1781285535552,2026-06-12T17:32:15.552Z,Close Long,,HYPE-USD,0xAB961d7C42BBcd454A54b342Bd191a8f090219E6,0xffffffffffffffffffffffffffffffffffffffff,-254.78,,,62.132,-15829.99096,0,0
PERP,0x6e3569f1e72edc1a6faf043d90f87102072500d78221faec11fe1544a622b605,1781285535552,2026-06-12T17:32:15.552Z,Close Long,,HYPE-USD,0xAB961d7C42BBcd454A54b342Bd191a8f090219E6,0xffffffffffffffffffffffffffffffffffffffff,-59.23,,,62.132,-3680.0783599999995,0,0
PERP,0xf78ed4cc681f5e05f908043d90f87102070c00b203127cd89b57801f271337f0,1781285535552,2026-06-12T17:32:15.552Z,Close Long,,HYPE-USD,0xAB961d7C42BBcd454A54b342Bd191a8f090219E6,0xffffffffffffffffffffffffffffffffffffffff,-61.88,,,62.132,-3844.72816,0,0
PERP,0xa8581b3c37314410a9d1043d90f8710206ce0021d23462e24c20c68ef6351dfb,1781285535552,2026-06-12T17:32:15.552Z,Close Long,,HYPE-USD,0xAB961d7C42BBcd454A54b342Bd191a8f090219E6,0xffffffffffffffffffffffffffffffffffffffff,-87.01,,,62.132,-5406.105320000001,0,0
PERP,0x466e8bf70472264447e8043d90f8710206c200dc9f754516ea373749c376002e,1781285535552,2026-06-12T17:32:15.552Z,Close Long,,HYPE-USD,0xAB961d7C42BBcd454A54b342Bd191a8f090219E6,0xffffffffffffffffffffffffffffffffffffffff,-31.72,,,62.132,-1970.82704,0,0
PERP,0xafd2d71e37f81266b14c043d90f8710206ba0003d2fb3138539b8270f6fbec51,1781285535552,2026-06-12T17:32:15.552Z,Close Long,,HYPE-USD,0xAB961d7C42BBcd454A54b342Bd191a8f090219E6,0xffffffffffffffffffffffffffffffffffffffff,-102.23,,,62.132,-6351.75436,0,0
PERP,0xb2f9cc34a9fba2afb473043d90f87002049f001a44fec18156c2778768ff7c9a,1781285535476,2026-06-12T17:32:15.476Z,Close Long,,HYPE-USD,0xAB961d7C42BBcd454A54b342Bd191a8f090219E6,0xffffffffffffffffffffffffffffffffffffffff,-78.05,,,62.132,-4849.402599999999,0,0
PERP,0xef26adaa447d6716f0a0043d90f870020487008fdf7085e892ef58fd03714101,1781285535476,2026-06-12T17:32:15.476Z,Close Long,,HYPE-USD,0xAB961d7C42BBcd454A54b342Bd191a8f090219E6,0xffffffffffffffffffffffffffffffffffffffff,-95.14,,,62.132,-5911.23848,0,0
PERP,0xf2e40b9b44d0ce41f45d043d90f87002047d0080dfd3ed1496acb6ee03d4a82c,1781285535476,2026-06-12T17:32:15.476Z,Close Long,,HYPE-USD,0xAB961d7C42BBcd454A54b342Bd191a8f090219E6,0xffffffffffffffffffffffffffffffffffffffff,-65,,,62.132,-4038.58,0,0
PERP,0x5c4856c27856ba645dc2043d90f87002047500a81359d93600110215375a944f,1781285535476,2026-06-12T17:32:15.476Z,Close Long,,HYPE-USD,0xAB961d7C42BBcd454A54b342Bd191a8f090219E6,0xffffffffffffffffffffffffffffffffffffffff,-43.5,,,62.132,-2702.7419999999997,0,0
PERP,0x78801884c56de90279f9043d90f87002046e006a606107d41c48c3d78461c2ed,1781285535476,2026-06-12T17:32:15.476Z,Close Long,,HYPE-USD,0xAB961d7C42BBcd454A54b342Bd191a8f090219E6,0xffffffffffffffffffffffffffffffffffffffff,-5,,,62.132,-310.65999999999997,0,0
PERP,0x4f060cc42ccd2872507f043d90f87002045400a9c7c04744f2ceb816ebc1025c,1781285535476,2026-06-12T17:32:15.476Z,Close Long,,HYPE-USD,0xAB961d7C42BBcd454A54b342Bd191a8f090219E6,0xffffffffffffffffffffffffffffffffffffffff,-22.31,,,62.132,-1386.16492,0,0
PERP,0xa76aaffc14561b77a8e4043d90f87002043500e1af593a494b335b4ed359f562,1781285535476,2026-06-12T17:32:15.476Z,Close Long,,HYPE-USD,0xAB961d7C42BBcd454A54b342Bd191a8f090219E6,0xffffffffffffffffffffffffffffffffffffffff,-141.23,,,62.132,-8774.902359999998,0,0
PERP,0x41c3c2c5e1339680433d043d90f87002043300ab7c36b552e58c6e18a037706a,1781285535476,2026-06-12T17:32:15.476Z,Close Long,,HYPE-USD,0xAB961d7C42BBcd454A54b342Bd191a8f090219E6,0xffffffffffffffffffffffffffffffffffffffff,-329.5,,,62.132,-20472.494,0,0
PERP,0x8ef04c2ac7a25404906a043d90f870020432001062a572d632b8f77d86a62def,1781285535476,2026-06-12T17:32:15.476Z,Close Long,,HYPE-USD,0xAB961d7C42BBcd454A54b342Bd191a8f090219E6,0xffffffffffffffffffffffffffffffffffffffff,-7.79,,,62.132,-484.00828,0,0
PERP,0x383ed6b8960d6bb939b8043d90f870020408009e31008a8bdc07820b550145a3,1781285535476,2026-06-12T17:32:15.476Z,Close Long,,HYPE-USD,0xAB961d7C42BBcd454A54b342Bd191a8f090219E6,0xffffffffffffffffffffffffffffffffffffffff,-10.68,,,62.132,-663.56976,0,0
PERP,0x856b601d7c7c293d86e5043d90f8700204070003177f480f29340b703b700328,1781285535476,2026-06-12T17:32:15.476Z,Close Long,,HYPE-USD,0xAB961d7C42BBcd454A54b342Bd191a8f090219E6,0xffffffffffffffffffffffffffffffffffffffff,-21.35,,,62.132,-1326.5182,0,0
PERP,0x4e187fba3a768db24f92043d90f86f0204ac009fd579ac84f1e12b0cf97a679c,1781285535413,2026-06-12T17:32:15.413Z,Close Long,,HYPE-USD,0xAB961d7C42BBcd454A54b342Bd191a8f090219E6,0xffffffffffffffffffffffffffffffffffffffff,-106.25,,,62.132,-6601.525,0,0
PERP,0x20e11608a17265f7225a043d90f86f02049c00ee3c7584c9c4a9c15b60763fe1,1781285535413,2026-06-12T17:32:15.413Z,Close Long,,HYPE-USD,0xAB961d7C42BBcd454A54b342Bd191a8f090219E6,0xffffffffffffffffffffffffffffffffffffffff,-350.16,,,62.132,-21756.14112,0,0
PERP,0x91c01d11d5bf206f9339043d90f86f02048000f770b23f413588c86494b2fa5a,1781285535413,2026-06-12T17:32:15.413Z,Close Long,,HYPE-USD,0xAB961d7C42BBcd454A54b342Bd191a8f090219E6,0xffffffffffffffffffffffffffffffffffffffff,-128.95,,,62.132,-8011.921399999999,0,0
PERP,0xea24c049bd481374eb9e043d90f86f020461002f584b32468ded6b9c7c4bed5f,1781285535413,2026-06-12T17:32:15.413Z,Close Long,,HYPE-USD,0xAB961d7C42BBcd454A54b342Bd191a8f090219E6,0xffffffffffffffffffffffffffffffffffffffff,-79.67,,,62.132,-4950.05644,0,0
PERP,0x883b31048a88f5a889b4043d90f86f02045500ea258c147a2c03dc57498ccf93,1781285535413,2026-06-12T17:32:15.413Z,Close Long,,HYPE-USD,0xAB961d7C42BBcd454A54b342Bd191a8f090219E6,0xffffffffffffffffffffffffffffffffffffffff,-285.12,,,62.132,-17715.07584,0,0
PERP,0x553c3936a6b20a5156b5043d90f86f020410001c41b52923f904e48965b5e43b,1781285535413,2026-06-12T17:32:15.413Z,Close Long,,HYPE-USD,0xAB961d7C42BBcd454A54b342Bd191a8f090219E6,0xffffffffffffffffffffffffffffffffffffffff,-11.32,,,62.132,-703.33424,0,0
PERP,0x78eeb6daf48007457a68043d90f86f0203f500c08f8326171cb7622db383e130,1781285535413,2026-06-12T17:32:15.413Z,Close Long,,HYPE-USD,0xAB961d7C42BBcd454A54b342Bd191a8f090219E6,0xffffffffffffffffffffffffffffffffffffffff,-0.18,,,62.132,-11.18376,0,0
PERP,0x56ef66fc5ca6150b5869043d90f86f0203c700e1f7a933ddfab8124f1ba9eef5,1781285535413,2026-06-12T17:32:15.413Z,Close Long,,HYPE-USD,0xAB961d7C42BBcd454A54b342Bd191a8f090219E6,0xffffffffffffffffffffffffffffffffffffffff,-12.49,,,62.132,-776.02868,0,0
PERP,0x930bf81463157b389485043d90f86c02031500f9fe189a0a36d4a36722195523,1781285535269,2026-06-12T17:32:15.269Z,Close Long,,HYPE-USD,0xAB961d7C42BBcd454A54b342Bd191a8f090219E6,0xffffffffffffffffffffffffffffffffffffffff,-86.9,,,62.132,-5399.2708,0,0
PERP,0xcb7b7b98fd33d874ccf5043d90f86c020307007e9836f7466f4426ebbc37b25f,1781285535269,2026-06-12T17:32:15.269Z,Close Long,,HYPE-USD,0xAB961d7C42BBcd454A54b342Bd191a8f090219E6,0xffffffffffffffffffffffffffffffffffffffff,-9.32,,,62.132,-579.07024,0,0
PERP,0x12a0eea2cf8fdb0b141a043d90f86b02043900886a82f9ddb66999f58e83b4f5,1781285535206,2026-06-12T17:32:15.206Z,Close Long,,HYPE-USD,0xAB961d7C42BBcd454A54b342Bd191a8f090219E6,0xffffffffffffffffffffffffffffffffffffffff,-48.26,,,62.132,-2998.49032,0,0
PERP,0xe1ac270036284c24e325043d90f86b02043300e5d12b6af68574d252f52c260f,1781285535206,2026-06-12T17:32:15.206Z,Close Long,,HYPE-USD,0xAB961d7C42BBcd454A54b342Bd191a8f090219E6,0xffffffffffffffffffffffffffffffffffffffff,-8.84,,,62.132,-549.2468799999999,0,0
PERP,0xa5284325072b3606a6a1043d90f86b0203c3000aa22e54d848f0ee77c62f0ff1,1781285535206,2026-06-12T17:32:15.206Z,Close Long,,HYPE-USD,0xAB961d7C42BBcd454A54b342Bd191a8f090219E6,0xffffffffffffffffffffffffffffffffffffffff,-80.78,,,62.132,-5019.02296,0,0
PERP,0x93130013cac3053c948c043d90f86802075c00f965c6240e36dbab6689c6df27,1781285535003,2026-06-12T17:32:15.003Z,Close Long,,HYPE-USD,0xAB961d7C42BBcd454A54b342Bd191a8f090219E6,0xffffffffffffffffffffffffffffffffffffffff,-32.54,,,62.132,-2021.7752799999998,0,0
PERP,0x8d5aa8f5949dfcf78ed4043d90f5e10205e400db2f911bc9312354485391d6e2,1781285491243,2026-06-12T17:31:31.243Z,Close Long,,HYPE-USD,0xAB961d7C42BBcd454A54b342Bd191a8f090219E6,0xffffffffffffffffffffffffffffffffffffffff,-436.03,,,62.132,-27091.41596,0,0
PERP,0xe4ea82ff4d428bc0e664043d90efcc0205d000e4e845aa9288b32e520c4665ab,1781285386301,2026-06-12T17:29:46.301Z,order,,HYPE,0xAB961d7C42BBcd454A54b342Bd191a8f090219E6,limit,-10000,,,62.5,-625000,-1,0
PERP,0xea207b3e1274e88aeb9a043d90ee770202040023ad78075c8de92690d178c275,1781285363172,2026-06-12T17:29:23.172Z,Close Long,,HYPE-USD,0xAB961d7C42BBcd454A54b342Bd191a8f090219E6,0xffffffffffffffffffffffffffffffffffffffff,-10000,,,61.97,-619700,0,0
PERP,0x596ab33a84078d1c5ae4043d90cead0203f700201f0aabeefd335e8d430b6706,1781284812290,2026-06-12T17:20:12.290Z,order,,HYPE,0xAB961d7C42BBcd454A54b342Bd191a8f090219E6,limit,-10000,,,61.97,-619700,-1,0
PERP,0x89a60b38028f7ab68b1f043d90b29a0201be001d9d8299882d6eb68ac18354a1,1781284321803,2026-06-12T17:12:01.803Z,Close Long,,HYPE-USD,0xAB961d7C42BBcd454A54b342Bd191a8f090219E6,0xffffffffffffffffffffffffffffffffffffffff,-10000,,,61.86,-618600,0,0
PERP,0xf30fa0bd10d46ac6f489043d904c4402091900a2abd7899996d84c0fcfd844b1,1781282549013,2026-06-12T16:42:29.013Z,order,,HYPE,0xAB961d7C42BBcd454A54b342Bd191a8f090219E6,limit,-10000,,,61.27,-612700,-1,0
SPOT,0x20e76e04291a33942261043d8e905c0202c500e9c41d5266c4b01956e81e0d7e,1781274868088,2026-06-12T14:34:28.088Z,order,,xyz:SPCX,0xAB961d7C42BBcd454A54b342Bd191a8f090219E6,limit,10000,,,144,1440000,-1,0
SPOT,0x320e3a35c013cd973387043d8e8ffe02040b001b5b16ec69d5d6e5887f17a781,1781274861541,2026-06-12T14:34:21.541Z,order,,xyz:SPCX,0xAB961d7C42BBcd454A54b342Bd191a8f090219E6,limit,10000,,,150,1500000,-1,0
SPOT,0x5509f7d66a0d05ad5683043d8e8f72020cbe00bc0500247ff8d2a3292900df97,1781274852171,2026-06-12T14:34:12.171Z,order,,xyz:SPCX,0xAB961d7C42BBcd454A54b342Bd191a8f090219E6,limit,10000,,,148,1480000,-1,0
SPOT,0x22105027e3763449238a043d8e8f330204e8000d7e79531bc5d8fb7aa27a0e33,1781274847946,2026-06-12T14:34:07.946Z,order,,xyz:SPCX,0xAB961d7C42BBcd454A54b342Bd191a8f090219E6,limit,10000,,,146,1460000,-1,0
SPOT,0x9ba1fb98986513d29d1b043d8dbf7a02046c007e336832a43f6aa6eb5768edbd,1781271254439,2026-06-12T13:34:14.439Z,order,,xyz:SPCX,0xAB961d7C42BBcd454A54b342Bd191a8f090219E6,limit,10000,,,146,1460000,-1,0
SPOT,0x0f4ebda15233cfdf10c8043d8dbe89020b860086ed36eeb1b31768f41137a9c9,1781271238205,2026-06-12T13:33:58.205Z,order,,xyz:SPCX,0xAB961d7C42BBcd454A54b342Bd191a8f090219E6,limit,10000,,,142,1420000,-1,0
SPOT,0xddc240a0021a3aa4df3b043d8dbdc80206b900859d1d5976818aebf2c11e148f,1781271225069,2026-06-12T13:33:45.069Z,order,,xyz:SPCX,0xAB961d7C42BBcd454A54b342Bd191a8f090219E6,limit,10000,,,144,1440000,-1,0
SPOT,0xb1f546c97f537e08b36f043d8dbbc602073700af1a569cda55bdf21c3e5757f3,1781271190118,2026-06-12T13:33:10.118Z,order,,xyz:SPCX,0xAB961d7C42BBcd454A54b342Bd191a8f090219E6,limit,10000,,,148,1480000,-1,0
PERP,0x004e2654702b690701c7043d7f69df02068f003a0b2e87d9a416d1a72f2f42f1,1781207083553,2026-06-11T19:44:43.553Z,Close Long,,HYPE-USD,0xAB961d7C42BBcd454A54b342Bd191a8f090219E6,0xffffffffffffffffffffffffffffffffffffffff,-433.9,,,59.38,-25764.982,0,0
PERP,0x822cd54cf0551c9c83a6043d7f69df02068a00328b583b6e25f5809faf58f687,1781207083553,2026-06-11T19:44:43.553Z,Close Long,,HYPE-USD,0xAB961d7C42BBcd454A54b342Bd191a8f090219E6,0xffffffffffffffffffffffffffffffffffffffff,-22.74,,,59.38,-1350.3011999999999,0,0
PERP,0xd799dd196a938a97d913043d7f69de02039300ff0596a9697b62886c29976482,1781207083491,2026-06-11T19:44:43.491Z,Close Long,,HYPE-USD,0xAB961d7C42BBcd454A54b342Bd191a8f090219E6,0xffffffffffffffffffffffffffffffffffffffff,-21.3,,,59.38,-1264.794,0,0
PERP,0xd1d24efd1fc0c6fbd34c043d7f69de02035e00e2bac3e5cd759afa4fdec4a0e6,1781207083491,2026-06-11T19:44:43.491Z,Close Long,,HYPE-USD,0xAB961d7C42BBcd454A54b342Bd191a8f090219E6,0xffffffffffffffffffffffffffffffffffffffff,-83.75,,,59.38,-4973.075,0,0
PERP,0x2679944406f652d627f3043d7f69de0203490029a1f971a8ca423f96c5fa2cc0,1781207083491,2026-06-11T19:44:43.491Z,Close Long,,HYPE-USD,0xAB961d7C42BBcd454A54b342Bd191a8f090219E6,0xffffffffffffffffffffffffffffffffffffffff,-17.77,,,59.38,-1055.1826,0,0
PERP,0x97589b4d3b330d4e98d2043d7f69de02032d0032d6362c203b21469ffa36e739,1781207083491,2026-06-11T19:44:43.491Z,Close Long,,HYPE-USD,0xAB961d7C42BBcd454A54b342Bd191a8f090219E6,0xffffffffffffffffffffffffffffffffffffffff,-21.17,,,59.38,-1257.0746000000001,0,0
PERP,0xe48524b221a1cad2e5fe043d7f69de02032c0097bca4e9a4884dd004e0a5a4bd,1781207083491,2026-06-11T19:44:43.491Z,Close Long,,HYPE-USD,0xAB961d7C42BBcd454A54b342Bd191a8f090219E6,0xffffffffffffffffffffffffffffffffffffffff,-17.12,,,59.38,-1016.5856000000001,0,0
PERP,0x4de96fd95527b6f54f63043d7f69de02032400bef02ad5c7f1b21b2c142b90df,1781207083491,2026-06-11T19:44:43.491Z,Close Long,,HYPE-USD,0xAB961d7C42BBcd454A54b342Bd191a8f090219E6,0xffffffffffffffffffffffffffffffffffffffff,-37.18,,,59.38,-2207.7484,0,0
PERP,0xbb0b18f189010a42bc84043d7f69de02031200d7240429145ed3c4444804e42d,1781207083491,2026-06-11T19:44:43.491Z,Close Long,,HYPE-USD,0xAB961d7C42BBcd454A54b342Bd191a8f090219E6,0xffffffffffffffffffffffffffffffffffffffff,-19.04,,,59.38,-1130.5952,0,0
PERP,0x0fb25e387036961d112c043d7f69de0202fd001e0b39b4efb37b098b2f3a7007,1781207083491,2026-06-11T19:44:43.491Z,Close Long,,HYPE-USD,0xAB961d7C42BBcd454A54b342Bd191a8f090219E6,0xffffffffffffffffffffffffffffffffffffffff,-19.44,,,59.38,-1154.3472000000002,0,0
PERP,0x4376f6c217aaf16e44f0043d7f69dd02035100a7b2ae1040e73fa214d6aecb58,1781207083409,2026-06-11T19:44:43.409Z,Close Long,,HYPE-USD,0xAB961d7C42BBcd454A54b342Bd191a8f090219E6,0xffffffffffffffffffffffffffffffffffffffff,-138.11,,,59.38,-8200.971800000001,0,0
PERP,0x08fd4312331d37c10a76043d7f69dd02032000f7ce105693acc5ee64f21111ab,1781207083409,2026-06-11T19:44:43.409Z,Close Long,,HYPE-USD,0xAB961d7C42BBcd454A54b342Bd191a8f090219E6,0xffffffffffffffffffffffffffffffffffffffff,-1010.44,,,59.38,-59999.927200000006,0,0
PERP,0x48e78278cdf263534a61043d7f69dd0202fe005e68f58225ecb02dcb8cf63d3d,1781207083409,2026-06-11T19:44:43.409Z,Close Long,,HYPE-USD,0xAB961d7C42BBcd454A54b342Bd191a8f090219E6,0xffffffffffffffffffffffffffffffffffffffff,-33.51,,,59.38,-1989.8238,0,0
PERP,0x96140bddb46120d7978d043d7f69dd0202fd00c34f643fa939dcb7307364fac2,1781207083409,2026-06-11T19:44:43.409Z,Close Long,,HYPE-USD,0xAB961d7C42BBcd454A54b342Bd191a8f090219E6,0xffffffffffffffffffffffffffffffffffffffff,-17.74,,,59.38,-1053.4012,0,0
PERP,0xcac631714e2c16e8cc3f043d7f69dd0202f90056e92f35ba6e8edcc40d2ff0d3,1781207083409,2026-06-11T19:44:43.409Z,Close Long,,HYPE-USD,0xAB961d7C42BBcd454A54b342Bd191a8f090219E6,0xffffffffffffffffffffffffffffffffffffffff,-76.53,,,59.38,-4544.3514000000005,0,0
PERP,0x342a7c9881a2030b35a4043d7f69dd0202f1007e1ca521ddd7f327eb40a5dcf5,1781207083409,2026-06-11T19:44:43.409Z,Close Long,,HYPE-USD,0xAB961d7C42BBcd454A54b342Bd191a8f090219E6,0xffffffffffffffffffffffffffffffffffffffff,-47.56,,,59.38,-2824.1128000000003,0,0
PERP,0x431ff45c832f9fb74499043d7f69dd0202c900421e22be89e6e89faf422379a1,1781207083409,2026-06-11T19:44:43.409Z,Close Long,,HYPE-USD,0xAB961d7C42BBcd454A54b342Bd191a8f090219E6,0xffffffffffffffffffffffffffffffffffffffff,-169.27,,,59.38,-10051.252600000002,0,0
PERP,0xafc26b2d54fd9239b13c043d7f69db0208780012eff0b10b538b168013f16c24,1781207083300,2026-06-11T19:44:43.300Z,Close Long,,HYPE-USD,0xAB961d7C42BBcd454A54b342Bd191a8f090219E6,0xffffffffffffffffffffffffffffffffffffffff,-20.29,,,59.38,-1204.8202,0,0
PERP,0xfceef4923b6c4fbdfe68043d7f69db0208770077d66f6e90a0b79fe4fa6029a8,1781207083300,2026-06-11T19:44:43.300Z,Close Long,,HYPE-USD,0xAB961d7C42BBcd454A54b342Bd191a8f090219E6,0xffffffffffffffffffffffffffffffffffffffff,-48.28,,,59.38,-2866.8664000000003,0,0
PERP,0xcbfa2cefa204c0d7cd73043d7f69db02087100d53d07dfa96fc2d84261089ac2,1781207083300,2026-06-11T19:44:43.300Z,Close Long,,HYPE-USD,0xAB961d7C42BBcd454A54b342Bd191a8f090219E6,0xffffffffffffffffffffffffffffffffffffffff,-392.92,,,59.38,-23331.589600000003,0,0
PERP,0xdfb24d69004e9e21e12c043d7f69db0203f5004e9b41bcf3837af8bbbf42780c,1781207083300,2026-06-11T19:44:43.300Z,Close Long,,HYPE-USD,0xAB961d7C42BBcd454A54b342Bd191a8f090219E6,0xffffffffffffffffffffffffffffffffffffffff,-12,,,59.38,-712.5600000000001,0,0
PERP,0xfbea0f2b4d55ccbffd63043d7f69db0203ee0010e858eb929fb2ba7e0c59a6aa,1781207083300,2026-06-11T19:44:43.300Z,Close Long,,HYPE-USD,0xAB961d7C42BBcd454A54b342Bd191a8f090219E6,0xffffffffffffffffffffffffffffffffffffffff,-10.97,,,59.38,-651.3986000000001,0,0
PERP,0x309c34bee710c2d13215043d7f69db0203ea00a48213e1a3d464e011a6149cbb,1781207083300,2026-06-11T19:44:43.300Z,Close Long,,HYPE-USD,0xAB961d7C42BBcd454A54b342Bd191a8f090219E6,0xffffffffffffffffffffffffffffffffffffffff,-5.48,,,59.38,-325.40240000000006,0,0
PERP,0xb27ae3b7674a7666b3f4043d7f69db0203e5009d024d953856438f0a264e5051,1781207083300,2026-06-11T19:44:43.300Z,Close Long,,HYPE-USD,0xAB961d7C42BBcd454A54b342Bd191a8f090219E6,0xffffffffffffffffffffffffffffffffffffffff,-76.09,,,59.38,-4518.224200000001,0,0
PERP,0x9a007fe61a96aef39b7a043d7f69db0203e200cbb599cdc53dc92b38d99a88de,1781207083300,2026-06-11T19:44:43.300Z,Close Long,,HYPE-USD,0xAB961d7C42BBcd454A54b342Bd191a8f090219E6,0xffffffffffffffffffffffffffffffffffffffff,-44.49,,,59.38,-2641.8162,0,0
PERP,0x1bdf2ede9ac062891d58043d7f69db0203dd00c435c3815bbfa7da3159c43c73,1781207083300,2026-06-11T19:44:43.300Z,Close Long,,HYPE-USD,0xAB961d7C42BBcd454A54b342Bd191a8f090219E6,0xffffffffffffffffffffffffffffffffffffffff,-23.23,,,59.38,-1379.3974,0,0
PERP,0x690bb843813f200d6a85043d7f69db0203dc00291c323edf0cd463964032f9f8,1781207083300,2026-06-11T19:44:43.300Z,Close Long,,HYPE-USD,0xAB961d7C42BBcd454A54b342Bd191a8f090219E6,0xffffffffffffffffffffffffffffffffffffffff,-34.08,,,59.38,-2023.6704,0,0
PERP,0xb63841a867addd91b7b1043d7f69db0203db008e02a0fc635a00ecfb26a1b77c,1781207083300,2026-06-11T19:44:43.300Z,Close Long,,HYPE-USD,0xAB961d7C42BBcd454A54b342Bd191a8f090219E6,0xffffffffffffffffffffffffffffffffffffffff,-30.17,,,59.38,-1791.4946000000002,0,0
PERP,0x0364cb0d4e1c9b1604de043d7f69db0203da00f2e91fb9e8a72d76600d107500,1781207083300,2026-06-11T19:44:43.300Z,Close Long,,HYPE-USD,0xAB961d7C42BBcd454A54b342Bd191a8f090219E6,0xffffffffffffffffffffffffffffffffffffffff,-18.09,,,59.38,-1074.1842000000001,0,0
PERP,0x50915472348b589a520b043d7f69db0203d90057cf8e776cf459ffc4f38f3284,1781207083300,2026-06-11T19:44:43.300Z,Close Long,,HYPE-USD,0xAB961d7C42BBcd454A54b342Bd191a8f090219E6,0xffffffffffffffffffffffffffffffffffffffff,-44.28,,,59.38,-2629.3464000000004,0,0
PERP,0x3816f0a0e7d791273990043d7f69db0203d6008682daaff9dbdf9bf3a6db6b11,1781207083300,2026-06-11T19:44:43.300Z,Close Long,,HYPE-USD,0xAB961d7C42BBcd454A54b342Bd191a8f090219E6,0xffffffffffffffffffffffffffffffffffffffff,-19.03,,,59.38,-1130.0014,0,0
PERP,0x85437a05ce464eab86bd043d7f69db0203d500eb69496d7d290c25588d4a2896,1781207083300,2026-06-11T19:44:43.300Z,Close Long,,HYPE-USD,0xAB961d7C42BBcd454A54b342Bd191a8f090219E6,0xffffffffffffffffffffffffffffffffffffffff,-19.89,,,59.38,-1181.0682000000002,0,0
PERP,0x6cc91634819287386e42043d7f69db0203d2001a1c95a60a1091c18740966123,1781207083300,2026-06-11T19:44:43.300Z,Close Long,,HYPE-USD,0xAB961d7C42BBcd454A54b342Bd191a8f090219E6,0xffffffffffffffffffffffffffffffffffffffff,-0.27,,,59.38,-16.032600000000002,0,0
PERP,0x072228fe4e700241089b043d7f69db0203d000e3e9732113aaead4510d73dc2b,1781207083300,2026-06-11T19:44:43.300Z,Close Long,,HYPE-USD,0xAB961d7C42BBcd454A54b342Bd191a8f090219E6,0xffffffffffffffffffffffffffffffffffffffff,-50.41,,,59.38,-2993.3458,0,0
PERP,0x544eb26334eebfc555c8043d7f69db0203cf0048cfe1de97f8175db5f3e299af,1781207083300,2026-06-11T19:44:43.300Z,Close Long,,HYPE-USD,0xAB961d7C42BBcd454A54b342Bd191a8f090219E6,0xffffffffffffffffffffffffffffffffffffffff,-122.33,,,59.38,-7263.9554,0,0
PERP,0xa17b3bc81b5d7d49a2f4043d7f69db0203ce00adb6509c1b4543e71ada515734,1781207083300,2026-06-11T19:44:43.300Z,Close Long,,HYPE-USD,0xAB961d7C42BBcd454A54b342Bd191a8f090219E6,0xffffffffffffffffffffffffffffffffffffffff,-30.53,,,59.38,-1812.8714000000002,0,0
PERP,0xd62d615bb518735ad7a7043d7f69db0203ca0041501b922c79f60cae741c4d45,1781207083300,2026-06-11T19:44:43.300Z,Close Long,,HYPE-USD,0xAB961d7C42BBcd454A54b342Bd191a8f090219E6,0xffffffffffffffffffffffffffffffffffffffff,-22.33,,,59.38,-1325.9554,0,0
PERP,0x2359eac09b8730df24d3043d7f69db0203c900a6368a4fb1c72296135a8b0ac9,1781207083300,2026-06-11T19:44:43.300Z,Close Long,,HYPE-USD,0xAB961d7C42BBcd454A54b342Bd191a8f090219E6,0xffffffffffffffffffffffffffffffffffffffff,-19.36,,,59.38,-1149.5968,0,0
PERP,0x0adf86ef4ed3696c0c59043d7f69db0203c600d4e9d6883eaea832420dd74356,1781207083300,2026-06-11T19:44:43.300Z,Close Long,,HYPE-USD,0xAB961d7C42BBcd454A54b342Bd191a8f090219E6,0xffffffffffffffffffffffffffffffffffffffff,-26.72,,,59.38,-1586.6336,0,0
PERP,0x580c1054354226f05985043d7f69db0203c50039d04545c2fbd4bba6f44600da,1781207083300,2026-06-11T19:44:43.300Z,Close Long,,HYPE-USD,0xAB961d7C42BBcd454A54b342Bd191a8f090219E6,0xffffffffffffffffffffffffffffffffffffffff,-20.18,,,59.38,-1198.2884000000001,0,0
PERP,0xf265231e022fa1f8f3de043d7f69db0203c300039d22c0cb962dce70c1237be3,1781207083300,2026-06-11T19:44:43.300Z,Close Long,,HYPE-USD,0xAB961d7C42BBcd454A54b342Bd191a8f090219E6,0xffffffffffffffffffffffffffffffffffffffff,-81.57,,,59.38,-4843.6266,0,0
PERP,0x3f91ac82e89e5f7d410b043d7f69db0203c2006883917e4fe35a57d5a7923967,1781207083300,2026-06-11T19:44:43.300Z,Close Long,,HYPE-USD,0xAB961d7C42BBcd454A54b342Bd191a8f090219E6,0xffffffffffffffffffffffffffffffffffffffff,-169.27,,,59.38,-10051.252600000002,0,0
PERP,0x8cbe35e7cf0d1d018e37043d7f69db0203c100cd6a003bd33086e13a8e00f6ec,1781207083300,2026-06-11T19:44:43.300Z,Close Long,,HYPE-USD,0xAB961d7C42BBcd454A54b342Bd191a8f090219E6,0xffffffffffffffffffffffffffffffffffffffff,-13.37,,,59.38,-793.9105999999999,0,0
PERP,0xd9eabf4cb57bda85db64043d7f69db0203c00032507ef9577db36a9f747fb470,1781207083300,2026-06-11T19:44:43.300Z,Close Long,,HYPE-USD,0xAB961d7C42BBcd454A54b342Bd191a8f090219E6,0xffffffffffffffffffffffffffffffffffffffff,-64.38,,,59.38,-3822.8844,0,0
PERP,0x271748b19bea980a2891043d7f69db0203bf009736edb6dccadff4045aee71f4,1781207083300,2026-06-11T19:44:43.300Z,Close Long,,HYPE-USD,0xAB961d7C42BBcd454A54b342Bd191a8f090219E6,0xffffffffffffffffffffffffffffffffffffffff,-120.6,,,59.38,-7161.228,0,0
PERP,0x7443d2168259558e75bd043d7f69db0203be00fc1d5c7460180c7d69415d2f79,1781207083300,2026-06-11T19:44:43.300Z,Close Long,,HYPE-USD,0xAB961d7C42BBcd454A54b342Bd191a8f090219E6,0xffffffffffffffffffffffffffffffffffffffff,-215.14,,,59.38,-12775.0132,0,0
PERP,0xa8f5f7aa1c144b9faa6f043d7f69db0203ba008fb7176a714cbea2fcdb18258a,1781207083300,2026-06-11T19:44:43.300Z,Close Long,,HYPE-USD,0xAB961d7C42BBcd454A54b342Bd191a8f090219E6,0xffffffffffffffffffffffffffffffffffffffff,-58.67,,,59.38,-3483.8246000000004,0,0
PERP,0xf622810f02830923f79c043d7f69db0203b900f49d8627f699eb2c61c186e30e,1781207083300,2026-06-11T19:44:43.300Z,Close Long,,HYPE-USD,0xAB961d7C42BBcd454A54b342Bd191a8f090219E6,0xffffffffffffffffffffffffffffffffffffffff,-44.21,,,59.38,-2625.1898,0,0
PERP,0x907b93d8cf60842c91f5043d7f69db0203b700be6a63a2fe34443f2b8e645e17,1781207083300,2026-06-11T19:44:43.300Z,Close Long,,HYPE-USD,0xAB961d7C42BBcd454A54b342Bd191a8f090219E6,0xffffffffffffffffffffffffffffffffffffffff,-4.86,,,59.38,-288.58680000000004,0,0
PERP,0xdda81d3db5df41b0df21043d7f69db0203b6002350d260828170c89074d31b9b,1781207083300,2026-06-11T19:44:43.300Z,Close Long,,HYPE-USD,0xAB961d7C42BBcd454A54b342Bd191a8f090219E6,0xffffffffffffffffffffffffffffffffffffffff,-28.73,,,59.38,-1705.9874000000002,0,0
PERP,0x2ad4a6a29c4dff352c4e043d7f69db0203b5008837411e07ce9d51f55b41d91f,1781207083300,2026-06-11T19:44:43.300Z,Close Long,,HYPE-USD,0xAB961d7C42BBcd454A54b342Bd191a8f090219E6,0xffffffffffffffffffffffffffffffffffffffff,-116.82,,,59.38,-6936.7716,0,0
PERP,0x7801300782bcbcb9797a043d7f69db0203b400ed1dbfdb8b1bc9db5a41b096a4,1781207083300,2026-06-11T19:44:43.300Z,Close Long,,HYPE-USD,0xAB961d7C42BBcd454A54b342Bd191a8f090219E6,0xffffffffffffffffffffffffffffffffffffffff,-9.97,,,59.38,-592.0186000000001,0,0
PERP,0xc52db96c692b7a3dc6a7043d7f69db0203b30052042e990f68f664bf282f5428,1781207083300,2026-06-11T19:44:43.300Z,Close Long,,HYPE-USD,0xAB961d7C42BBcd454A54b342Bd191a8f090219E6,0xffffffffffffffffffffffffffffffffffffffff,-30.03,,,59.38,-1783.1814000000002,0,0
PERP,0x125a42d14f9a37c213d3043d7f69db0203b200b6ea9d5694b622ee240e9e11ac,1781207083300,2026-06-11T19:44:43.300Z,Close Long,,HYPE-USD,0xAB961d7C42BBcd454A54b342Bd191a8f090219E6,0xffffffffffffffffffffffffffffffffffffffff,-15.58,,,59.38,-925.1404,0,0
PERP,0xacb3559b1c77b2caae2d043d7f69db0203b00080b77ad19c507c00eddb7b8cb5,1781207083300,2026-06-11T19:44:43.300Z,Close Long,,HYPE-USD,0xAB961d7C42BBcd454A54b342Bd191a8f090219E6,0xffffffffffffffffffffffffffffffffffffffff,-89.71,,,59.38,-5326.9798,0,0
PERP,0xf9dfdf0002e6704efb59043d7f69db0203af00e59de98f219da88a52c1ea4a39,1781207083300,2026-06-11T19:44:43.300Z,Close Long,,HYPE-USD,0xAB961d7C42BBcd454A54b342Bd191a8f090219E6,0xffffffffffffffffffffffffffffffffffffffff,-22.87,,,59.38,-1358.0206,0,0
PERP,0x470c6864e9552dd34886043d7f69db0203ae004a84584ca5ead513b7a85907bd,1781207083300,2026-06-11T19:44:43.300Z,Close Long,,HYPE-USD,0xAB961d7C42BBcd454A54b342Bd191a8f090219E6,0xffffffffffffffffffffffffffffffffffffffff,-6.61,,,59.38,-392.50180000000006,0,0
PERP,0xb070b38c1cdb19f5b1ea043d7f69db0203a60071b7de38c754395ededbdef3e0,1781207083300,2026-06-11T19:44:43.300Z,Close Long,,HYPE-USD,0xAB961d7C42BBcd454A54b342Bd191a8f090219E6,0xffffffffffffffffffffffffffffffffffffffff,-7.88,,,59.38,-467.9144,0,0
PERP,0x7e4ef86a97486b247fc8043d7f69d902026f0050324b89f62217a3bd564c450f,1781207083161,2026-06-11T19:44:43.161Z,Close Long,,HYPE-USD,0xAB961d7C42BBcd454A54b342Bd191a8f090219E6,0xffffffffffffffffffffffffffffffffffffffff,-4.2,,,59.38,-249.39600000000002,0,0
PERP,0x2706f85407d839d02880043d7f69d80203250039a2db58a2cacfa3a6c6dc13ba,1781207083093,2026-06-11T19:44:43.093Z,Close Long,,HYPE-USD,0xAB961d7C42BBcd454A54b342Bd191a8f090219E6,0xffffffffffffffffffffffffffffffffffffffff,-16.82,,,59.38,-998.7716,0,0
PERP,0x3034e1fbbe8312e031ae043d7f69d80202c800e1598631b2d3fd8d4e7d86ecca,1781207083093,2026-06-11T19:44:43.093Z,Close Long,,HYPE-USD,0xAB961d7C42BBcd454A54b342Bd191a8f090219E6,0xffffffffffffffffffffffffffffffffffffffff,-187.59,,,59.38,-11139.094200000001,0,0
PERP,0x84cbd6e511a640808645043d7f69d502021900caaca95f5228948237d0aa1a6b,1781207082892,2026-06-11T19:44:42.892Z,Close Long,,HYPE-USD,0xAB961d7C42BBcd454A54b342Bd191a8f090219E6,0xffffffffffffffffffffffffffffffffffffffff,-336.76,,,59.38,-19996.8088,0,0
PERP,0x7c0c8b938a1d85b37d86043d7f69d40201fd00792510a4851fd536e649115f9e,1781207082826,2026-06-11T19:44:42.826Z,Close Long,,HYPE-USD,0xAB961d7C42BBcd454A54b342Bd191a8f090219E6,0xffffffffffffffffffffffffffffffffffffffff,-77.92,,,59.38,-4626.8896,0,0
PERP,0x99f77b1b8d18bf0b9b71043d7f69d40201ad0001281bdddd3dc0266e4c1c98f6,1781207082826,2026-06-11T19:44:42.826Z,Close Long,,HYPE-USD,0xAB961d7C42BBcd454A54b342Bd191a8f090219E6,0xffffffffffffffffffffffffffffffffffffffff,-1010.44,,,59.38,-59999.927200000006,0,0
PERP,0x8c8d44cf12d602538e07043d7f69d20201f300b4add921253055f021d1d9dc3e,1781207082692,2026-06-11T19:44:42.692Z,Close Long,,HYPE-USD,0xAB961d7C42BBcd454A54b342Bd191a8f090219E6,0xffffffffffffffffffffffffffffffffffffffff,-12.07,,,59.38,-716.7166000000001,0,0
PERP,0x916745e16b522b2f92e1043d7f69d102028000c706554a01352ff1342a56051a,1781207082629,2026-06-11T19:44:42.629Z,Close Long,,HYPE-USD,0xAB961d7C42BBcd454A54b342Bd191a8f090219E6,0xffffffffffffffffffffffffffffffffffffffff,-116.82,,,59.38,-6936.7716,0,0
PERP,0x3e732e603a10aa0f3fec043d7f69d102024c0045d513c8e1e23bd9b2f91483f9,1781207082629,2026-06-11T19:44:42.629Z,Close Long,,HYPE-USD,0xAB961d7C42BBcd454A54b342Bd191a8f090219E6,0xffffffffffffffffffffffffffffffffffffffff,-25.99,,,59.38,-1543.2862,0,0
PERP,0xaf12ad2aa50d6d35b08c043d7f69d0020398001040008c0752db587d64014720,1781207082545,2026-06-11T19:44:42.545Z,Close Long,,HYPE-USD,0xAB961d7C42BBcd454A54b342Bd191a8f090219E6,0xffffffffffffffffffffffffffffffffffffffff,-18.23,,,59.38,-1082.4974,0,0
PERP,0xf677a87340a9671df7f1043d7f69d00203620058dbac85f09a4053c5ffad4108,1781207082545,2026-06-11T19:44:42.545Z,Close Long,,HYPE-USD,0xAB961d7C42BBcd454A54b342Bd191a8f090219E6,0xffffffffffffffffffffffffffffffffffffffff,-66.27,,,59.38,-3935.1126,0,0
PERP,0x7bebc90e928d57187d65043d7f69ce0203ba00f42d8075ea1fb4746151813103,1781207082430,2026-06-11T19:44:42.430Z,Close Long,,HYPE-USD,0xAB961d7C42BBcd454A54b342Bd191a8f090219E6,0xffffffffffffffffffffffffffffffffffffffff,-77.92,,,59.38,-4626.8896,0,0
PERP,0xe0a5293ad359414fe21e043d7f69cd02041400206e5c6021846dd48d925d1b3a,1781207082336,2026-06-11T19:44:42.336Z,Close Long,,HYPE-USD,0xAB961d7C42BBcd454A54b342Bd191a8f090219E6,0xffffffffffffffffffffffffffffffffffffffff,-71.48,,,59.38,-4244.482400000001,0,0
PERP,0x4d9ee604d88969d74f18043d7f69cb02046900ea738c88a9f1679157978d43c1,1781207082198,2026-06-11T19:44:42.198Z,Close Long,,HYPE-USD,0xAB961d7C42BBcd454A54b342Bd191a8f090219E6,0xffffffffffffffffffffffffffffffffffffffff,-116.82,,,59.38,-6936.7716,0,0
PERP,0x9e88cd5abf5b8e86a002043d7f69cb02045e00405a5ead58425178ad7e5f6871,1781207082198,2026-06-11T19:44:42.198Z,Close Long,,HYPE-USD,0xAB961d7C42BBcd454A54b342Bd191a8f090219E6,0xffffffffffffffffffffffffffffffffffffffff,-20.59,,,59.38,-1222.6342,0,0
PERP,0xebb556bfa5ca4c0aed2f043d7f69cb02045d00a540cd6adc8f7e021264ce25f5,1781207082198,2026-06-11T19:44:42.198Z,Close Long,,HYPE-USD,0xAB961d7C42BBcd454A54b342Bd191a8f090219E6,0xffffffffffffffffffffffffffffffffffffffff,-163.14,,,59.38,-9687.2532,0,0
PERP,0x20677c533f85421c21e1043d7f69cb0204590038da8860eec43027a5fe891c06,1781207082198,2026-06-11T19:44:42.198Z,Close Long,,HYPE-USD,0xAB961d7C42BBcd454A54b342Bd191a8f090219E6,0xffffffffffffffffffffffffffffffffffffffff,-142.9,,,59.38,-8485.402,0,0
PERP,0x3c9f3e158c9c70ba3e18043d7f69cb02045200fb279f8f8ce067e9684b904aa4,1781207082198,2026-06-11T19:44:42.198Z,Close Long,,HYPE-USD,0xAB961d7C42BBcd454A54b342Bd191a8f090219E6,0xffffffffffffffffffffffffffffffffffffffff,-1010.44,,,59.38,-59999.927200000006,0,0
PERP,0xd6f850df5979ebc2d872043d7f69cb02045000c4f47d0a947ac0fc32187dc5ad,1781207082198,2026-06-11T19:44:42.198Z,Close Long,,HYPE-USD,0xAB961d7C42BBcd454A54b342Bd191a8f090219E6,0xffffffffffffffffffffffffffffffffffffffff,-31.97,,,59.38,-1898.3786,0,0
PERP,0x2f5cf4174102dec830d6043d7f69cb02043100fcdc05fd9ad3259f6a0006b8b2,1781207082198,2026-06-11T19:44:42.198Z,Close Long,,HYPE-USD,0xAB961d7C42BBcd454A54b342Bd191a8f090219E6,0xffffffffffffffffffffffffffffffffffffffff,-19.99,,,59.38,-1187.0062,0,0
PERP,0x02258a65a80eb70d039f043d7f69cb020421004b4301d5dfa5ee35b8670290f7,1781207082198,2026-06-11T19:44:42.198Z,Close Long,,HYPE-USD,0xAB961d7C42BBcd454A54b342Bd191a8f090219E6,0xffffffffffffffffffffffffffffffffffffffff,-17.36,,,59.38,-1030.8368,0,0
PERP,0x223246099010196223ac043d7f69ca02030f00ef2b133834c5faf15c4f13f34c,1781207082137,2026-06-11T19:44:42.137Z,Close Long,,HYPE-USD,0xAB961d7C42BBcd454A54b342Bd191a8f090219E6,0xffffffffffffffffffffffffffffffffffffffff,-249.19,,,59.38,-14796.9022,0,0
PERP,0x100588d1888c8e33117f043d7f69c80204b800b7238fad05b3ce34244780681d,1781207081992,2026-06-11T19:44:41.992Z,Close Long,,HYPE-USD,0xAB961d7C42BBcd454A54b342Bd191a8f090219E6,0xffffffffffffffffffffffffffffffffffffffff,-547.95,,,59.38,-32537.271000000004,0,0
PERP,0x91e437ca08b641c8935d043d7f69c80204b300afa3b9609a35ace31cc7ba1bb3,1781207081992,2026-06-11T19:44:41.992Z,Close Long,,HYPE-USD,0xAB961d7C42BBcd454A54b342Bd191a8f090219E6,0xffffffffffffffffffffffffffffffffffffffff,-77.92,,,59.38,-4626.8896,0,0
PERP,0x13c2e6c288eff55e153c043d7f69c80204ae00a823e31430b78b921547e3cf48,1781207081992,2026-06-11T19:44:41.992Z,Close Long,,HYPE-USD,0xAB961d7C42BBcd454A54b342Bd191a8f090219E6,0xffffffffffffffffffffffffffffffffffffffff,-23.2,,,59.38,-1377.616,0,0
PERP,0xae1bf98c55cd7066af95043d7f69c80204ac0071f0c08f3851e4a4df14c14a51,1781207081992,2026-06-11T19:44:41.992Z,Close Long,,HYPE-USD,0xAB961d7C42BBcd454A54b342Bd191a8f090219E6,0xffffffffffffffffffffffffffffffffffffffff,-138.14,,,59.38,-8202.7532,0,0
PERP,0x48750c5622aaeb6f49ee043d7f69c80204aa003bbdae0a41ec3db7a8e1aec559,1781207081992,2026-06-11T19:44:41.992Z,Close Long,,HYPE-USD,0xAB961d7C42BBcd454A54b342Bd191a8f090219E6,0xffffffffffffffffffffffffffffffffffffffff,-39.3,,,59.38,-2333.634,0,0
PERP,0xe2ce1f1fef886677e447043d7f69c80204a800058a8b85498696ca72ae8c4062,1781207081992,2026-06-11T19:44:41.992Z,Close Long,,HYPE-USD,0xAB961d7C42BBcd454A54b342Bd191a8f090219E6,0xffffffffffffffffffffffffffffffffffffffff,-205.23,,,59.38,-12186.5574,0,0
PERP,0x22b85e868a6d920a2432043d7f69c8020486006c2560b0dcc68109d949616bf4,1781207081992,2026-06-11T19:44:41.992Z,Close Long,,HYPE-USD,0xAB961d7C42BBcd454A54b342Bd191a8f090219E6,0xffffffffffffffffffffffffffffffffffffffff,-75.23,,,59.38,-4467.1574,0,0
PERP,0xa4970d7f0a97459fa610043d7f69c80204810064a59a6471485fb8d1c99b1f8a,1781207081992,2026-06-11T19:44:41.992Z,Close Long,,HYPE-USD,0xAB961d7C42BBcd454A54b342Bd191a8f090219E6,0xffffffffffffffffffffffffffffffffffffffff,-77.41,,,59.38,-4596.6058,0,0
PERP,0x2675bc778ac0f93527ef043d7f69c802047c005d25c41807ca3e67ca49c4d31f,1781207081992,2026-06-11T19:44:41.992Z,Close Long,,HYPE-USD,0xAB961d7C42BBcd454A54b342Bd191a8f090219E6,0xffffffffffffffffffffffffffffffffffffffff,-57.53,,,59.38,-3416.1314,0,0
PERP,0xf93e52c5f1ccd179fab8043d7f69c802046c00ab8ccff04c9d06fe18b0c0ab64,1781207081992,2026-06-11T19:44:41.992Z,Close Long,,HYPE-USD,0xAB961d7C42BBcd454A54b342Bd191a8f090219E6,0xffffffffffffffffffffffffffffffffffffffff,-107.3,,,59.38,-6371.474,0,0
PERP,0xb38c85430c14e24bb506043d7f69c80204590028a718011d57553095cb18bc36,1781207081992,2026-06-11T19:44:41.992Z,Close Long,,HYPE-USD,0xAB961d7C42BBcd454A54b342Bd191a8f090219E6,0xffffffffffffffffffffffffffffffffffffffff,-71.48,,,59.38,-4244.482400000001,0,0
PERP,0x3a2472c8ed3a90223b9e043d7f69c102069e00ae883daef4dded1e1bac3e6a0c,1781207081504,2026-06-11T19:44:41.504Z,Close Long,,HYPE-USD,0xAB961d7C42BBcd454A54b342Bd191a8f090219E6,0xffffffffffffffffffffffffffffffffffffffff,-71.48,,,59.38,-4244.482400000001,0,0
PERP,0x7f36d2a6b704b88680b0043d7f69b902026b008c5207d75822ff7df976089271,1781207080974,2026-06-11T19:44:40.974Z,Close Long,,HYPE-USD,0xAB961d7C42BBcd454A54b342Bd191a8f090219E6,0xffffffffffffffffffffffffffffffffffffffff,-71.48,,,59.38,-4244.482400000001,0,0
PERP,0x7ae2ea1158d608527c5c043d7f69b802035500f6f3d927241eab956417d9e23d,1781207080906,2026-06-11T19:44:40.906Z,Close Long,,HYPE-USD,0xAB961d7C42BBcd454A54b342Bd191a8f090219E6,0xffffffffffffffffffffffffffffffffffffffff,-9.13,,,59.38,-542.1394,0,0
PERP,0xfe38908d809771d9ffb2043d7f699d0206f800731b9a90aca2013be03f9b4bc4,1781207079098,2026-06-11T19:44:39.098Z,Close Long,,HYPE-USD,0xAB961d7C42BBcd454A54b342Bd191a8f090219E6,0xffffffffffffffffffffffffffffffffffffffff,-36.14,,,59.38,-2145.9932000000003,0,0
PERP,0xbad7e8d184aeb6e7bc51043d7f699a02013000b71fa1d5b95ea0942443a290d2,1781207078892,2026-06-11T19:44:38.892Z,Close Long,,HYPE-USD,0xAB961d7C42BBcd454A54b342Bd191a8f090219E6,0xffffffffffffffffffffffffffffffffffffffff,-49.63,,,59.38,-2947.0294000000004,0,0
PERP,0x56e4296107703caa585d043d7f699a01e5004146a2735b7cfaacd4b3c6741694,1781207078892,2026-06-11T19:44:38.892Z,Close Long,,HYPE-USD,0xAB961d7C42BBcd454A54b342Bd191a8f090219E6,0xffffffffffffffffffffffffffffffffffffffff,-155.44,,,59.38,-9230.0272,0,0
PERP,0xcdb04a039d923ab0cf2a043d7f696102037400e9389559827178f5565c96149b,1781207075018,2026-06-11T19:44:35.018Z,order,,HYPE,0xAB961d7C42BBcd454A54b342Bd191a8f090219E6,limit,-10000,,,59.38,-593800,-1,0
PERP,0xf5a6b7118dfa5c82f720043d7f63d102023a00f728fd7b55996f62644cfe366d,1781206977270,2026-06-11T19:42:57.270Z,Close Long,,HYPE-USD,0xAB961d7C42BBcd454A54b342Bd191a8f090219E6,0xffffffffffffffffffffffffffffffffffffffff,-225.41,,,59.47,-13405.1327,0,0
PERP,0x1a7d01a06b0a17531bf6043d7f63cc02040c0086060d3625be45acf32a0df13d,1781206976932,2026-06-11T19:42:56.932Z,Close Long,,HYPE-USD,0xAB961d7C42BBcd454A54b342Bd191a8f090219E6,0xffffffffffffffffffffffffffffffffffffffff,-211.18,,,59.47,-12558.874600000001,0,0
PERP,0x20c51735ad0b7860223e043d7f63a902031b001b480e9732c48dc2886c0f524a,1781206974624,2026-06-11T19:42:54.624Z,Close Long,,HYPE-USD,0xAB961d7C42BBcd454A54b342Bd191a8f090219E6,0xffffffffffffffffffffffffffffffffffffffff,-330.96,,,59.47,-19682.191199999997,0,0
PERP,0x1b9b3d86f72cf9f81d14043d7f63a602035c006c922018cabf63e8d9b620d3e2,1781206974366,2026-06-11T19:42:54.366Z,Close Long,,HYPE-USD,0xAB961d7C42BBcd454A54b342Bd191a8f090219E6,0xffffffffffffffffffffffffffffffffffffffff,-79.86,,,59.47,-4749.2742,0,0
PERP,0x45de1a363ee35ae54757043d7f638b0208ff001bd9e679b7e9a6c588fde734cf,1781206972587,2026-06-11T19:42:52.587Z,Close Long,,HYPE-USD,0xAB961d7C42BBcd454A54b342Bd191a8f090219E6,0xffffffffffffffffffffffffffffffffffffffff,-42.04,,,59.47,-2500.1187999999997,0,0
PERP,0xe6938c892d7560fce80d043d7f6381020482006ec8787fce8a5c37dbec793ae7,1781206971840,2026-06-11T19:42:51.840Z,Close Long,,HYPE-USD,0xAB961d7C42BBcd454A54b342Bd191a8f090219E6,0xffffffffffffffffffffffffffffffffffffffff,-697.56,,,59.47,-41483.8932,0,0
PERP,0x03ad53eff8431d780527043d7f63400207bc00d593463c4aa775ff42b746f762,1781206967488,2026-06-11T19:42:47.488Z,Close Long,,HYPE-USD,0xAB961d7C42BBcd454A54b342Bd191a8f090219E6,0xffffffffffffffffffffffffffffffffffffffff,-674.18,,,59.47,-40093.484599999996,0,0
PERP,0xe68848b757cc3867e802043d7f633f020239009cf2cf57398a50f40a16c01252,1781206967407,2026-06-11T19:42:47.407Z,Close Long,,HYPE-USD,0xAB961d7C42BBcd454A54b342Bd191a8f090219E6,0xffffffffffffffffffffffffffffffffffffffff,-50,,,59.47,-2973.5,0,0
PERP,0x395452208ae91c9b3ace043d7f633d0205c5000625ec3b6ddd1cfd7349ecf685,1781206967285,2026-06-11T19:42:47.285Z,Close Long,,HYPE-USD,0xAB961d7C42BBcd454A54b342Bd191a8f090219E6,0xffffffffffffffffffffffffffffffffffffffff,-0.68,,,59.47,-40.4396,0,0
PERP,0xe2b1520a96f19ecce42b043d7f633502055600f031f4bd9e8679fd5d55f578b7,1781206966743,2026-06-11T19:42:46.743Z,Close Long,,HYPE-USD,0xAB961d7C42BBcd454A54b342Bd191a8f090219E6,0xffffffffffffffffffffffffffffffffffffffff,-19.23,,,59.47,-1143.6081,0,0
PERP,0x2fdddb6f7d605c513157043d7f6335020555005518637b23d3a686c23c64363b,1781206966743,2026-06-11T19:42:46.743Z,Close Long,,HYPE-USD,0xAB961d7C42BBcd454A54b342Bd191a8f090219E6,0xffffffffffffffffffffffffffffffffffffffff,-0.67,,,59.47,-39.8449,0,0
PERP,0xca36ee394a4dd759cbb0043d7f6335020553001ee540f62b6dff998c0941b144,1781206966743,2026-06-11T19:42:46.743Z,Close Long,,HYPE-USD,0xAB961d7C42BBcd454A54b342Bd191a8f090219E6,0xffffffffffffffffffffffffffffffffffffffff,-34.31,,,59.47,-2040.4157,0,0
PERP,0xb06ef62de94a3387b1e8043d7f632d0202eb0013844d52595437a180a84e0d72,1781206966202,2026-06-11T19:42:46.202Z,Close Long,,HYPE-USD,0xAB961d7C42BBcd454A54b342Bd191a8f090219E6,0xffffffffffffffffffffffffffffffffffffffff,-29.86,,,59.47,-1775.7741999999998,0,0
PERP,0xa28944f436320f03a403043d7f630f0202a800d9d1352dd54651f046f535e8ee,1781206964152,2026-06-11T19:42:44.152Z,Close Long,,HYPE-USD,0xAB961d7C42BBcd454A54b342Bd191a8f090219E6,0xffffffffffffffffffffffffffffffffffffffff,-0.67,,,59.47,-39.8449,0,0
PERP,0x40cecbc6694518284248043d7f630d02038b00ac044836fae49777192848f212,1781206964013,2026-06-11T19:42:44.013Z,Close Long,,HYPE-USD,0xAB961d7C42BBcd454A54b342Bd191a8f090219E6,0xffffffffffffffffffffffffffffffffffffffff,-16.83,,,59.47,-1000.8800999999999,0,0
PERP,0x936be0e2060b479194e5043d7f630d02033700c7a10e666337348c34c50f217c,1781206964013,2026-06-11T19:42:44.013Z,Close Long,,HYPE-USD,0xAB961d7C42BBcd454A54b342Bd191a8f090219E6,0xffffffffffffffffffffffffffffffffffffffff,-1,,,59.47,-59.47,0,0
PERP,0x8331d9ae7dbbbe6e84ab043d7f630c02032f009418bedd4026fa85013cbf9859,1781206963952,2026-06-11T19:42:43.952Z,Close Long,,HYPE-USD,0xAB961d7C42BBcd454A54b342Bd191a8f090219E6,0xffffffffffffffffffffffffffffffffffffffff,-0.43,,,59.47,-25.5721,0,0
PERP,0x6e67f73727b8149d6fe1043d7f62ef020220001cc2bb336f1230a289e6bbee88,1781206961968,2026-06-11T19:42:41.968Z,Close Long,,HYPE-USD,0xAB961d7C42BBcd454A54b342Bd191a8f090219E6,0xffffffffffffffffffffffffffffffffffffffff,-7.86,,,59.47,-467.43420000000003,0,0
PERP,0x9c52b47bca76e8349dcc043d7f62e00203b70061657a0706401b5fce897ac21f,1781206960939,2026-06-11T19:42:40.939Z,Close Long,,HYPE-USD,0xAB961d7C42BBcd454A54b342Bd191a8f090219E6,0xffffffffffffffffffffffffffffffffffffffff,-88.18,,,59.47,-5244.064600000001,0,0
PERP,0x0295378a9d41da55040e043d7f62d202093200703844f927a65de2dd5c45b43f,1781206959905,2026-06-11T19:42:39.905Z,Close Long,,HYPE-USD,0xAB961d7C42BBcd454A54b342Bd191a8f090219E6,0xffffffffffffffffffffffffffffffffffffffff,-0.14,,,59.47,-8.325800000000001,0,0
PERP,0x15480d3f9f22de2c16c1043d7f62d202090000253a25fcfeb910b8925e26b816,1781206959905,2026-06-11T19:42:39.905Z,Close Long,,HYPE-USD,0xAB961d7C42BBcd454A54b342Bd191a8f090219E6,0xffffffffffffffffffffffffffffffffffffffff,-0.5,,,59.47,-29.735,0,0
PERP,0x73cb848d04e0cad27545043d7f62d20203bc00729fe3e9a417942fdfc3e4a4bd,1781206959905,2026-06-11T19:42:39.905Z,Close Long,,HYPE-USD,0xAB961d7C42BBcd454A54b342Bd191a8f090219E6,0xffffffffffffffffffffffffffffffffffffffff,-0.5,,,59.47,-29.735,0,0
PERP,0xe65db95bef119004e7d7043d7f62d202035700418a14aed68a2664aeae1569ef,1781206959905,2026-06-11T19:42:39.905Z,Close Long,,HYPE-USD,0xAB961d7C42BBcd454A54b342Bd191a8f090219E6,0xffffffffffffffffffffffffffffffffffffffff,-0.5,,,59.47,-29.735,0,0
PERP,0x1905aec43e6d29a51a7f043d7f62d202031400a9d9604877bcce5a16fd61038f,1781206959905,2026-06-11T19:42:39.905Z,Close Long,,HYPE-USD,0xAB961d7C42BBcd454A54b342Bd191a8f090219E6,0xffffffffffffffffffffffffffffffffffffffff,-0.5,,,59.47,-29.735,0,0
PERP,0x20806aa63f23f7fb21fa043d7f62d2020300008bda2716cdc44915f8fe27d1e5,1781206959905,2026-06-11T19:42:39.905Z,Close Long,,HYPE-USD,0xAB961d7C42BBcd454A54b342Bd191a8f090219E6,0xffffffffffffffffffffffffffffffffffffffff,-0.5,,,59.47,-29.735,0,0
PERP,0x8bce01a9f61d9fcc8d47043d7f62cc0207e5008f9110be9e2f96acfcb51179b7,1781206959500,2026-06-11T19:42:39.500Z,Close Long,,HYPE-USD,0xAB961d7C42BBcd454A54b342Bd191a8f090219E6,0xffffffffffffffffffffffffffffffffffffffff,-8.82,,,59.47,-524.5254,0,0
PERP,0xa805c36c4324ce6aa97f043d7f62cc0207de0051de27ed3c4bce6ebf0228a855,1781206959500,2026-06-11T19:42:39.500Z,Close Long,,HYPE-USD,0xAB961d7C42BBcd454A54b342Bd191a8f090219E6,0xffffffffffffffffffffffffffffffffffffffff,-58.45,,,59.47,-3476.0215000000003,0,0
PERP,0x77bf442871aac7407939043d7f62cc020306000e0cade6121b87ef7b30aea12b,1781206959500,2026-06-11T19:42:39.500Z,Close Long,,HYPE-USD,0xAB961d7C42BBcd454A54b342Bd191a8f090219E6,0xffffffffffffffffffffffffffffffffffffffff,-37.77,,,59.47,-2246.1819,0,0
PERP,0xc8813f3029c3c129c9fa043d7f62ca0203620015c4c6dffb6c49ea82e8c79b14,1781206959361,2026-06-11T19:42:39.361Z,Close Long,,HYPE-USD,0xAB961d7C42BBcd454A54b342Bd191a8f090219E6,0xffffffffffffffffffffffffffffffffffffffff,-6.57,,,59.47,-390.7179,0,0
PERP,0x6a550ddbf7680a886bce043d7f62ca02034c00c1926b295a0e1db92eb66be473,1781206959361,2026-06-11T19:42:39.361Z,Close Long,,HYPE-USD,0xAB961d7C42BBcd454A54b342Bd191a8f090219E6,0xffffffffffffffffffffffffffffffffffffffff,-163.88,,,59.47,-9745.943599999999,0,0
PERP,0x431b93f1159d3bac4495043d7f62c40202c500d6b0905a7ee6e43f43d4911596,1781206958960,2026-06-11T19:42:38.960Z,Close Long,,HYPE-USD,0xAB961d7C42BBcd454A54b342Bd191a8f090219E6,0xffffffffffffffffffffffffffffffffffffffff,-34.66,,,59.47,-2061.2302,0,0
PERP,0x35d949f2ca03a9ba3753043d7f62c40202a400d86506c88cd9a1f545890783a4,1781206958960,2026-06-11T19:42:38.960Z,Close Long,,HYPE-USD,0xAB961d7C42BBcd454A54b342Bd191a8f090219E6,0xffffffffffffffffffffffffffffffffffffffff,-118.02,,,59.47,-7018.649399999999,0,0
PERP,0x259f42bf41b420972718043d7f62c302029c00a4dcb73f69c967ee1200b7fa81,1781206958888,2026-06-11T19:42:38.888Z,Close Long,,HYPE-USD,0xAB961d7C42BBcd454A54b342Bd191a8f090219E6,0xffffffffffffffffffffffffffffffffffffffff,-89,,,59.47,-5292.83,0,0
PERP,0xf15bbb81d71b48c8f2d5043d7f62c20202270067721e679b952466d4961f22b3,1781206958824,2026-06-11T19:42:38.824Z,Close Long,,HYPE-USD,0xAB961d7C42BBcd454A54b342Bd191a8f090219E6,0xffffffffffffffffffffffffffffffffffffffff,-7.43,,,59.47,-441.8621,0,0
PERP,0xcc64ae6e027b5f5dcdde043d7f62c102021200539d7e7e2f702d59c0c17f3948,1781206958754,2026-06-11T19:42:38.754Z,Close Long,,HYPE-USD,0xAB961d7C42BBcd454A54b342Bd191a8f090219E6,0xffffffffffffffffffffffffffffffffffffffff,-17.98,,,59.47,-1069.2706,0,0
PERP,0xc2dfc260b7453496c459043d7f62c10201e700465248536866a86db376490e81,1781206958754,2026-06-11T19:42:38.754Z,Close Long,,HYPE-USD,0xAB961d7C42BBcd454A54b342Bd191a8f090219E6,0xffffffffffffffffffffffffffffffffffffffff,-48.06,,,59.47,-2858.1282,0,0
PERP,0x2c440d87eacb20b92dbd043d7f62c10201df006d85ce3f8bd00cb8daa9cefaa3,1781206958754,2026-06-11T19:42:38.754Z,Close Long,,HYPE-USD,0xAB961d7C42BBcd454A54b342Bd191a8f090219E6,0xffffffffffffffffffffffffffffffffffffffff,-76.14,,,59.47,-4528.0458,0,0
PERP,0x60f6331b848616ca626f043d7f62c10201db00011f89359c04bede6e4389f0b5,1781206958754,2026-06-11T19:42:38.754Z,Close Long,,HYPE-USD,0xAB961d7C42BBcd454A54b342Bd191a8f090219E6,0xffffffffffffffffffffffffffffffffffffffff,-39.01,,,59.47,-2319.9247,0,0
PERP,0x4a9d57d27e0194064c17043d7f62c00206f800b81904b2d8ee6603253d056df0,1781206958687,2026-06-11T19:42:38.687Z,Close Long,,HYPE-USD,0xAB961d7C42BBcd454A54b342Bd191a8f090219E6,0xffffffffffffffffffffffffffffffffffffffff,-72.18,,,59.47,-4292.5446,0,0
PERP,0x9092432486d4015e920b043d7f62a702024a000a21d72030345aee7745d7db49,1781206956820,2026-06-11T19:42:36.820Z,Close Long,,HYPE-USD,0xAB961d7C42BBcd454A54b342Bd191a8f090219E6,0xffffffffffffffffffffffffffffffffffffffff,-0.21,,,59.47,-12.4887,0,0
PERP,0x0c214eb89c1d12cc0d9b043d7f629e0202ab009e3710319eafe9fa0b5b10ecb6,1781206956216,2026-06-11T19:42:36.216Z,Close Long,,HYPE-USD,0xAB961d7C42BBcd454A54b342Bd191a8f090219E6,0xffffffffffffffffffffffffffffffffffffffff,-0.18,,,59.47,-10.7046,0,0
PERP,0x2e0aac3ad6c5f4b12f84043d7f56190203e7002071c91383d1d3578d95c9ce9b,1781206735219,2026-06-11T19:38:55.219Z,Close Long,,HYPE-USD,0xAB961d7C42BBcd454A54b342Bd191a8f090219E6,0xffffffffffffffffffffffffffffffffffffffff,-1689.5900000000001,,,59.47107417775909,-14867.5,0,0
PERP,0x5d8c3b09e210c2535f05043d7f55650203e800ef7d13e1250154e65ca1149c3e,1781206722927,2026-06-11T19:38:42.927Z,Close Long,,HYPE-USD,0xAB961d7C42BBcd454A54b342Bd191a8f090219E6,0xffffffffffffffffffffffffffffffffffffffff,-618.47,,,59.47,-36780.4109,0,0
PERP,0xccd6b83d62bdc8a1ce50043d7f556002075b0022fdb0e773709f639021b1a28c,1781206722602,2026-06-11T19:38:42.602Z,Close Long,,HYPE-USD,0xAB961d7C42BBcd454A54b342Bd191a8f090219E6,0xffffffffffffffffffffffffffffffffffffffff,-55.56,,,59.47,-3304.1532,0,0
PERP,0x259f19ff9585f6452718043d7f554d0203af00e530891517c967c5525489d02f,1781206721337,2026-06-11T19:38:41.337Z,Close Long,,HYPE-USD,0xAB961d7C42BBcd454A54b342Bd191a8f090219E6,0xffffffffffffffffffffffffffffffffffffffff,-1008.91,,,59.47,-59999.8777,0,0
PERP,0x37330c347a96ee3938ac043d7f5543020ada001a159a0d0bdafbb787399ac823,1781206720705,2026-06-11T19:38:40.705Z,Close Long,,HYPE-USD,0xAB961d7C42BBcd454A54b342Bd191a8f090219E6,0xffffffffffffffffffffffffffffffffffffffff,-8.57,,,59.47,-509.6579,0,0
PERP,0xf53e9ca295426635f6b8043d7f5543020abd008830458508990747f554464020,1781206720705,2026-06-11T19:38:40.705Z,Close Long,,HYPE-USD,0xAB961d7C42BBcd454A54b342Bd191a8f090219E6,0xffffffffffffffffffffffffffffffffffffffff,-69.66,,,59.47,-4142.6802,0,0
PERP,0x8f97af6c622fe13e9111043d7f5543020abb0051fd23001033605abf2123bb29,1781206720705,2026-06-11T19:38:40.705Z,Close Long,,HYPE-USD,0xAB961d7C42BBcd454A54b342Bd191a8f090219E6,0xffffffffffffffffffffffffffffffffffffffff,-70.07,,,59.47,-4167.0629,0,0
PERP,0x11765e64e25994d412f0043d7f5543020ab6004a7d5cb3a6b53f09b7a15d6ebe,1781206720705,2026-06-11T19:38:40.705Z,Close Long,,HYPE-USD,0xAB961d7C42BBcd454A54b342Bd191a8f090219E6,0xffffffffffffffffffffffffffffffffffffffff,-97.45,,,59.47,-5795.3515,0,0
PERP,0x2dae20272f60c3722f27043d7f5543020aaf000cca63e244d176cb79ee649d5c,1781206720705,2026-06-11T19:38:40.705Z,Close Long,,HYPE-USD,0xAB961d7C42BBcd454A54b342Bd191a8f090219E6,0xffffffffffffffffffffffffffffffffffffffff,-107.85,,,59.47,-6413.839499999999,0,0
PERP,0x7adaa98c15df80f67c54043d7f5543020aae0071b0d29fc81ea354ded4d35ae1,1781206720705,2026-06-11T19:38:40.705Z,Close Long,,HYPE-USD,0xAB961d7C42BBcd454A54b342Bd191a8f090219E6,0xffffffffffffffffffffffffffffffffffffffff,-169.27,,,59.47,-10066.4869,0,0
PERP,0x661da3abc98f20ae6797043d7f5543020aa1009164823f8009e64efe8882fa99,1781206720705,2026-06-11T19:38:40.705Z,Close Long,,HYPE-USD,0xAB961d7C42BBcd454A54b342Bd191a8f090219E6,0xffffffffffffffffffffffffffffffffffffffff,-12.98,,,59.47,-771.9206,0,0
PERP,0xb34a2d10affdde32b4c3043d7f5543020aa000f64af0fd045712d8636ef1b81d,1781206720705,2026-06-11T19:38:40.705Z,Close Long,,HYPE-USD,0xAB961d7C42BBcd454A54b342Bd191a8f090219E6,0xffffffffffffffffffffffffffffffffffffffff,-10.87,,,59.47,-646.4389,0,0
PERP,0xa24a85216400e515a3c4043d7f5543020a890006ff0403e7461330742304bf00,1781206720705,2026-06-11T19:38:40.705Z,Close Long,,HYPE-USD,0xAB961d7C42BBcd454A54b342Bd191a8f090219E6,0xffffffffffffffffffffffffffffffffffffffff,-7.23,,,59.47,-429.9681,0,0
PERP,0xde776696fe82a97cdff1043d7f5543020a71007c9985c84e824011e9bd868367,1781206720705,2026-06-11T19:38:40.705Z,Close Long,,HYPE-USD,0xAB961d7C42BBcd454A54b342Bd191a8f090219E6,0xffffffffffffffffffffffffffffffffffffffff,-39.22,,,59.47,-2332.4134,0,0
PERP,0x4e51883944b8e0f74fcb043d7f55430205cc001edfbbffc9f21a338c03bcbae1,1781206720705,2026-06-11T19:38:40.705Z,Close Long,,HYPE-USD,0xAB961d7C42BBcd454A54b342Bd191a8f090219E6,0xffffffffffffffffffffffffffffffffffffffff,-10.48,,,59.47,-623.2456,0,0
PERP,0x9b7e119e2b279e7b9cf7043d7f55430205cb0083c62abd4d3f46bcf0ea2b7866,1781206720705,2026-06-11T19:38:40.705Z,Close Long,,HYPE-USD,0xAB961d7C42BBcd454A54b342Bd191a8f090219E6,0xffffffffffffffffffffffffffffffffffffffff,-16.87,,,59.47,-1003.2589,0,0
PERP,0xe8aa9b0311965bffea24043d7f55430205ca00e8ac997ad18c734655d09a35ea,1781206720705,2026-06-11T19:38:40.705Z,Close Long,,HYPE-USD,0xAB961d7C42BBcd454A54b342Bd191a8f090219E6,0xffffffffffffffffffffffffffffffffffffffff,-48.84,,,59.47,-2904.5148,0,0
PERP,0x1d5cc096ab5152111ed6043d7f55430205c6007c465470e3c1256be96a552bfb,1781206720705,2026-06-11T19:38:40.705Z,Close Long,,HYPE-USD,0xAB961d7C42BBcd454A54b342Bd191a8f090219E6,0xffffffffffffffffffffffffffffffffffffffff,-18.47,,,59.47,-1098.4108999999999,0,0
PERP,0x6a8949fb91c00f956c03043d7f55430205c500e12cc32e670e51f54e50c3e980,1781206720705,2026-06-11T19:38:40.705Z,Close Long,,HYPE-USD,0xAB961d7C42BBcd454A54b342Bd191a8f090219E6,0xffffffffffffffffffffffffffffffffffffffff,-18.6,,,59.47,-1106.142,0,0
PERP,0xb7b5d360783ecd19b92f043d7f55430205c400461331ebeb5b7e7eb33732a704,1781206720705,2026-06-11T19:38:40.705Z,Close Long,,HYPE-USD,0xAB961d7C42BBcd454A54b342Bd191a8f090219E6,0xffffffffffffffffffffffffffffffffffffffff,-19.74,,,59.47,-1173.9378,0,0
PERP,0x04e25cc55ead8a9e065c043d7f55430205c300aaf9a0a970a8ab08181da16488,1781206720705,2026-06-11T19:38:40.705Z,Close Long,,HYPE-USD,0xAB961d7C42BBcd454A54b342Bd191a8f090219E6,0xffffffffffffffffffffffffffffffffffffffff,-17.52,,,59.47,-1041.9144,0,0
PERP,0x9f3b6f8f2b8b05a6a0b5043d7f55430205c10074c68e247843041ae1ea8edf91,1781206720705,2026-06-11T19:38:40.705Z,Close Long,,HYPE-USD,0xAB961d7C42BBcd454A54b342Bd191a8f090219E6,0xffffffffffffffffffffffffffffffffffffffff,-25.32,,,59.47,-1505.7804,0,0
PERP,0x86c10bbdded73e33883a043d7f55430205be00a379da5d052a89b7109ddb181e,1781206720705,2026-06-11T19:38:40.705Z,Close Long,,HYPE-USD,0xAB961d7C42BBcd454A54b342Bd191a8f090219E6,0xffffffffffffffffffffffffffffffffffffffff,-17.14,,,59.47,-1019.3158,0,0
PERP,0x089fbab65f00f1c90a19043d7f55430205b9009bfa04109bac6866091e04cbb3,1781206720705,2026-06-11T19:38:40.705Z,Close Long,,HYPE-USD,0xAB961d7C42BBcd454A54b342Bd191a8f090219E6,0xffffffffffffffffffffffffffffffffffffffff,-17.37,,,59.47,-1032.9939,0,0
PERP,0xa6b62b712c41d3fca82f043d7f55430205ad0056c744f2ce4a7ed6c3eb45ade7,1781206720705,2026-06-11T19:38:40.705Z,Close Long,,HYPE-USD,0xAB961d7C42BBcd454A54b342Bd191a8f090219E6,0xffffffffffffffffffffffffffffffffffffffff,-22.23,,,59.47,-1322.0181,0,0
PERP,0xc2eded337959029ac467043d7f55430205a60019145c216c66b69886385cdc85,1781206720705,2026-06-11T19:38:40.705Z,Close Long,,HYPE-USD,0xAB961d7C42BBcd454A54b342Bd191a8f090219E6,0xffffffffffffffffffffffffffffffffffffffff,-17.1,,,59.47,-1016.937,0,0
PERP,0x5d46fffd46367da35ec0043d7f55430205a400e2e1399c75010fab50053a578e,1781206720705,2026-06-11T19:38:40.705Z,Close Long,,HYPE-USD,0xAB961d7C42BBcd454A54b342Bd191a8f090219E6,0xffffffffffffffffffffffffffffffffffffffff,-24.05,,,59.47,-1430.2535,0,0
PERP,0x9d313f63e11ba9359eaa043d7f554302058200497c1ec80740f9eab6a01f8320,1781206720705,2026-06-11T19:38:40.705Z,Close Long,,HYPE-USD,0xAB961d7C42BBcd454A54b342Bd191a8f090219E6,0xffffffffffffffffffffffffffffffffffffffff,-23.58,,,59.47,-1402.3026,0,0
PERP,0x7b31ef854931b6fb7cab043d7f5543020554006ae434d5cd1efa9ad8083590e6,1781206720705,2026-06-11T19:38:40.705Z,Close Long,,HYPE-USD,0xAB961d7C42BBcd454A54b342Bd191a8f090219E6,0xffffffffffffffffffffffffffffffffffffffff,-2.55,,,59.47,-151.64849999999998,0,0
PERP,0x7eef4d7649951e268069043d7f554302054a005be4983cf822b7f8c90898f811,1781206720705,2026-06-11T19:38:40.705Z,Close Long,,HYPE-USD,0xAB961d7C42BBcd454A54b342Bd191a8f090219E6,0xffffffffffffffffffffffffffffffffffffffff,-9.45,,,59.47,-561.9915,0,0
PERP,0xec10f68e7d7e7173ed8a043d7f55430205380074187190458fd9a1e13c724b5e,1781206720705,2026-06-11T19:38:40.705Z,Close Long,,HYPE-USD,0xAB961d7C42BBcd454A54b342Bd191a8f090219E6,0xffffffffffffffffffffffffffffffffffffffff,-30.25,,,59.47,-1798.9675,0,0
PERP,0x24807a13179cceb025fa043d7f554302052a00f8b29fed82c8492565d690a89a,1781206720705,2026-06-11T19:38:40.705Z,Close Long,,HYPE-USD,0xAB961d7C42BBcd454A54b342Bd191a8f090219E6,0xffffffffffffffffffffffffffffffffffffffff,-3.68,,,59.47,-218.8496,0,0
PERP,0x71ad0377fe0b8c347326043d7f5543020529005d990eab061575aecabd0f661f,1781206720705,2026-06-11T19:38:40.705Z,Close Long,,HYPE-USD,0xAB961d7C42BBcd454A54b342Bd191a8f090219E6,0xffffffffffffffffffffffffffffffffffffffff,-3.14,,,59.47,-186.7358,0,0
PERP,0x917a36dd1cccf73792f3043d7f554102057f00c2b7c016093542e22fdbc0d122,1781206720584,2026-06-11T19:38:40.584Z,Close Long,,HYPE-USD,0xAB961d7C42BBcd454A54b342Bd191a8f090219E6,0xffffffffffffffffffffffffffffffffffffffff,-40.48,,,59.47,-2407.3455999999996,0,0
PERP,0xfade82045042e359fc58043d7f554102057700e9eb46022c9ea72d570f46bd44,1781206720584,2026-06-11T19:38:40.584Z,Close Long,,HYPE-USD,0xAB961d7C42BBcd454A54b342Bd191a8f090219E6,0xffffffffffffffffffffffffffffffffffffffff,-60.94,,,59.47,-3624.1018,0,0
PERP,0xe2641e33039f1be6e3dd043d7f554102057400189e923ab8862cc985c292f5d1,1781206720584,2026-06-11T19:38:40.584Z,Close Long,,HYPE-USD,0xAB961d7C42BBcd454A54b342Bd191a8f090219E6,0xffffffffffffffffffffffffffffffffffffffff,-226.03,,,59.47,-13442.0041,0,0
PERP,0x2f90a797ea0dd96b310a043d7f5541020573007d8500f83dd35952eaa901b355,1781206720584,2026-06-11T19:38:40.584Z,Close Long,,HYPE-USD,0xAB961d7C42BBcd454A54b342Bd191a8f090219E6,0xffffffffffffffffffffffffffffffffffffffff,-8.07,,,59.47,-479.9229,0,0
PERP,0x4bc8695a371508094d42043d7f554102056c003fd21826dbef9114acf618e1f3,1781206720584,2026-06-11T19:38:40.584Z,Close Long,,HYPE-USD,0xAB961d7C42BBcd454A54b342Bd191a8f090219E6,0xffffffffffffffffffffffffffffffffffffffff,-18.77,,,59.47,-1116.2519,0,0
PERP,0xe6217c2403f28311e79b043d7f554102056a00099ef5a1e389ea2776c2f65cfc,1781206720584,2026-06-11T19:38:40.584Z,Close Long,,HYPE-USD,0xAB961d7C42BBcd454A54b342Bd191a8f090219E6,0xffffffffffffffffffffffffffffffffffffffff,-30.79,,,59.47,-1831.0812999999998,0,0
PERP,0x334e0588ea61409634c7043d7f5541020569006e85645f68d716b0dba9651a80,1781206720584,2026-06-11T19:38:40.584Z,Close Long,,HYPE-USD,0xAB961d7C42BBcd454A54b342Bd191a8f090219E6,0xffffffffffffffffffffffffffffffffffffffff,-44.09,,,59.47,-2622.0323000000003,0,0
PERP,0x1ad3a1b79dbd79231c4d043d7f5541020566009d38b097f5be9c4d0a5cb1530d,1781206720584,2026-06-11T19:38:40.584Z,Close Long,,HYPE-USD,0xAB961d7C42BBcd454A54b342Bd191a8f090219E6,0xffffffffffffffffffffffffffffffffffffffff,-10.84,,,59.47,-644.6548,0,0
PERP,0x68002b1c842c36a76979043d7f554102056500021f2f55790bc8d66f43201092,1781206720584,2026-06-11T19:38:40.584Z,Close Long,,HYPE-USD,0xAB961d7C42BBcd454A54b342Bd191a8f090219E6,0xffffffffffffffffffffffffffffffffffffffff,-49.48,,,59.47,-2942.5755999999997,0,0
PERP,0xb52cb4816a9af42bb6a6043d7f55410205640067059e12fd58f55fd4299ece16,1781206720584,2026-06-11T19:38:40.584Z,Close Long,,HYPE-USD,0xAB961d7C42BBcd454A54b342Bd191a8f090219E6,0xffffffffffffffffffffffffffffffffffffffff,-78.89,,,59.47,-4691.5883,0,0
PERP,0x02593de65109b1b003d2043d7f554102056300cbec0cd082a621e939100d8b9a,1781206720584,2026-06-11T19:38:40.584Z,Close Long,,HYPE-USD,0xAB961d7C42BBcd454A54b342Bd191a8f090219E6,0xffffffffffffffffffffffffffffffffffffffff,-19.48,,,59.47,-1158.4756,0,0
PERP,0x4f85c74b37786f3450ff043d7f55410205620030d27b8e06f34e729df67c491e,1781206720584,2026-06-11T19:38:40.584Z,Close Long,,HYPE-USD,0xAB961d7C42BBcd454A54b342Bd191a8f090219E6,0xffffffffffffffffffffffffffffffffffffffff,-97.1,,,59.47,-5774.536999999999,0,0
PERP,0x370b6379eac4a7c13885043d7f554102055f005f85c7c693dad40ecca9c881ab,1781206720584,2026-06-11T19:38:40.584Z,Close Long,,HYPE-USD,0xAB961d7C42BBcd454A54b342Bd191a8f090219E6,0xffffffffffffffffffffffffffffffffffffffff,-19.84,,,59.47,-1179.8848,0,0
PERP,0xd1647643b7a222c9d2de043d7f554102055d002952a5419b752d219676a5fcb4,1781206720584,2026-06-11T19:38:40.584Z,Close Long,,HYPE-USD,0xAB961d7C42BBcd454A54b342Bd191a8f090219E6,0xffffffffffffffffffffffffffffffffffffffff,-52.79,,,59.47,-3139.4213,0,0
PERP,0x6bbd890d848f9dd26d37043d7f554102055b00f31f82bca40f863460438377bd,1781206720584,2026-06-11T19:38:40.584Z,Close Long,,HYPE-USD,0xAB961d7C42BBcd454A54b342Bd191a8f090219E6,0xffffffffffffffffffffffffffffffffffffffff,-40.33,,,59.47,-2398.4251,0,0
PERP,0xa06faea11e4a93e3a1e9043d7f55410205570086b94db2b5443859f3dd4e6dce,1781206720584,2026-06-11T19:38:40.584Z,Close Long,,HYPE-USD,0xAB961d7C42BBcd454A54b342Bd191a8f090219E6,0xffffffffffffffffffffffffffffffffffffffff,-98.15,,,59.47,-5836.980500000001,0,0
PERP,0xed9c380604b95167ef15043d7f554102055600eb9fbc70399164e358c3bd2b52,1781206720584,2026-06-11T19:38:40.584Z,Close Long,,HYPE-USD,0xAB961d7C42BBcd454A54b342Bd191a8f090219E6,0xffffffffffffffffffffffffffffffffffffffff,-23.76,,,59.47,-1413.0072,0,0
PERP,0x87f54acfd196cc70896f043d7f554102055400b56c99eb422bbdf622909aa65b,1781206720584,2026-06-11T19:38:40.584Z,Close Long,,HYPE-USD,0xAB961d7C42BBcd454A54b342Bd191a8f090219E6,0xffffffffffffffffffffffffffffffffffffffff,-7.25,,,59.47,-431.15749999999997,0,0
PERP,0x6f7ae6fe84e304fd70f4043d7f554102055100e41fe623cf1343925143e6dee8,1781206720584,2026-06-11T19:38:40.584Z,Close Long,,HYPE-USD,0xAB961d7C42BBcd454A54b342Bd191a8f090219E6,0xffffffffffffffffffffffffffffffffffffffff,-37,,,59.47,-2200.39,0,0
PERP,0x09d3f9c851c080060b4d043d7f554102054f00adecc39ed8ad9ca51b10c459f0,1781206720584,2026-06-11T19:38:40.584Z,Close Long,,HYPE-USD,0xAB961d7C42BBcd454A54b342Bd191a8f090219E6,0xffffffffffffffffffffffffffffffffffffffff,-16.06,,,59.47,-955.0881999999999,0,0
PERP,0x5700832d383f3d8a587a043d7f554102054e0012d3325c5cfac92e7ff7331774,1781206720584,2026-06-11T19:38:40.584Z,Close Long,,HYPE-USD,0xAB961d7C42BBcd454A54b342Bd191a8f090219E6,0xffffffffffffffffffffffffffffffffffffffff,-21.71,,,59.47,-1291.0937000000001,0,0
PERP,0x8bb2a8c0d1fa339b8d2c043d7f554102054a00a66cfd526d2f7b541390fe0d86,1781206720584,2026-06-11T19:38:40.584Z,Close Long,,HYPE-USD,0xAB961d7C42BBcd454A54b342Bd191a8f090219E6,0xffffffffffffffffffffffffffffffffffffffff,-80.29,,,59.47,-4774.8463,0,0
PERP,0xd8df3225b868f11fda58043d7f5541020549000b536c0ff17ca7dd78776ccb0a,1781206720584,2026-06-11T19:38:40.584Z,Close Long,,HYPE-USD,0xAB961d7C42BBcd454A54b342Bd191a8f090219E6,0xffffffffffffffffffffffffffffffffffffffff,-59.42,,,59.47,-3533.7074000000002,0,0
PERP,0x733844ef85466c2874b2043d7f554102054700d520498afa1700f042444a4613,1781206720584,2026-06-11T19:38:40.584Z,Close Long,,HYPE-USD,0xAB961d7C42BBcd454A54b342Bd191a8f090219E6,0xffffffffffffffffffffffffffffffffffffffff,-32.4,,,59.47,-1926.828,0,0
PERP,0x0d9157b95223e7310f0b043d7f5541020545009eed270603b15a030c1127c11b,1781206720584,2026-06-11T19:38:40.584Z,Close Long,,HYPE-USD,0xAB961d7C42BBcd454A54b342Bd191a8f090219E6,0xffffffffffffffffffffffffffffffffffffffff,-29.61,,,59.47,-1760.9067,0,0
PERP,0x5abde11e3892a4b55c37043d7f55410205440003d395c387fe868c70f7967e9f,1781206720584,2026-06-11T19:38:40.584Z,Close Long,,HYPE-USD,0xAB961d7C42BBcd454A54b342Bd191a8f090219E6,0xffffffffffffffffffffffffffffffffffffffff,-56.86,,,59.47,-3381.4642,0,0
PERP,0xa7ea6a831f016239a964043d7f55410205430068ba04810b4bb315d5de053c24,1781206720584,2026-06-11T19:38:40.584Z,Close Long,,HYPE-USD,0xAB961d7C42BBcd454A54b342Bd191a8f090219E6,0xffffffffffffffffffffffffffffffffffffffff,-51.13,,,59.47,-3040.7011,0,0
PERP,0xf516f3e805701fbdf690043d7f554102054200cda0733e9098df9f3ac473f9a8,1781206720584,2026-06-11T19:38:40.584Z,Close Long,,HYPE-USD,0xAB961d7C42BBcd454A54b342Bd191a8f090219E6,0xffffffffffffffffffffffffffffffffffffffff,-22.13,,,59.47,-1316.0711,0,0
PERP,0x42437d4cebeedd4243bd043d7f5541020541003286e1fc14e60c289faae2b72c,1781206720584,2026-06-11T19:38:40.584Z,Close Long,,HYPE-USD,0xAB961d7C42BBcd454A54b342Bd191a8f090219E6,0xffffffffffffffffffffffffffffffffffffffff,-38.7,,,59.47,-2301.489,0,0
PERP,0xdc9c9016b8cc584ade16043d7f554102053f00fc53cf771c80653b6977c03235,1781206720584,2026-06-11T19:38:40.584Z,Close Long,,HYPE-USD,0xAB961d7C42BBcd454A54b342Bd191a8f090219E6,0xffffffffffffffffffffffffffffffffffffffff,-6.63,,,59.47,-394.2861,0,0
PERP,0x29c9197b9f3b15cf2b42043d7f554102053e00613a3e34a1cd91c4ce5e3eefb9,1781206720584,2026-06-11T19:38:40.584Z,Close Long,,HYPE-USD,0xAB961d7C42BBcd454A54b342Bd191a8f090219E6,0xffffffffffffffffffffffffffffffffffffffff,-44.79,,,59.47,-2663.6612999999998,0,0
PERP,0x76f5a2e085a9d353786f043d7f554102053d00c620acf2251abe4e3344adad3e,1781206720584,2026-06-11T19:38:40.584Z,Close Long,,HYPE-USD,0xAB961d7C42BBcd454A54b342Bd191a8f090219E6,0xffffffffffffffffffffffffffffffffffffffff,-15.66,,,59.47,-931.3002,0,0
PERP,0x114eb5aa52874e5c12c8043d7f554102053b008fed8a6d2eb51760fd118b2846,1781206720584,2026-06-11T19:38:40.584Z,Close Long,,HYPE-USD,0xAB961d7C42BBcd454A54b342Bd191a8f090219E6,0xffffffffffffffffffffffffffffffffffffffff,-5.36,,,59.47,-318.7592,0,0
PERP,0x5e7b3f0f38f60be05ff4043d7f554102053a00f4d3f92ab20243ea61f7f9e5cb,1781206720584,2026-06-11T19:38:40.584Z,Close Long,,HYPE-USD,0xAB961d7C42BBcd454A54b342Bd191a8f090219E6,0xffffffffffffffffffffffffffffffffffffffff,-13.05,,,59.47,-776.0835000000001,0,0
PERP,0x1c86cf7d53a183dd1e00043d7f554102051d0062eea4a2afc04f7ad012a55dc7,1781206720584,2026-06-11T19:38:40.584Z,Close Long,,HYPE-USD,0xAB961d7C42BBcd454A54b342Bd191a8f090219E6,0xffffffffffffffffffffffffffffffffffffffff,-11.98,,,59.47,-712.4506,0,0
PERP,0x040c6bac06fdbc6a0586043d7f554102051a0091a1f0db3ca7d516fec5f19654,1781206720584,2026-06-11T19:38:40.584Z,Close Long,,HYPE-USD,0xAB961d7C42BBcd454A54b342Bd191a8f090219E6,0xffffffffffffffffffffffffffffffffffffffff,-12.34,,,59.47,-733.8598,0,0
PERP,0x4ce52e455ea93be14e5e043d7f5540020312002af9ac5ab3f0add9981dad15cb,1781206720504,2026-06-11T19:38:40.504Z,Close Long,,HYPE-USD,0xAB961d7C42BBcd454A54b342Bd191a8f090219E6,0xffffffffffffffffffffffffffffffffffffffff,-102.51,,,59.47,-6096.2697,0,0
PERP,0xb43f494147bfcb92b5b9043d7f55400202cb0026e2b2ea645807f49406b3a57d,1781206720504,2026-06-11T19:38:40.504Z,Close Long,,HYPE-USD,0xAB961d7C42BBcd454A54b342Bd191a8f090219E6,0xffffffffffffffffffffffffffffffffffffffff,-3.23,,,59.47,-192.0881,0,0
PERP,0x4e985c0b149d469b5012043d7f55400202c900f0af90656df261075dd3912085,1781206720504,2026-06-11T19:38:40.504Z,Close Long,,HYPE-USD,0xAB961d7C42BBcd454A54b342Bd191a8f090219E6,0xffffffffffffffffffffffffffffffffffffffff,-6.58,,,59.47,-391.3126,0,0
PERP,0xe8f16ed4e17ac1a3ea6b043d7f55400202c700ba7c7de0758cba1a27a07e9b8e,1781206720504,2026-06-11T19:38:40.504Z,Close Long,,HYPE-USD,0xAB961d7C42BBcd454A54b342Bd191a8f090219E6,0xffffffffffffffffffffffffffffffffffffffff,-5,,,59.47,-297.35,0,0
PERP,0x59d075de15b77c1c5b4a043d7f55400202ab00c3b0ba9aeefd992130d4bb5606,1781206720504,2026-06-11T19:38:40.504Z,Close Long,,HYPE-USD,0xAB961d7C42BBcd454A54b342Bd191a8f090219E6,0xffffffffffffffffffffffffffffffffffffffff,-11.21,,,59.47,-666.6587000000001,0,0
PERP,0xf7fe60bfae23b8b4f978043d7f553f02048f00a54926d7879bc70c126d27929f,1781206720439,2026-06-11T19:38:40.439Z,Close Long,,HYPE-USD,0xAB961d7C42BBcd454A54b342Bd191a8f090219E6,0xffffffffffffffffffffffffffffffffffffffff,-269.56,,,59.47,-16030.7332,0,0
PERP,0x452aea249492763946a4043d7f553f02048e000a2f95950be8f3957753965023,1781206720439,2026-06-11T19:38:40.439Z,Close Long,,HYPE-USD,0xAB961d7C42BBcd454A54b342Bd191a8f090219E6,0xffffffffffffffffffffffffffffffffffffffff,-71.45,,,59.47,-4249.1315,0,0
PERP,0x925773897b0133bd93d1043d7f553f02048d006f1604528f36201edc3a050da8,1781206720439,2026-06-11T19:38:40.439Z,Close Long,,HYPE-USD,0xAB961d7C42BBcd454A54b342Bd191a8f090219E6,0xffffffffffffffffffffffffffffffffffffffff,-15.49,,,59.47,-921.1903,0,0
PERP,0x2cb0865347eeaec62e2a043d7f553f02048b0038e2e1cd98d07931a606e288b0,1781206720439,2026-06-11T19:38:40.439Z,Close Long,,HYPE-USD,0xAB961d7C42BBcd454A54b342Bd191a8f090219E6,0xffffffffffffffffffffffffffffffffffffffff,-6.49,,,59.47,-385.9603,0,0
PERP,0xc709991d14cc29cec883043d7f553f0204890002afcf48a06ad2446fd3c003b9,1781206720439,2026-06-11T19:38:40.439Z,Close Long,,HYPE-USD,0xAB961d7C42BBcd454A54b342Bd191a8f090219E6,0xffffffffffffffffffffffffffffffffffffffff,-14.67,,,59.47,-872.4249,0,0
PERP,0x14362281fb3ae75315af043d7f553f0204880067963e0625b7fecdd4ba3ec13d,1781206720439,2026-06-11T19:38:40.439Z,Close Long,,HYPE-USD,0xAB961d7C42BBcd454A54b342Bd191a8f090219E6,0xffffffffffffffffffffffffffffffffffffffff,-32.24,,,59.47,-1917.3128000000002,0,0
PERP,0x6162abe6e1a9a4d762dc043d7f553f02048700cc7cacc3a9052b5739a0ad7ec2,1781206720439,2026-06-11T19:38:40.439Z,Close Long,,HYPE-USD,0xAB961d7C42BBcd454A54b342Bd191a8f090219E6,0xffffffffffffffffffffffffffffffffffffffff,-18.52,,,59.47,-1101.3844,0,0
PERP,0xb485fb494828bf0fb5ff043d7f553d0202b9002ee32bdde1584ea69c072c98fa,1781206720305,2026-06-11T19:38:40.305Z,Close Long,,HYPE-USD,0xAB961d7C42BBcd454A54b342Bd191a8f090219E6,0xffffffffffffffffffffffffffffffffffffffff,-336.28,,,59.47,-19998.5716,0,0
PERP,0xf2ba05d701421d5af433043d7f54a202046200bc9c453c2d9682b129c045f745,1781206709849,2026-06-11T19:38:29.849Z,order,,HYPE,0xAB961d7C42BBcd454A54b342Bd191a8f090219E6,limit,-5000,,,59.47,-297350,-1,0
PERP,0x61b43aeb95da28a6632d043d7f4e7b02029600d130dd4778057ce63e54de0291,1781206602317,2026-06-11T19:36:42.317Z,order,,HYPE,0xAB961d7C42BBcd454A54b342Bd191a8f090219E6,limit,-5000,,,59.54,-297700,-1,0
PERP,0xaa7f94b415e46e77abf9043d7f4b4e0203e00099b0e78d494e484006d4e84862,1781206547335,2026-06-11T19:35:47.335Z,Close Long,,HYPE-USD,0xAB961d7C42BBcd454A54b342Bd191a8f090219E6,0xffffffffffffffffffffffffffffffffffffffff,-326.44,,,59.42,-19397.0648,0,0
PERP,0xef811d0d0dee7005f0fa043d7f4b43020ad700f2a8e18ed79349c85fcce249f0,1781206546543,2026-06-11T19:35:46.543Z,Close Long,,HYPE-USD,0xAB961d7C42BBcd454A54b342Bd191a8f090219E6,0xffffffffffffffffffffffffffffffffffffffff,-12.11,,,59.42,-719.5762,0,0
PERP,0xa56430619db35a8ca6dd043d7f4b430203dc004738b6795e492cdbb45cb73477,1781206546543,2026-06-11T19:35:46.543Z,Close Long,,HYPE-USD,0xAB961d7C42BBcd454A54b342Bd191a8f090219E6,0xffffffffffffffffffffffffffffffffffffffff,-16.67,,,59.42,-990.5314000000001,0,0
PERP,0xc9b4627380759cb4cb2e043d7f4b4002043700591b78bb866d7d0dc63f79769f,1781206546326,2026-06-11T19:35:46.326Z,Close Long,,HYPE-USD,0xAB961d7C42BBcd454A54b342Bd191a8f090219E6,0xffffffffffffffffffffffffffffffffffffffff,-1,,,59.42,-59.42,0,0
PERP,0x39b276cda9b4332d3b2c043d7f4b2c02034f00b344b751ffdd7b222068b80d17,1781206544998,2026-06-11T19:35:44.998Z,Close Long,,HYPE-USD,0xAB961d7C42BBcd454A54b342Bd191a8f090219E6,0xffffffffffffffffffffffffffffffffffffffff,-1009.76,,,59.42,-59999.9392,0,0
PERP,0x142c2aa87ddd6f0b15a5043d7f4b2602027f008e18d08dddb7f4d5fb3cd148f5,1781206544585,2026-06-11T19:35:44.585Z,Close Long,,HYPE-USD,0xAB961d7C42BBcd454A54b342Bd191a8f090219E6,0xffffffffffffffffffffffffffffffffffffffff,-134.64,,,59.42,-8000.3088,0,0
PERP,0x795b52f424e473b07ad5043d7f4b200203b600d9bfe792821d23fe46e3e84d9b,1781206544178,2026-06-11T19:35:44.178Z,Close Long,,HYPE-USD,0xAB961d7C42BBcd454A54b342Bd191a8f090219E6,0xffffffffffffffffffffffffffffffffffffffff,-30.41,,,59.42,-1806.9622000000002,0,0
PERP,0xc687dc590b533134c801043d7f4b200203b5003ea65650066a5087abca570b1f,1781206544178,2026-06-11T19:35:44.178Z,Close Long,,HYPE-USD,0xAB961d7C42BBcd454A54b342Bd191a8f090219E6,0xffffffffffffffffffffffffffffffffffffffff,-28.37,,,59.42,-1685.7454,0,0
PERP,0x2a249963f40659bb2b9e043d7f4b2002037800498f09788dcded44b6b30a33a5,1781206544178,2026-06-11T19:35:44.178Z,Close Long,,HYPE-USD,0xAB961d7C42BBcd454A54b342Bd191a8f090219E6,0xffffffffffffffffffffffffffffffffffffffff,-65.01,,,59.42,-3862.8942000000006,0,0
PERP,0x5ed6bef78dc14fcc6050043d7f4b2002037400dd28c46e9e029f6a4a4cc529b7,1781206544178,2026-06-11T19:35:44.178Z,Close Long,,HYPE-USD,0xAB961d7C42BBcd454A54b342Bd191a8f090219E6,0xffffffffffffffffffffffffffffffffffffffff,-32.09,,,59.42,-1906.7878000000003,0,0
PERP,0xf92fd1c15aaecad4faa9043d7f4b2002037200a6f5a1e9a79cf87d1419a2a4bf,1781206544178,2026-06-11T19:35:44.178Z,Close Long,,HYPE-USD,0xAB961d7C42BBcd454A54b342Bd191a8f090219E6,0xffffffffffffffffffffffffffffffffffffffff,-33.76,,,59.42,-2006.0192,0,0
PERP,0x9388e48b278c45dd9502043d7f4b200203700070c28f64af37518fdde6801fc8,1781206544178,2026-06-11T19:35:44.178Z,Close Long,,HYPE-USD,0xAB961d7C42BBcd454A54b342Bd191a8f090219E6,0xffffffffffffffffffffffffffffffffffffffff,-20.38,,,59.42,-1210.9796,0,0
PERP,0x15679383a7b5f97316e1043d7f4b2002036b006942b91845b9303ed666b9d35d,1781206544178,2026-06-11T19:35:44.178Z,Close Long,,HYPE-USD,0xAB961d7C42BBcd454A54b342Bd191a8f090219E6,0xffffffffffffffffffffffffffffffffffffffff,-8.19,,,59.42,-486.64979999999997,0,0
PERP,0xc9ee37e4773b46a8cb67043d7f4b2002032300ca123e657a6db6e337363f2093,1781206544178,2026-06-11T19:35:44.178Z,Close Long,,HYPE-USD,0xAB961d7C42BBcd454A54b342Bd191a8f090219E6,0xffffffffffffffffffffffffffffffffffffffff,-49.46,,,59.42,-2938.9132,0,0
PERP,0x3352830baab132cb34cc043d7f4b2002031b00f145b4519dd71b2e5e69b50cb5,1781206544178,2026-06-11T19:35:44.178Z,Close Long,,HYPE-USD,0xAB961d7C42BBcd454A54b342Bd191a8f090219E6,0xffffffffffffffffffffffffffffffffffffffff,-43.82,,,59.42,-2603.7844,0,0
PERP,0x807f0c70912ff04f81f8043d7f4b2002031a00562c230f212447b7c35023ca3a,1781206544178,2026-06-11T19:35:44.178Z,Close Long,,HYPE-USD,0xAB961d7C42BBcd454A54b342Bd191a8f090219E6,0xffffffffffffffffffffffffffffffffffffffff,-19.15,,,59.42,-1137.893,0,0
PERP,0x1ad81f3a5e0d6b581c51043d7f4b20020318001ff9008a2abea0ca8d1d014542,1781206544178,2026-06-11T19:35:44.178Z,Close Long,,HYPE-USD,0xAB961d7C42BBcd454A54b342Bd191a8f090219E6,0xffffffffffffffffffffffffffffffffffffffff,-128.17,,,59.42,-7615.8614,0,0
PERP,0x025dbb691159a3e503d7043d7f4b20020315004eac5cc2b7a62666bbd05d7dcf,1781206544178,2026-06-11T19:35:44.178Z,Close Long,,HYPE-USD,0xAB961d7C42BBcd454A54b342Bd191a8f090219E6,0xffffffffffffffffffffffffffffffffffffffff,-48.23,,,59.42,-2865.8266,0,0
PERP,0xa0742c23de9a8618a1ed043d7f4b200203090009799da4ea443cd7769d9e6003,1781206544178,2026-06-11T19:35:44.178Z,Close Long,,HYPE-USD,0xAB961d7C42BBcd454A54b342Bd191a8f090219E6,0xffffffffffffffffffffffffffffffffffffffff,-32.98,,,59.42,-1959.6716,0,0
PERP,0x570500aff88f2fbf587e043d7f4b20020300009593824e91facdac02b78309a9,1781206544178,2026-06-11T19:35:44.178Z,Close Long,,HYPE-USD,0xAB961d7C42BBcd454A54b342Bd191a8f090219E6,0xffffffffffffffffffffffffffffffffffffffff,-6.81,,,59.42,-404.6502,0,0
PERP,0x41036b60256ce300427d043d7f4b1f0202c30045c06001d2e4cc16b2e460bcea,1781206544108,2026-06-11T19:35:44.108Z,Close Long,,HYPE-USD,0xAB961d7C42BBcd454A54b342Bd191a8f090219E6,0xffffffffffffffffffffffffffffffffffffffff,-24.36,,,59.42,-1447.4712,0,0
PERP,0xdb5c7e29f24a5e08dcd6043d7f4b1f0202c1000f8d4d7cda7f25297cb14e37f3,1781206544108,2026-06-11T19:35:44.108Z,Close Long,,HYPE-USD,0xAB961d7C42BBcd454A54b342Bd191a8f090219E6,0xffffffffffffffffffffffffffffffffffffffff,-3.97,,,59.42,-235.8974,0,0
PERP,0x75b590f3bf27d911772f043d7f4b1f0202bf00d95a2af7e3197e3c467e2bb2fc,1781206544108,2026-06-11T19:35:44.108Z,Close Long,,HYPE-USD,0xAB961d7C42BBcd454A54b342Bd191a8f090219E6,0xffffffffffffffffffffffffffffffffffffffff,-25.36,,,59.42,-1506.8912,0,0
PERP,0xc2e21a58a5969695c45b043d7f4b1f0202be003e4099b56766aac5ab649a7080,1781206544108,2026-06-11T19:35:44.108Z,Close Long,,HYPE-USD,0xAB961d7C42BBcd454A54b342Bd191a8f090219E6,0xffffffffffffffffffffffffffffffffffffffff,-3.19,,,59.42,-189.5498,0,0
PERP,0x5d3b2d227274119e5eb4043d7f4b1f0202bc00080d7730700103d8753177eb89,1781206544108,2026-06-11T19:35:44.108Z,Close Long,,HYPE-USD,0xAB961d7C42BBcd454A54b342Bd191a8f090219E6,0xffffffffffffffffffffffffffffffffffffffff,-15.76,,,59.42,-936.4592,0,0
PERP,0x91ed52b60c3f07af9367043d7f4b1f0202b8009ba732268135b5fe08cb32e19a,1781206544108,2026-06-11T19:35:44.108Z,Close Long,,HYPE-USD,0xAB961d7C42BBcd454A54b342Bd191a8f090219E6,0xffffffffffffffffffffffffffffffffffffffff,-33.17,,,59.42,-1970.9614000000001,0,0
PERP,0xdf19dc1af2adc533e093043d7f4b1f0202b700008da0e40582e2876db1a19f1e,1781206544108,2026-06-11T19:35:44.108Z,Close Long,,HYPE-USD,0xAB961d7C42BBcd454A54b342Bd191a8f090219E6,0xffffffffffffffffffffffffffffffffffffffff,-19.15,,,59.42,-1137.893,0,0
PERP,0x2c46657fd91c82b82dc0043d7f4b1f0202b60065741fa18ad00f10d298105ca2,1781206544108,2026-06-11T19:35:44.108Z,Close Long,,HYPE-USD,0xAB961d7C42BBcd454A54b342Bd191a8f090219E6,0xffffffffffffffffffffffffffffffffffffffff,-130.63,,,59.42,-7762.0346,0,0
PERP,0x7972eee4bf8b403c7aec043d7f4b1f0202b500ca5a8e5f0e1d3b9a377e8f1a27,1781206544108,2026-06-11T19:35:44.108Z,Close Long,,HYPE-USD,0xAB961d7C42BBcd454A54b342Bd191a8f090219E6,0xffffffffffffffffffffffffffffffffffffffff,-30.33,,,59.42,-1802.2086,0,0
PERP,0xc69f7849a5f9fdc0c819043d7f4b1f0202b4002f40fd1c926a68239c64fdd7ab,1781206544108,2026-06-11T19:35:44.108Z,Close Long,,HYPE-USD,0xAB961d7C42BBcd454A54b342Bd191a8f090219E6,0xffffffffffffffffffffffffffffffffffffffff,-20.22,,,59.42,-1201.4723999999999,0,0
PERP,0x13cc01ae8c68bb451545043d7f4b1f0202b30094276bda17b794ad014b6c952f,1781206544108,2026-06-11T19:35:44.108Z,Close Long,,HYPE-USD,0xAB961d7C42BBcd454A54b342Bd191a8f090219E6,0xffffffffffffffffffffffffffffffffffffffff,-1.03,,,59.42,-61.202600000000004,0,0
PERP,0xfb519ddd3fb4f3d1fccb043d7f4b1f0202b000c2dab812a49f1a492ffeb8cdbc,1781206544108,2026-06-11T19:35:44.108Z,Close Long,,HYPE-USD,0xAB961d7C42BBcd454A54b342Bd191a8f090219E6,0xffffffffffffffffffffffffffffffffffffffff,-159.52,,,59.42,-9478.6784,0,0
PERP,0x487e27422623b15649f7043d7f4b1f0202af0027c126d028ec46d294e5278b40,1781206544108,2026-06-11T19:35:44.108Z,Close Long,,HYPE-USD,0xAB961d7C42BBcd454A54b342Bd191a8f090219E6,0xffffffffffffffffffffffffffffffffffffffff,-24.91,,,59.42,-1480.1522,0,0
PERP,0x95aab0a70c926eda9724043d7f4b1f0202ae008ca7958dac39735bf9cb9648c5,1781206544108,2026-06-11T19:35:44.108Z,Close Long,,HYPE-USD,0xAB961d7C42BBcd454A54b342Bd191a8f090219E6,0xffffffffffffffffffffffffffffffffffffffff,-70.22,,,59.42,-4172.4724,0,0
PERP,0xe2d73a0bf3012c5ee450043d7f4b1f0202ad00f18e044b30869fe55eb2050649,1781206544108,2026-06-11T19:35:44.108Z,Close Long,,HYPE-USD,0xAB961d7C42BBcd454A54b342Bd191a8f090219E6,0xffffffffffffffffffffffffffffffffffffffff,-44.93,,,59.42,-2669.7406,0,0
PERP,0x3003c370d97fe9e3317d043d7f4b1f0202ac0056747308b5d3cc6ec39873c3cd,1781206544108,2026-06-11T19:35:44.108Z,Close Long,,HYPE-USD,0xAB961d7C42BBcd454A54b342Bd191a8f090219E6,0xffffffffffffffffffffffffffffffffffffffff,-181.66,,,59.42,-10794.2372,0,0
PERP,0x7d304cd5bfeea7677eaa043d7f4b1f0202ab00bb5ae1c63920f8f8287ee28152,1781206544108,2026-06-11T19:35:44.108Z,Close Long,,HYPE-USD,0xAB961d7C42BBcd454A54b342Bd191a8f090219E6,0xffffffffffffffffffffffffffffffffffffffff,-4.42,,,59.42,-262.6364,0,0
PERP,0x17895f9f8ccc22701903043d7f4b1f0202a9008527cf4142bb520af24bcffc5a,1781206544108,2026-06-11T19:35:44.108Z,Close Long,,HYPE-USD,0xAB961d7C42BBcd454A54b342Bd191a8f090219E6,0xffffffffffffffffffffffffffffffffffffffff,-57.53,,,59.42,-3418.4326,0,0
PERP,0x4c3b8533268718814db5043d7f4b1f0202a50018c18a3753f0043085e58af26b,1781206544108,2026-06-11T19:35:44.108Z,Close Long,,HYPE-USD,0xAB961d7C42BBcd454A54b342Bd191a8f090219E6,0xffffffffffffffffffffffffffffffffffffffff,-45,,,59.42,-2673.9,0,0
PERP,0xe69497fcf3649389e80e043d7f4b1f0202a300e28e67b25b8a5d434fb2686d74,1781206544108,2026-06-11T19:35:44.108Z,Close Long,,HYPE-USD,0xAB961d7C42BBcd454A54b342Bd191a8f090219E6,0xffffffffffffffffffffffffffffffffffffffff,-125.54,,,59.42,-7459.586800000001,0,0
PERP,0x33c12161d9d3510e353a043d7f4b1f0202a2004774d66fe0d789ccb498d72af8,1781206544108,2026-06-11T19:35:44.108Z,Close Long,,HYPE-USD,0xAB961d7C42BBcd454A54b342Bd191a8f090219E6,0xffffffffffffffffffffffffffffffffffffffff,-15.58,,,59.42,-925.7636,0,0
PERP,0xb95d2e4b5a606bcebad6043d7f4b1f0202930030f5638aa05d25d99e196445b9,1781206544108,2026-06-11T19:35:44.108Z,Close Long,,HYPE-USD,0xAB961d7C42BBcd454A54b342Bd191a8f090219E6,0xffffffffffffffffffffffffffffffffffffffff,-117.47,,,59.42,-6980.0674,0,0
PERP,0x0689b7b040df29530803043d7f4b1f0202920095dbd24825aa526302ffd3033d,1781206544108,2026-06-11T19:35:44.108Z,Close Long,,HYPE-USD,0xAB961d7C42BBcd454A54b342Bd191a8f090219E6,0xffffffffffffffffffffffffffffffffffffffff,-22.2,,,59.42,-1319.124,0,0
PERP,0x93a0807bc2231269951a043d7f4b1f02026f00615d26313b37692bce8126ec54,1781206544108,2026-06-11T19:35:44.108Z,Close Long,,HYPE-USD,0xAB961d7C42BBcd454A54b342Bd191a8f090219E6,0xffffffffffffffffffffffffffffffffffffffff,-177.2,,,59.42,-10529.224,0,0
PERP,0xc64875e4117eac09c7c2043d7f4b1f02022c00c9ac71cadb6a112136d07285f4,1781206544108,2026-06-11T19:35:44.108Z,Close Long,,HYPE-USD,0xAB961d7C42BBcd454A54b342Bd191a8f090219E6,0xffffffffffffffffffffffffffffffffffffffff,-177.69,,,59.42,-10558.3398,0,0
PERP,0x0766b0c9003c818b08e0043d7f4b1d02078200ae9b3fa05dab2f5c1bbf305b75,1781206543977,2026-06-11T19:35:43.977Z,Close Long,,HYPE-USD,0xAB961d7C42BBcd454A54b342Bd191a8f090219E6,0xffffffffffffffffffffffffffffffffffffffff,-23.25,,,59.42,-1381.515,0,0
PERP,0x54933a2de6ab3f0f560c043d7f4b1d020781001381ae5de1f85be580a5af18f9,1781206543977,2026-06-11T19:35:43.977Z,Close Long,,HYPE-USD,0xAB961d7C42BBcd454A54b342Bd191a8f090219E6,0xffffffffffffffffffffffffffffffffffffffff,-52.2,,,59.42,-3101.724,0,0
PERP,0xa1bfc392cd19fc93a339043d7f4b1d0207800078681d1b6545886ee58c1dd67e,1781206543977,2026-06-11T19:35:43.977Z,Close Long,,HYPE-USD,0xAB961d7C42BBcd454A54b342Bd191a8f090219E6,0xffffffffffffffffffffffffffffffffffffffff,-82.32,,,59.42,-4891.4544,0,0
PERP,0xe306502358d3534fe480043d7f4b1d02039c0008f3d6722186cefb7617d72d3a,1781206543977,2026-06-11T19:35:43.977Z,Close Long,,HYPE-USD,0xAB961d7C42BBcd454A54b342Bd191a8f090219E6,0xffffffffffffffffffffffffffffffffffffffff,-19.94,,,59.42,-1184.8348,0,0
PERP,0xb98c4462c03292bfbb06043d7f4b1d02038200485b35b1915d54efb57f366caa,1781206543977,2026-06-11T19:35:43.977Z,Close Long,,HYPE-USD,0xAB961d7C42BBcd454A54b342Bd191a8f090219E6,0xffffffffffffffffffffffffffffffffffffffff,-31.44,,,59.42,-1868.1648000000002,0,0
PERP,0xd5c406250d49c15dd73d043d7f4b1d02037b000aa84ce02f798cb177cc4d9b48,1781206543977,2026-06-11T19:35:43.977Z,Close Long,,HYPE-USD,0xAB961d7C42BBcd454A54b342Bd191a8f090219E6,0xffffffffffffffffffffffffffffffffffffffff,-19.98,,,59.42,-1187.2116,0,0
PERP,0xbd49a253c095f9eabec3043d7f4b1d02037800395b9918bc61124da67f99d3d5,1781206543977,2026-06-11T19:35:43.977Z,Close Long,,HYPE-USD,0xAB961d7C42BBcd454A54b342Bd191a8f090219E6,0xffffffffffffffffffffffffffffffffffffffff,-18.63,,,59.42,-1106.9946,0,0
PERP,0x5b60130e8dd6dc1e5cd9043d7f4b1d02036c00f428d9faf0ff28be614cdab608,1781206543977,2026-06-11T19:35:43.977Z,Close Long,,HYPE-USD,0xAB961d7C42BBcd454A54b342Bd191a8f090219E6,0xffffffffffffffffffffffffffffffffffffffff,-23.9,,,59.42,-1420.138,0,0
PERP,0x2a6b4b6bf47f4d382be5043d7f4b1d02036600518f726c0ace33f6beb3732722,1781206543977,2026-06-11T19:35:43.977Z,Close Long,,HYPE-USD,0xAB961d7C42BBcd454A54b342Bd191a8f090219E6,0xffffffffffffffffffffffffffffffffffffffff,-23.78,,,59.42,-1413.0076000000001,0,0
PERP,0x7797d4d0daee0abc7911043d7f4b1d02036500b675e1298e1b60802399e1e4a7,1781206543977,2026-06-11T19:35:43.977Z,Close Long,,HYPE-USD,0xAB961d7C42BBcd454A54b342Bd191a8f090219E6,0xffffffffffffffffffffffffffffffffffffffff,-17.75,,,59.42,-1054.705,0,0
PERP,0x62dacef08e9daa746454043d7f4b1d02035800d62990c94606a37a434d91845f,1781206543977,2026-06-11T19:35:43.977Z,Close Long,,HYPE-USD,0xAB961d7C42BBcd454A54b342Bd191a8f090219E6,0xffffffffffffffffffffffffffffffffffffffff,-100.38,,,59.42,-5964.5796,0,0
PERP,0x4a606b1f41e9e3014bda043d7f4b1d0203550004dced01d3ee29167200edbceb,1781206543977,2026-06-11T19:35:43.977Z,Close Long,,HYPE-USD,0xAB961d7C42BBcd454A54b342Bd191a8f090219E6,0xffffffffffffffffffffffffffffffffffffffff,-20.24,,,59.42,-1202.6607999999999,0,0
PERP,0x3d1e2120f650510f3e97043d7f4b1d020334000691536fe1e0e6cc73b5542af9,1781206543977,2026-06-11T19:35:43.977Z,Close Long,,HYPE-USD,0xAB961d7C42BBcd454A54b342Bd191a8f090219E6,0xffffffffffffffffffffffffffffffffffffffff,-20.5,,,59.42,-1218.1100000000001,0,0
PERP,0xb4f88ffaf9dd06ebb672043d7f4b1b020bb600e094d025bd58c13b4db8d0e0d6,1781206543851,2026-06-11T19:35:43.851Z,Close Long,,HYPE-USD,0xAB961d7C42BBcd454A54b342Bd191a8f090219E6,0xffffffffffffffffffffffffffffffffffffffff,-242.31,,,59.42,-14398.0602,0,0
PERP,0x0225195fe04bc470039e043d7f4b1b020bb500457b4ee342a5edc4b29f4f9e5a,1781206543851,2026-06-11T19:35:43.851Z,Close Long,,HYPE-USD,0xAB961d7C42BBcd454A54b342Bd191a8f090219E6,0xffffffffffffffffffffffffffffffffffffffff,-30.98,,,59.42,-1840.8316,0,0
PERP,0xb8b5edebfa306e16ba2f043d7f4b1b020bac00d195338ce85c7e993eb9344801,1781206543851,2026-06-11T19:35:43.851Z,Close Long,,HYPE-USD,0xAB961d7C42BBcd454A54b342Bd191a8f090219E6,0xffffffffffffffffffffffffffffffffffffffff,-26.92,,,59.42,-1599.5864000000001,0,0
PERP,0x6f46c278142517bd70c0043d7f4b1b020ba3005daf28368f130f6dcad328f1a8,1781206543851,2026-06-11T19:35:43.851Z,Close Long,,HYPE-USD,0xAB961d7C42BBcd454A54b342Bd191a8f090219E6,0xffffffffffffffffffffffffffffffffffffffff,-19.67,,,59.42,-1168.7914,0,0
PERP,0xbc734bdcfa93d541bded043d7f4b1b020ba200c29596f413603bf72fb997af2c,1781206543851,2026-06-11T19:35:43.851Z,Close Long,,HYPE-USD,0xAB961d7C42BBcd454A54b342Bd191a8f090219E6,0xffffffffffffffffffffffffffffffffffffffff,-20.01,,,59.42,-1188.9942,0,0
PERP,0x8f3be22b619fad8690b5043d7f4b1b020b920010fc92cc5833048d7e20938771,1781206543851,2026-06-11T19:35:43.851Z,Close Long,,HYPE-USD,0xAB961d7C42BBcd454A54b342Bd191a8f090219E6,0xffffffffffffffffffffffffffffffffffffffff,-19.05,,,59.42,-1131.951,0,0
PERP,0xf8a02d52951599a8fa19043d7f4b1b020b8a00383018b87b9c68d8a554197393,1781206543851,2026-06-11T19:35:43.851Z,Close Long,,HYPE-USD,0xAB961d7C42BBcd454A54b342Bd191a8f090219E6,0xffffffffffffffffffffffffffffffffffffffff,-71.51,,,59.42,-4249.1242,0,0
PERP,0x62047879c89b85cb637e043d7f4b1b020b82005f639ea49d05cd23cc879f5fb6,1781206543851,2026-06-11T19:35:43.851Z,Close Long,,HYPE-USD,0xAB961d7C42BBcd454A54b342Bd191a8f090219E6,0xffffffffffffffffffffffffffffffffffffffff,-47.72,,,59.42,-2835.5224,0,0
PERP,0x2cfb50809a553e032e75043d7f4b1b020afe006635585cd5d0c3fbd3595917ed,1781206543851,2026-06-11T19:35:43.851Z,Close Long,,HYPE-USD,0xAB961d7C42BBcd454A54b342Bd191a8f090219E6,0xffffffffffffffffffffffffffffffffffffffff,-88.38,,,59.42,-5251.5396,0,0
PERP,0x9503b3db4b495570967d043d7f4b1b0205e500c0e64c744238cc5f2e0a4d2f5b,1781206543851,2026-06-11T19:35:43.851Z,Close Long,,HYPE-USD,0xAB961d7C42BBcd454A54b342Bd191a8f090219E6,0xffffffffffffffffffffffffffffffffffffffff,-7.9,,,59.42,-469.418,0,0
PERP,0x1a20d21108a1f3b41b9a043d7f4b190205b500f6a3a51286bde97d63c7a5cd9e,1781206543718,2026-06-11T19:35:43.718Z,Close Long,,HYPE-USD,0xAB961d7C42BBcd454A54b342Bd191a8f090219E6,0xffffffffffffffffffffffffffffffffffffffff,-177.69,,,59.42,-10558.3398,0,0
PERP,0xb479e4dad58f6ebcb5f3043d7f4b190205b300c070828d8e5842902d948348a7,1781206543718,2026-06-11T19:35:43.718Z,Close Long,,HYPE-USD,0xAB961d7C42BBcd454A54b342Bd191a8f090219E6,0xffffffffffffffffffffffffffffffffffffffff,-50.85,,,59.42,-3021.507,0,0
PERP,0x4ed2f7a4a26ce9c5504c043d7f4b190205b1008a3d600897f29ba2f76160c3af,1781206543718,2026-06-11T19:35:43.718Z,Close Long,,HYPE-USD,0xAB961d7C42BBcd454A54b342Bd191a8f090219E6,0xffffffffffffffffffffffffffffffffffffffff,-4.77,,,59.42,-283.4334,0,0
PERP,0x0563cc30bc51936c06dd043d7f4b190205a800165754b23ea92c77837b556d56,1781206543718,2026-06-11T19:35:43.718Z,Close Long,,HYPE-USD,0xAB961d7C42BBcd454A54b342Bd191a8f090219E6,0xffffffffffffffffffffffffffffffffffffffff,-5.59,,,59.42,-332.1578,0,0
PERP,0xaeb256be8abcab20b02c043d7f4b1902057e00a425bfc9f2527b021149b0850b,1781206543718,2026-06-11T19:35:43.718Z,Close Long,,HYPE-USD,0xAB961d7C42BBcd454A54b342Bd191a8f090219E6,0xffffffffffffffffffffffffffffffffffffffff,-6.84,,,59.42,-406.4328,0,0
PERP,0xf2719006c09c0a69f3eb043d7f4b1802045100ec5b9f293c963a3b597f9fe454,1781206543645,2026-06-11T19:35:43.645Z,Close Long,,HYPE-USD,0xAB961d7C42BBcd454A54b342Bd191a8f090219E6,0xffffffffffffffffffffffffffffffffffffffff,-77.68,,,59.42,-4615.7456,0,0
PERP,0x787c197ca0dfd14679f5043d7f4b170206ba00623bd2f0181c44c4cf5fd3ab31,1781206543587,2026-06-11T19:35:43.587Z,Close Long,,HYPE-USD,0xAB961d7C42BBcd454A54b342Bd191a8f090219E6,0xffffffffffffffffffffffffffffffffffffffff,-71.51,,,59.42,-4249.1242,0,0
PERP,0x185eecb2f2a5abb419d8043d7f4af102041d00988da8ca86bc279805b1a9859e,1781206541205,2026-06-11T19:35:41.205Z,Close Long,,HYPE-USD,0xAB961d7C42BBcd454A54b342Bd191a8f090219E6,0xffffffffffffffffffffffffffffffffffffffff,-4.17,,,59.42,-247.7814,0,0
PERP,0x128bd5d9b6c6c9b01405043d7f4adf020f8900bf51c9e882b654812c75caa39a,1781206539995,2026-06-11T19:35:39.995Z,Close Long,,HYPE-USD,0xAB961d7C42BBcd454A54b342Bd191a8f090219E6,0xffffffffffffffffffffffffffffffffffffffff,-0.17,,,59.42,-10.101400000000002,0,0
PERP,0xec7d96363a3d9928edf7043d7f4ad0020c63001bd530b7fa90464188f9317313,1781206538952,2026-06-11T19:35:38.952Z,Close Long,,HYPE-USD,0xAB961d7C42BBcd454A54b342Bd191a8f090219E6,0xffffffffffffffffffffffffffffffffffffffff,-41.38,,,59.42,-2458.7996000000003,0,0
PERP,0xa30eae55f309271da488043d7f4ad0020678003b8e0c45ef46d759a8b20d0108,1781206538952,2026-06-11T19:35:38.952Z,Close Long,,HYPE-USD,0xAB961d7C42BBcd454A54b342Bd191a8f090219E6,0xffffffffffffffffffffffffffffffffffffffff,-26.01,,,59.42,-1545.5142,0,0
PERP,0x41251f10c04a0951429e043d7f4ad002066c00f65b4d2823e4edca637f4de33b,1781206538952,2026-06-11T19:35:38.952Z,Close Long,,HYPE-USD,0xAB961d7C42BBcd454A54b342Bd191a8f090219E6,0xffffffffffffffffffffffffffffffffffffffff,-320.69,,,59.42,-19055.3998,0,0
PERP,0x9989c248a7d2fc569b03043d7f4ad002064d002e42d61b283d526d9b66d6d641,1781206538952,2026-06-11T19:35:38.952Z,Close Long,,HYPE-USD,0xAB961d7C42BBcd454A54b342Bd191a8f090219E6,0xffffffffffffffffffffffffffffffffffffffff,-48.71,,,59.42,-2894.3482000000004,0,0
PERP,0x888a1a595be603398a03043d7f4ad0020636003ef6e9220b2c52c5ac1ae9dd24,1781206538952,2026-06-11T19:35:38.952Z,Close Long,,HYPE-USD,0xAB961d7C42BBcd454A54b342Bd191a8f090219E6,0xffffffffffffffffffffffffffffffffffffffff,-35.47,,,59.42,-2107.6274,0,0
PERP,0xff8afa7fc21d3c9f0104043d7f442202072901065d105b72a353a5d28111168a,1781206423167,2026-06-11T19:33:43.167Z,Close Long,,HYPE-USD,0xAB961d7C42BBcd454A54b342Bd191a8f090219E6,0xffffffffffffffffffffffffffffffffffffffff,-1009.76,,,59.42,-59999.9392,0,0
PERP,0xf25b46788afd2730f3d5043d7f44210204fa005e25f046039623f1cb49f1011b,1781206423085,2026-06-11T19:33:43.085Z,Close Long,,HYPE-USD,0xAB961d7C42BBcd454A54b342Bd191a8f090219E6,0xffffffffffffffffffffffffffffffffffffffff,-541.63,,,59.42,-32183.6546,0,0
PERP,0x943660b75f25dee195b0043d7f441d020349009cfa28fdb337ff0c0a1e29b8cc,1781206422797,2026-06-11T19:33:42.797Z,Close Long,,HYPE-USD,0xAB961d7C42BBcd454A54b342Bd191a8f090219E6,0xffffffffffffffffffffffffffffffffffffffff,-134.51,,,59.42,-7992.584199999999,0,0
PERP,0x78db980dd17c087b7a55043d7f441b02084000f36c7f274d1ca44360907fe266,1781206422686,2026-06-11T19:33:42.686Z,Close Long,,HYPE-USD,0xAB961d7C42BBcd454A54b342Bd191a8f090219E6,0xffffffffffffffffffffffffffffffffffffffff,-0.68,,,59.42,-40.40560000000001,0,0
PERP,0x178fdf00031ca20a1909043d7f44180205b900e59e1fc0dcbb588a52c2107bf4,1781206422480,2026-06-11T19:33:42.480Z,Close Long,,HYPE-USD,0xAB961d7C42BBcd454A54b342Bd191a8f090219E6,0xffffffffffffffffffffffffffffffffffffffff,-62.44,,,59.42,-3710.1848,0,0
PERP,0x3c9ea9ce41ceca283e18043d7f44180201dc00b3dcc1e8fae067552100c2a412,1781206422480,2026-06-11T19:33:42.480Z,Close Long,,HYPE-USD,0xAB961d7C42BBcd454A54b342Bd191a8f090219E6,0xffffffffffffffffffffffffffffffffffffffff,-24.47,,,59.42,-1454.0074,0,0
PERP,0xfaaa3a3c5c7a4224fc23043d7f44180201bf0021f77d60f79e72e58f1b7e1c0f,1781206422480,2026-06-11T19:33:42.480Z,Close Long,,HYPE-USD,0xAB961d7C42BBcd454A54b342Bd191a8f090219E6,0xffffffffffffffffffffffffffffffffffffffff,-178.94,,,59.42,-10632.6148,0,0
PERP,0x16e1fbfea98170c3185b043d7f44180201b800e444848f95baaaa75168854aad,1781206422480,2026-06-11T19:33:42.480Z,Close Long,,HYPE-USD,0xAB961d7C42BBcd454A54b342Bd191a8f090219E6,0xffffffffffffffffffffffffffffffffffffffff,-71.51,,,59.42,-4249.1242,0,0
PERP,0x87c10307ddce2b3b893a043d7f441802019c00ed78c14a0d2b89ae5a9cc20526,1781206422480,2026-06-11T19:33:42.480Z,Close Long,,HYPE-USD,0xAB961d7C42BBcd454A54b342Bd191a8f090219E6,0xffffffffffffffffffffffffffffffffffffffff,-179.96,,,59.42,-10693.2232,0,0
PERP,0xd0b11dfe313992f0d22a043d7f441602047500e3cc3cb1c27479c950f03d6cdb,1781206422339,2026-06-11T19:33:42.339Z,Close Long,,HYPE-USD,0xAB961d7C42BBcd454A54b342Bd191a8f090219E6,0xffffffffffffffffffffffffffffffffffffffff,-4.91,,,59.42,-291.7522,0,0
PERP,0x8537c25f00bee02686b1043d7f441602042d00449bb1fef829006db1bfb2ba11,1781206422339,2026-06-11T19:33:42.339Z,Close Long,,HYPE-USD,0xAB961d7C42BBcd454A54b342Bd191a8f090219E6,0xffffffffffffffffffffffffffffffffffffffff,-20.77,,,59.42,-1234.1534,0,0
PERP,0xc52201c59b940bb8c69b043d7f441602040b00ab36972a8a68eaad185a97e5a3,1781206422339,2026-06-11T19:33:42.339Z,Close Long,,HYPE-USD,0xAB961d7C42BBcd454A54b342Bd191a8f090219E6,0xffffffffffffffffffffffffffffffffffffffff,-12286.320000000003,,,59.45699186737773,-1511.6702400000001,0,0
PERP,0xbdcb301d9d822b11bf44043d68897c0209040003388549e36193db705c8604fc,1781104443962,2026-06-10T15:14:03.962Z,Close Long,,xyz:SPCX-USD,0xAB961d7C42BBcd454A54b342Bd191a8f090219E6,0xffffffffffffffffffffffffffffffffffffffff,-68.75,,,164.38,-11301.125,0,0
PERP,0xa13c6bf5bbffaabca2b6043d68897c02088300db56f2c98e450517487af384a7,1781104443962,2026-06-10T15:14:03.962Z,Close Long,,xyz:SPCX-USD,0xAB961d7C42BBcd454A54b342Bd191a8f090219E6,0xffffffffffffffffffffffffffffffffffffffff,-2.62,,,164.38,-430.67560000000003,0,0
PERP,0x5205b2658b1190c7537f043d68897c020845004b2614af99f5ce5db84a156ab1,1781104443962,2026-06-10T15:14:03.962Z,Close Long,,xyz:SPCX-USD,0xAB961d7C42BBcd454A54b342Bd191a8f090219E6,0xffffffffffffffffffffffffffffffffffffffff,-25.17,,,164.38,-4137.4446,0,0
PERP,0xe93f5f3f8b66ce26eab9043d6889790202e100252669ecf88d080a924a6aa811,1781104443742,2026-06-10T15:14:03.742Z,Close Long,,xyz:SPCX-USD,0xAB961d7C42BBcd454A54b342Bd191a8f090219E6,0xffffffffffffffffffffffffffffffffffffffff,-3.46,,,164.38,-568.7547999999999,0,0
PERP,0xc3c404411ce50811c53d043d6887bb0208ef0026b7e826e3678caf93dbe8e1fc,1781104412169,2026-06-10T15:13:32.169Z,Close Long,,xyz:SPCX-USD,0xAB961d7C42BBcd454A54b342Bd191a8f090219E6,0xffffffffffffffffffffffffffffffffffffffff,-100,,,164.27,-16427,0,0
SPOT,0xa4a99900e665eb2da623043d6879d80203f600e6816909ff48724453a569c518,1781104168578,2026-06-10T15:09:28.578Z,order,,xyz:SPCX,0xAB961d7C42BBcd454A54b342Bd191a8f090219E6,limit,-100,,,164.44,-16444,-1,0
SPOT,0x4f1cb21b1af311985096043d6877540204bb0000b5f6306af2e55d6dd9f6eb82,1781104124936,2026-06-10T15:08:44.936Z,order,,xyz:SPCX,0xAB961d7C42BBcd454A54b342Bd191a8f090219E6,limit,-100,,,164.75,-16475,-1,0
PERP,0x23542da5bbd1b92224cd043d6876ad02037c008b56d4d7f4c71cd8f87ad5930c,1781104113198,2026-06-10T15:08:33.198Z,Close Long,,xyz:SPCX-USD,0xAB961d7C42BBcd454A54b342Bd191a8f090219E6,0xffffffffffffffffffffffffffffffffffffffff,-0.04,,,164.4,-6.5760000000000005,0,0
PERP,0x43494d59094c4eeb44c3043d6876ad02036b003ea44f6dbde711f8abc84028d5,1781104113198,2026-06-10T15:08:33.198Z,Close Long,,xyz:SPCX-USD,0xAB961d7C42BBcd454A54b342Bd191a8f090219E6,0xffffffffffffffffffffffffffffffffffffffff,-6.21,,,164.4,-1020.924,0,0
PERP,0x125485b66fe4c00513ce043d6876ad020365009c0ae7ded7b61d31092ee899ef,1781104113198,2026-06-10T15:08:33.198Z,Close Long,,xyz:SPCX-USD,0xAB961d7C42BBcd454A54b342Bd191a8f090219E6,0xffffffffffffffffffffffffffffffffffffffff,-25.16,,,164.4,-4136.304,0,0
PERP,0xcae4670e518efe29cc5e043d68769b02066900f3ec821cfb6ead12611082d814,1781104111929,2026-06-10T15:08:31.929Z,Close Long,,xyz:SPCX-USD,0xAB961d7C42BBcd454A54b342Bd191a8f090219E6,0xffffffffffffffffffffffffffffffffffffffff,-68.48,,,164.4,-11258.112000000001,0,0
PERP,0x4863fd3dd767c78c49dd043d6870ca020b4c0023726ae65eec2ca890966ba176,1781104010257,2026-06-10T15:06:50.257Z,Close Long,,xyz:SPCX-USD,0xAB961d7C42BBcd454A54b342Bd191a8f090219E6,0xffffffffffffffffffffffffffffffffffffffff,-26.86,,,163.71,-4397.2506,0,0
PERP,0x6b7e617d7cad793c6cf8043d686fd9020735006317a0980e0f470cd03ba15327,1781103994053,2026-06-10T15:06:34.053Z,Close Long,,xyz:SPCX-USD,0xAB961d7C42BBcd454A54b342Bd191a8f090219E6,0xffffffffffffffffffffffffffffffffffffffff,-6.11,,,163.71,-1000.2681000000001,0,0
PERP,0xf2730ce43199d35bf3ec043d686f0e020b9300c9cc9cf22e963bb836f09dad46,1781103979941,2026-06-10T15:06:19.941Z,Close Long,,xyz:SPCX-USD,0xAB961d7C42BBcd454A54b342Bd191a8f090219E6,0xffffffffffffffffffffffffffffffffffffffff,-11.54,,,163.71,-1889.2133999999999,0,0
PERP,0x6fc5da2f2fb0320b713f043d686f080206630014cab350dd138e8581eeb40bf6,1781103979532,2026-06-10T15:06:19.532Z,Close Long,,xyz:SPCX-USD,0xAB961d7C42BBcd454A54b342Bd191a8f090219E6,0xffffffffffffffffffffffffffffffffffffffff,-11.54,,,163.71,-1889.2133999999999,0,0
PERP,0x4a67588e631726884be1043d686f0402081d0073fe1a455aee3003e1221b0072,1781103979250,2026-06-10T15:06:19.250Z,Close Long,,xyz:SPCX-USD,0xAB961d7C42BBcd454A54b342Bd191a8f090219E6,0xffffffffffffffffffffffffffffffffffffffff,-11.54,,,163.71,-1889.2133999999999,0,0
PERP,0x0f6ade5e3f2f96bd10e4043d686eec0208fe0043da22b58fb33389b0fe2370a7,1781103977628,2026-06-10T15:06:17.628Z,Close Long,,xyz:SPCX-USD,0xAB961d7C42BBcd454A54b342Bd191a8f090219E6,0xffffffffffffffffffffffffffffffffffffffff,-0.09,,,163.71,-14.7339,0,0
PERP,0x74cc91df52e3e8897646043d686e9a0202b400c4ede7075b18953d3211e7c274,1781103971943,2026-06-10T15:06:11.943Z,Close Long,,xyz:SPCX-USD,0xAB961d7C42BBcd454A54b342Bd191a8f090219E6,0xffffffffffffffffffffffffffffffffffffffff,-25.31,,,163.71,-4143.5001,0,0
SPOT,0x7bae200fbbddf0397d27043d686e2e02043700f556d10f0b1f76cb627ad1ca24,1781103964621,2026-06-10T15:06:04.621Z,order,,xyz:SPCX,0xAB961d7C42BBcd454A54b342Bd191a8f090219E6,limit,-100,,,163.71,-16371,-1,0
PERP,0x4c82920babc824d94dfc043d686d6d02061300f146cb43abf04b3d5e6acbfec3,1781103951498,2026-06-10T15:05:51.498Z,Close Long,,xyz:SPCX-USD,0xAB961d7C42BBcd454A54b342Bd191a8f090219E6,0xffffffffffffffffffffffffffffffffffffffff,-2.22,,,163.46,-362.88120000000004,0,0
PERP,0xe6dba4d578a59fe1e855043d686d6d02061100bb13a8beb38aa4502837a979cc,1781103951498,2026-06-10T15:05:51.498Z,Close Long,,xyz:SPCX-USD,0xAB961d7C42BBcd454A54b342Bd191a8f090219E6,0xffffffffffffffffffffffffffffffffffffffff,-9.11,,,163.46,-1489.1206,0,0
PERP,0x68ba53cdf8df53776a34043d686d6d02060c00b393d272490c82ff20b7d32d62,1781103951498,2026-06-10T15:05:51.498Z,Close Long,,xyz:SPCX-USD,0xAB961d7C42BBcd454A54b342Bd191a8f090219E6,0xffffffffffffffffffffffffffffffffffffffff,-25.31,,,163.46,-4137.1726,0,0
PERP,0x6c77b1bef932baa26df1043d686d6d02060200a49435d97410405d11b836948d,1781103951498,2026-06-10T15:05:51.498Z,Close Long,,xyz:SPCX-USD,0xAB961d7C42BBcd454A54b342Bd191a8f090219E6,0xffffffffffffffffffffffffffffffffffffffff,-25.31,,,163.46,-4137.1726,0,0
PERP,0xee5660b7796c6e37efd0043d686d6d0205fd009d146f8d09921f0c0a38604822,1781103951498,2026-06-10T15:05:51.498Z,Close Long,,xyz:SPCX-USD,0xAB961d7C42BBcd454A54b342Bd191a8f090219E6,0xffffffffffffffffffffffffffffffffffffffff,-16.66,,,163.46,-2723.2436000000002,0,0
PERP,0x14a6f61e357393091620043d686d030205f80003d076b1dbb86fa170f4776cf3,1781103944253,2026-06-10T15:05:44.253Z,Close Long,,xyz:SPCX-USD,0xAB961d7C42BBcd454A54b342Bd191a8f090219E6,0xffffffffffffffffffffffffffffffffffffffff,-18.24,,,163.46,-2981.5103999999997,0,0
PERP,0xe327918604bbe11ae4a1043d6869b00204eb006b9fbeffec86f03cd8c3bfbb05,1781103886122,2026-06-10T15:04:46.122Z,Close Long,,xyz:SPCX-USD,0xAB961d7C42BBcd454A54b342Bd191a8f090219E6,0xffffffffffffffffffffffffffffffffffffffff,-9.87,,,163.3,-1611.771,0,0
PERP,0xfc86e3e008136c83fe00043d68661602041300c5a3168b56a04f8f32c717466e,1781103822596,2026-06-10T15:03:42.596Z,Close Long,,xyz:SPCX-USD,0xAB961d7C42BBcd454A54b342Bd191a8f090219E6,0xffffffffffffffffffffffffffffffffffffffff,-6.81,,,163.62,-1114.2522,0,0
PERP,0x431b1b0d5d582e7f4494043d68660502069c00f2f85b4d51e6e3c6601c5c0869,1781103821451,2026-06-10T15:03:41.451Z,Close Long,,xyz:SPCX-USD,0xAB961d7C42BBcd454A54b342Bd191a8f090219E6,0xffffffffffffffffffffffffffffffffffffffff,-3.85,,,163.62,-629.937,0,0
PERP,0x94ecfe69335212b79666043d6865e502039c004ece55318938b5a9bbf255eca2,1781103819376,2026-06-10T15:03:39.376Z,Close Long,,xyz:SPCX-USD,0xAB961d7C42BBcd454A54b342Bd191a8f090219E6,0xffffffffffffffffffffffffffffffffffffffff,-5.69,,,163.62,-930.9978000000001,0,0
PERP,0xf10eff921b4e6ce7f288043d6865e50203730077b6418bba94d7aae4da4246d2,1781103819376,2026-06-10T15:03:39.376Z,Close Long,,xyz:SPCX-USD,0xAB961d7C42BBcd454A54b342Bd191a8f090219E6,0xffffffffffffffffffffffffffffffffffffffff,-2.05,,,163.62,-335.421,0,0
PERP,0x1897ee1368a54c601a11043d6865bf0203f700f903a86b32bc60996627a9264a,1781103816801,2026-06-10T15:03:36.801Z,Close Long,,xyz:SPCX-USD,0xAB961d7C42BBcd454A54b342Bd191a8f090219E6,0xffffffffffffffffffffffffffffffffffffffff,-8.3,,,163.62,-1358.046,0,0
PERP,0xfbd31bd8169923f8fd4c043d68642b020a1200bdb19c42cb9f9bc72ad59cfde3,1781103789335,2026-06-10T15:03:09.335Z,Close Long,,xyz:SPCX-USD,0xAB961d7C42BBcd454A54b342Bd191a8f090219E6,0xffffffffffffffffffffffffffffffffffffffff,-0.5,,,163.62,-81.81,0,0
PERP,0xf58ff104c3858669f709043d68640f020c4500ea5e88a53c99589c5782896054,1781103787440,2026-06-10T15:03:07.440Z,Close Long,,xyz:SPCX-USD,0xAB961d7C42BBcd454A54b342Bd191a8f090219E6,0xffffffffffffffffffffffffffffffffffffffff,-2.12,,,163.62,-346.87440000000004,0,0
PERP,0x8185fb4ed1a46fe082ff043d6863fa0212a000346ca78eb2254ea6a190a849cb,1781103786036,2026-06-10T15:03:06.036Z,Close Long,,xyz:SPCX-USD,0xAB961d7C42BBcd454A54b342Bd191a8f090219E6,0xffffffffffffffffffffffffffffffffffffffff,-0.14,,,163.62,-22.906800000000004,0,0
PERP,0xeb5d6e372a6c1bddecd7043d68632a02041c001cc56f3aaf8f261989e96ff5c8,1781103771914,2026-06-10T15:02:51.914Z,Close Long,,xyz:SPCX-USD,0xAB961d7C42BBcd454A54b342Bd191a8f090219E6,0xffffffffffffffffffffffffffffffffffffffff,-0.5,,,163.62,-81.81,0,0
PERP,0x8a542b5eee7a0a588bcd043d6862de0203810044897d292a2e1cd6b1ad7de443,1781103766796,2026-06-10T15:02:46.796Z,Close Long,,xyz:SPCX-USD,0xAB961d7C42BBcd454A54b342Bd191a8f090219E6,0xffffffffffffffffffffffffffffffffffffffff,-0.38,,,163.62,-62.1756,0,0
PERP,0xc1b53d8acf462c12c32e043d6862d702087900706a494ae4657de8dd8e4a05fd,1781103766330,2026-06-10T15:02:46.330Z,Close Long,,xyz:SPCX-USD,0xAB961d7C42BBcd454A54b342Bd191a8f090219E6,0xffffffffffffffffffffffffffffffffffffffff,-0.5,,,163.62,-81.81,0,0
PERP,0xe4c3cccc77d7cdd8e63d043d6862b902140000b212daecaa888c781f36dba7c3,1781103764272,2026-06-10T15:02:44.272Z,Close Long,,xyz:SPCX-USD,0xAB961d7C42BBcd454A54b342Bd191a8f090219E6,0xffffffffffffffffffffffffffffffffffffffff,-0.5,,,163.62,-81.81,0,0
PERP,0x267ecda2513513e227f8043d6862a90204560087ec3832b4ca4778f51038edcc,1781103763229,2026-06-10T15:02:43.229Z,Close Long,,xyz:SPCX-USD,0xAB961d7C42BBcd454A54b342Bd191a8f090219E6,0xffffffffffffffffffffffffffffffffffffffff,-21.64,,,163.64756931608136,-430.34689999999995,0,0
PERP,0xa172752af3373330a2ec043d68611402081f00108e3a5202453b207db23b0d1b,1781103735943,2026-06-10T15:02:15.943Z,Close Long,,xyz:SPCX-USD,0xAB961d7C42BBcd454A54b342Bd191a8f090219E6,0xffffffffffffffffffffffffffffffffffffffff,-1,,,163.92,-163.92,0,0
SPOT,0xea2480355e6d63e5eb9e043d6860bc020602001af96082b78ded2b881d613dd0,1781103730199,2026-06-10T15:02:10.199Z,order,,xyz:SPCX,0xAB961d7C42BBcd454A54b342Bd191a8f090219E6,limit,-100,,,163.92,-16392,-1,0
PERP,0xabc5d5dd46a00578ad3f043d685f20020c3200c2e1a3244a4f8e813005a3df63,1781103702295,2026-06-10T15:01:42.295Z,Close Long,,xyz:SPCX-USD,0xAB961d7C42BBcd454A54b342Bd191a8f090219E6,0xffffffffffffffffffffffffffffffffffffffff,-15.8,,,163.96,-2590.568,0,0
PERP,0xe84dfce0d3edb5d6e9c7043d685eb102149100c66ee0d4a88c16a83392e18fc1,1781103694847,2026-06-10T15:01:34.847Z,Close Long,,xyz:SPCX-USD,0xAB961d7C42BBcd454A54b342Bd191a8f090219E6,0xffffffffffffffffffffffffffffffffffffffff,-3.92,,,163.96,-642.7232,0,0
PERP,0x31fe9f9eac2834b13378043d685c930207cb0084472b5383d5c74af16b2c0e9b,1781103657554,2026-06-10T15:00:57.554Z,Close Long,,xyz:SPCX-USD,0xAB961d7C42BBcd454A54b342Bd191a8f090219E6,0xffffffffffffffffffffffffffffffffffffffff,-1.06,,,163.73,-173.5538,0,0
PERP,0x8e67749963f8f4858fe1043d685c9002049f007efefc135732301fec22fcce70,1781103657297,2026-06-10T15:00:57.297Z,Close Long,,xyz:SPCX-USD,0xAB961d7C42BBcd454A54b342Bd191a8f090219E6,0xffffffffffffffffffffffffffffffffffffffff,-2.63,,,163.73,-430.6099,0,0
PERP,0x854aee44b418e38c86c4043d685c3e02080b002a4f1c025e29139997731cbd77,1781103651807,2026-06-10T15:00:51.807Z,Close Long,,xyz:SPCX-USD,0xAB961d7C42BBcd454A54b342Bd191a8f090219E6,0xffffffffffffffffffffffffffffffffffffffff,-2.62,,,163.73,-428.9726,0,0
PERP,0x42ff7c4d3a4909d24479043d685c3e0207660032d54c28a4e6c8279ff94ce3bc,1781103651807,2026-06-10T15:00:51.807Z,Close Long,,xyz:SPCX-USD,0xAB961d7C42BBcd454A54b342Bd191a8f090219E6,0xffffffffffffffffffffffffffffffffffffffff,-0.12,,,163.73,-19.647599999999997,0,0
PERP,0x87e41b45336447eb895d043d685c130206df002ace6766bd2bacc697f26821d6,1781103648628,2026-06-10T15:00:48.628Z,Close Long,,xyz:SPCX-USD,0xAB961d7C42BBcd454A54b342Bd191a8f090219E6,0xffffffffffffffffffffffffffffffffffffffff,-40.28,,,163.73,-6595.0444,0,0
PERP,0x402f47603a65f87741a9043d685c0f0207e30045d5691749e3f7f2b2f969d261,1781103648286,2026-06-10T15:00:48.286Z,Close Long,,xyz:SPCX-USD,0xAB961d7C42BBcd454A54b342Bd191a8f090219E6,0xffffffffffffffffffffffffffffffffffffffff,-12.63,,,163.73,-2067.9099,0,0
PERP,0x7adf7e845ac5b98e7c59043d685c090204770069f5c8d8601ea829d719c99379,1781103647854,2026-06-10T15:00:47.854Z,Close Long,,xyz:SPCX-USD,0xAB961d7C42BBcd454A54b342Bd191a8f090219E6,0xffffffffffffffffffffffffffffffffffffffff,-11.99,,,163.73,-1963.1227,0,0
PERP,0x97a4a456a8becf26991e043d685c0302044c003c43b1edf83b6d4fa967b2a911,1781103647478,2026-06-10T15:00:47.478Z,Close Long,,xyz:SPCX-USD,0xAB961d7C42BBcd454A54b342Bd191a8f090219E6,0xffffffffffffffffffffffffffffffffffffffff,-12,,,163.73,-1964.7599999999998,0,0
PERP,0x9df06fee977a17ad9f6a043d685bf602051900d4327d367f41b91b41567df198,1781103646677,2026-06-10T15:00:46.677Z,Close Long,,xyz:SPCX-USD,0xAB961d7C42BBcd454A54b342Bd191a8f090219E6,0xffffffffffffffffffffffffffffffffffffffff,-16,,,163.73375,-1637.3,0,0
SPOT,0xf6168618424d29cff790043d685a8b0205a500fddd4048a299df316b014103ba,1781103621901,2026-06-10T15:00:21.901Z,order,,xyz:SPCX,0xAB961d7C42BBcd454A54b342Bd191a8f090219E6,limit,-100,,,164.17,-16417,-1,0
PERP,0xfe81ff0b644e87a7fffb043d6841b002104c00f0ff41a67aa24aaa5e23426192,1781103187064,2026-06-10T14:53:07.064Z,Close Long,,xyz:SPCX-USD,0xAB961d7C42BBcd454A54b342Bd191a8f090219E6,0xffffffffffffffffffffffffffffffffffffffff,-47.68,,,163.77,-7808.5536,0,0
PERP,0x8060ae03e4783b3d81da043d6841b002104700e97f7b5a0f24295956a37c1528,1781103187064,2026-06-10T14:53:07.064Z,Close Long,,xyz:SPCX-USD,0xAB961d7C42BBcd454A54b342Bd191a8f090219E6,0xffffffffffffffffffffffffffffffffffffffff,-10.22,,,163.77,-1673.7294000000002,0,0
PERP,0x83cd3a1f674c9eb18546043d681f5d0204db0005024fbd832795e5722640789c,1781102583145,2026-06-10T14:43:03.145Z,Close Long,,xyz:SPCX-USD,0xAB961d7C42BBcd454A54b342Bd191a8f090219E6,0xffffffffffffffffffffffffffffffffffffffff,-35.95,,,164.45,-5911.9775,0,0
PERP,0xee623775a0789f6cefdb043d681e900209a7005b3b7bbe3e922ae2c85f7c7957,1781102569043,2026-06-10T14:42:49.043Z,Close Long,,xyz:SPCX-USD,0xAB961d7C42BBcd454A54b342Bd191a8f090219E6,0xffffffffffffffffffffffffffffffffffffffff,-3.63,,,164.45,-596.9535,0,0
SPOT,0xf36dc4662c709a28f4e7043d68190a020685004bc773b8fb97366fb8eb747413,1781102472468,2026-06-10T14:41:12.468Z,order,,xyz:SPCX,0xAB961d7C42BBcd454A54b342Bd191a8f090219E6,limit,-100,,,164.85,-16485,-1,0
SPOT,0xd72cccf80902c341d8a6043d6817090205fb00dda405e2137af5784ac8069d2c,1781102437722,2026-06-10T14:40:37.722Z,order,,xyz:SPCX,0xAB961d7C42BBcd454A54b342Bd191a8f090219E6,limit,-100,,,164.45,-16445,-1,0
PERP,0xdf64f5849046a8bde0de043d68167c020410006a2b49c78f832da0d74f4a82a8,1781102428565,2026-06-10T14:40:28.565Z,Close Long,,xyz:SPCX-USD,0xAB961d7C42BBcd454A54b342Bd191a8f090219E6,0xffffffffffffffffffffffffffffffffffffffff,-5.22,,,163.86,-855.3492,0,0
PERP,0x03177328de14a5b20491043d68167c0203f5000e7917c484a6e01e7b9d187f9c,1781102428565,2026-06-10T14:40:28.565Z,Close Long,,xyz:SPCX-USD,0xAB961d7C42BBcd454A54b342Bd191a8f090219E6,0xffffffffffffffffffffffffffffffffffffffff,-10.05,,,163.86,-1646.7930000000003,0,0
PERP,0x97a8f7d6602f5d1e9922043d68167c0203be00bbfb227bf03b71a3291f233709,1781102428565,2026-06-10T14:40:28.565Z,Close Long,,xyz:SPCX-USD,0xAB961d7C42BBcd454A54b342Bd191a8f090219E6,0xffffffffffffffffffffffffffffffffffffffff,-72.65,,,163.86,-11904.429000000002,0,0
PERP,0x1002bac19522e5ed117c043d68167c02038e00a7302604bfb3cb66145426bfd7,1781102428565,2026-06-10T14:40:28.565Z,Close Long,,xyz:SPCX-USD,0xAB961d7C42BBcd454A54b342Bd191a8f090219E6,0xffffffffffffffffffffffffffffffffffffffff,-5.38,,,163.63,-880.3294,0,0
PERP,0x13c018b295864d181539043d68167c020384009830896beab788c405548a2702,1781102428565,2026-06-10T14:40:28.565Z,Close Long,,xyz:SPCX-USD,0xAB961d7C42BBcd454A54b342Bd191a8f090219E6,0xffffffffffffffffffffffffffffffffffffffff,-7.31,,,163.63,-1196.1353,0,0
PERP,0x48723e462f41432949eb043d68167c020380002bca4461fbec3ae998ee451d13,1781102428565,2026-06-10T14:40:28.565Z,Close Long,,xyz:SPCX-USD,0xAB961d7C42BBcd454A54b342Bd191a8f090219E6,0xffffffffffffffffffffffffffffffffffffffff,-6.25,,,163.63,-1022.6875,0,0
PERP,0xe2cb510ffc2ebe31e445043d68167c02037e00f59721dd038693fc62bb22981c,1781102428565,2026-06-10T14:40:28.565Z,Close Long,,xyz:SPCX-USD,0xAB961d7C42BBcd454A54b342Bd191a8f090219E6,0xffffffffffffffffffffffffffffffffffffffff,-24.23,,,163.63,-3964.7549,0,0
PERP,0xff0312d24935eccf007c043d68167c02037700b7e4390ba2a2cbbe250839c6ba,1781102428565,2026-06-10T14:40:28.565Z,Close Long,,xyz:SPCX-USD,0xAB961d7C42BBcd454A54b342Bd191a8f090219E6,0xffffffffffffffffffffffffffffffffffffffff,-25.24,,,163.63,-4130.021199999999,0,0
PERP,0x248305e78e514bdb25fc043d68160102034000cd29546aadc84bb13a4d5525c5,1781102420077,2026-06-10T14:40:20.077Z,Close Long,,xyz:SPCX-USD,0xAB961d7C42BBcd454A54b342Bd191a8f090219E6,0xffffffffffffffffffffffffffffffffffffffff,-27.63,,,163.63,-4521.0969,0,0
PERP,0x3ba8248e51de72283d21043d6815fd020b4c0073ecd190fadf70cfe110d24c12,1781102419828,2026-06-10T14:40:19.828Z,Close Long,,xyz:SPCX-USD,0xAB961d7C42BBcd454A54b342Bd191a8f090219E6,0xffffffffffffffffffffffffffffffffffffffff,-3.29,,,163.63,-538.3427,0,0
SPOT,0x007746d663dcc48301f1043d6815c60202bf00bbfedfe355a43ff22922d09e6d,1781102416033,2026-06-10T14:40:16.033Z,order,,xyz:SPCX,0xAB961d7C42BBcd454A54b342Bd191a8f090219E6,limit,-100,,,163.63,-16363,-1,0
PERP,0x96c1a7f0c1ce6f2f983b043d680f4402050000d65cc18e013a8a534380c2491a,1781102301061,2026-06-10T14:38:21.061Z,Close Long,,xyz:SPCX-USD,0xAB961d7C42BBcd454A54b342Bd191a8f090219E6,0xffffffffffffffffffffffffffffffffffffffff,-0.37,,,163.56,-60.5172,0,0
PERP,0xf6a1070aaa1e308af81a043d680f440204cd00f045114f5d9a69b25d69120a75,1781102301061,2026-06-10T14:38:21.061Z,Close Long,,xyz:SPCX-USD,0xAB961d7C42BBcd454A54b342Bd191a8f090219E6,0xffffffffffffffffffffffffffffffffffffffff,-2.64,,,163.56,-431.7984,0,0
PERP,0x81f451b2e16bb0ad836e043d680f4102045900987c6ecf7f25bcfd05a06f8a98,1781102300870,2026-06-10T14:38:20.870Z,Close Long,,xyz:SPCX-USD,0xAB961d7C42BBcd454A54b342Bd191a8f090219E6,0xffffffffffffffffffffffffffffffffffffffff,-3.43,,,163.56,-561.0108,0,0
PERP,0x3fa8dfbb679bd6f34122043d680f410203b400a1029ef5c5e3718b0e269fb0dd,1781102300870,2026-06-10T14:38:20.870Z,Close Long,,xyz:SPCX-USD,0xAB961d7C42BBcd454A54b342Bd191a8f090219E6,0xffffffffffffffffffffffffffffffffffffffff,-0.12,,,163.56,-19.6272,0,0
PERP,0x9fe66b041b8fe630a160043d680f3d02055f00e9b683050243af1656da83c01b,1781102300592,2026-06-10T14:38:20.592Z,Close Long,,xyz:SPCX-USD,0xAB961d7C42BBcd454A54b342Bd191a8f090219E6,0xffffffffffffffffffffffffffffffffffffffff,-7.11,,,163.56,-1162.9116000000001,0,0
PERP,0x5262df39a095d6f553dc043d680f3d0204d8001f3b98f5c7f62b8a8c5f99b0df,1781102300592,2026-06-10T14:38:20.592Z,Close Long,,xyz:SPCX-USD,0xAB961d7C42BBcd454A54b342Bd191a8f090219E6,0xffffffffffffffffffffffffffffffffffffffff,-0.27,,,163.56,-44.1612,0,0
PERP,0xf52b868267152965f6a5043d680f3a0202cf00680218483898f431d526190350,1781102300375,2026-06-10T14:38:20.375Z,Close Long,,xyz:SPCX-USD,0xAB961d7C42BBcd454A54b342Bd191a8f090219E6,0xffffffffffffffffffffffffffffffffffffffff,-1.32,,,163.56,-215.8992,0,0
PERP,0x23bf1b9421820a242538043d680f3a02020e0079bc8528f6c787c6e6e085e40e,1781102300375,2026-06-10T14:38:20.375Z,Close Long,,xyz:SPCX-USD,0xAB961d7C42BBcd454A54b342Bd191a8f090219E6,0xffffffffffffffffffffffffffffffffffffffff,-2.64,,,163.56,-431.7984,0,0
PERP,0x061abc4a4f8452220794043d680f3702053d002fea8770f4a9e3679d0e882c0c,1781102300179,2026-06-10T14:38:20.179Z,Close Long,,xyz:SPCX-USD,0xAB961d7C42BBcd454A54b342Bd191a8f090219E6,0xffffffffffffffffffffffffffffffffffffffff,-0.41,,,163.56,-67.0596,0,0
PERP,0x99d64fde79ef3b5a9b50043d680f3502045d00c414e25a2c3d9efb3138e31545,1781102300051,2026-06-10T14:38:20.051Z,Close Long,,xyz:SPCX-USD,0xAB961d7C42BBcd454A54b342Bd191a8f090219E6,0xffffffffffffffffffffffffffffffffffffffff,-3.39,,,163.56,-554.4684,0,0
PERP,0x3a7d2b0b5b5864ce3bf6043d680f3302031600f0f65b83a0de45d65e1a5c3eb8,1781102299889,2026-06-10T14:38:19.889Z,Close Long,,xyz:SPCX-USD,0xAB961d7C42BBcd454A54b342Bd191a8f090219E6,0xffffffffffffffffffffffffffffffffffffffff,-3.21,,,163.56,-525.0276,0,0
PERP,0x466a953c8c0dac0f47e4043d680f2f02026d00222700cae1ea33408f4b0185f9,1781102299622,2026-06-10T14:38:19.622Z,Close Long,,xyz:SPCX-USD,0xAB961d7C42BBcd454A54b342Bd191a8f090219E6,0xffffffffffffffffffffffffffffffffffffffff,-1.32,,,163.56,-215.8992,0,0
PERP,0xfcfb69c8a5f255b5fe75043d680f2f02026400ae40f57488a0c4151b64f62fa0,1781102299622,2026-06-10T14:38:19.622Z,Close Long,,xyz:SPCX-USD,0xAB961d7C42BBcd454A54b342Bd191a8f090219E6,0xffffffffffffffffffffffffffffffffffffffff,-60,,,163.56,-9813.6,0,0
PERP,0x9ecf387473969f14a048043d680f2f02024e005a0e99bde64297e3c7329a78ff,1781102299622,2026-06-10T14:38:19.622Z,Close Long,,xyz:SPCX-USD,0xAB961d7C42BBcd454A54b342Bd191a8f090219E6,0xffffffffffffffffffffffffffffffffffffffff,-0.32,,,163.56,-52.339200000000005,0,0
PERP,0x0bf0e18ca77ff2620d6a043d680f2f02023c007242731134afb98cdf6673cc4c,1781102299622,2026-06-10T14:38:19.622Z,Close Long,,xyz:SPCX-USD,0xAB961d7C42BBcd454A54b342Bd191a8f090219E6,0xffffffffffffffffffffffffffffffffffffffff,-4.84,,,163.56,-791.6304,0,0
PERP,0x1728fb5fa89a27e318a2043d680f2f02021e0045439d46b5baf1a6b2679e01cd,1781102299622,2026-06-10T14:38:19.622Z,Close Long,,xyz:SPCX-USD,0xAB961d7C42BBcd454A54b342Bd191a8f090219E6,0xffffffffffffffffffffffffffffffffffffffff,-2.64,,,163.56,-431.7984,0,0
PERP,0x2a0df6eca8d6226c2b87043d680ee302033e00d243d9413ecdd6a23f67d9fc56,1781102294380,2026-06-10T14:38:14.380Z,Close Long,,xyz:SPCX-USD,0xAB961d7C42BBcd454A54b342Bd191a8f090219E6,0xffffffffffffffffffffffffffffffffffffffff,-1.59,,,163.56,-260.0604,0,0
PERP,0x862ff81590c27c9c87a9043d680ee302031500fb2bc59b6e29f8a3684fc65687,1781102294380,2026-06-10T14:38:14.380Z,Close Long,,xyz:SPCX-USD,0xAB961d7C42BBcd454A54b342Bd191a8f090219E6,0xffffffffffffffffffffffffffffffffffffffff,-1.59,,,163.56,-260.0604,0,0
PERP,0xe5f5be73b8ab0b87e76f043d680ed90205f5005953ae2a5989be69c677aee572,1781102293719,2026-06-10T14:38:13.719Z,Close Long,,xyz:SPCX-USD,0xAB961d7C42BBcd454A54b342Bd191a8f090219E6,0xffffffffffffffffffffffffffffffffffffffff,-0.18,,,163.56,-29.4408,0,0
SPOT,0x979c1fc61695bbf19915043d680ed70207b600abb198dac33b64cb18d59995dc,1781102293581,2026-06-10T14:38:13.581Z,order,,xyz:SPCX,0xAB961d7C42BBcd454A54b342Bd191a8f090219E6,limit,-100,,,163.56,-16356,-1,0
PERP,0xdcbb3cf97486e2f5de34043d67411902072300df0f8a01c78083e84c338abce0,1781098699603,2026-06-10T13:38:19.603Z,Close Long,,xyz:SPCX-USD,0xAB961d7C42BBcd454A54b342Bd191a8f090219E6,0xffffffffffffffffffffffffffffffffffffffff,-12.08,,,163.77,-1978.3416000000002,0,0
SPOT,0xb726f0d8d64b13aeb8a0043d673f8102099700be714e32805aef9c2b954eed99,1781098672062,2026-06-10T13:37:52.062Z,order,,xyz:SPCX,0xAB961d7C42BBcd454A54b342Bd191a8f090219E6,limit,-100,,,163.77,-16377.000000000002,-1,0
PERP,0xcae4ed3fc6cfac2ccc5e043d673eed020bc3002561c2cafe6ead989285c38617,1781098662187,2026-06-10T13:37:42.187Z,Close Long,,xyz:SPCX-USD,0xAB961d7C42BBcd454A54b342Bd191a8f090219E6,0xffffffffffffffffffffffffffffffffffffffff,-99.99999999999999,,,163.33756700000004,-11616.2403,0,0
PERP,0x09f4173c656d80780b6d043d673e15020975002200609f4aadbcc28f24615a62,1781098647456,2026-06-10T13:37:27.456Z,Close Long,,xyz:SPCX-USD,0xAB961d7C42BBcd454A54b342Bd191a8f090219E6,0xffffffffffffffffffffffffffffffffffffffff,-97.73,,,163.09,-15938.7857,0,0
PERP,0xc9a7babe2004486fcb21043d673d1e020dc200a3bb0767416d706610df08225a,1781098630969,2026-06-10T13:37:10.969Z,Close Long,,xyz:SPCX-USD,0xAB961d7C42BBcd454A54b342Bd191a8f090219E6,0xffffffffffffffffffffffffffffffffffffffff,-2.27,,,163.09,-370.21430000000004,0,0
SPOT,0x1dc091ad005090a71f3a043d673c94020d4100929b53af79c1893cffbf546a91,1781098621275,2026-06-10T13:37:01.275Z,order,,xyz:SPCX,0xAB961d7C42BBcd454A54b342Bd191a8f090219E6,limit,-100,,,163.09,-16309,-1,0
PERP,0x50ef936ce64ebdaf5269043d673bdd0203cb00528141dc81f4b83ebfa5429799,1781098608618,2026-06-10T13:36:48.618Z,Close Long,,xyz:SPCX-USD,0xAB961d7C42BBcd454A54b342Bd191a8f090219E6,0xffffffffffffffffffffffffffffffffffffffff,-3.31,,,162.78,-538.8018,0,0
PERP,0x54e353085308ba1d565d043d673bd702031500edee0bd8eff8abfe5b120c9407,1781098608072,2026-06-10T13:36:48.072Z,Close Long,,xyz:SPCX-USD,0xAB961d7C42BBcd454A54b342Bd191a8f090219E6,0xffffffffffffffffffffffffffffffffffffffff,-25.36,,,162.78,-4128.1008,0,0
PERP,0x388af08adddccf0b3a04043d673bd10201e8007078dfeddddc539bdd9cd0a8f5,1781098607670,2026-06-10T13:36:47.670Z,Close Long,,xyz:SPCX-USD,0xAB961d7C42BBcd454A54b342Bd191a8f090219E6,0xffffffffffffffffffffffffffffffffffffffff,-25.36,,,162.78,-4128.1008,0,0
PERP,0xda2660c1194a1d42dba0043d673bcc02049000a6b44d3c147def0c13d84df72d,1781098607339,2026-06-10T13:36:47.339Z,Close Long,,xyz:SPCX-USD,0xAB961d7C42BBcd454A54b342Bd191a8f090219E6,0xffffffffffffffffffffffffffffffffffffffff,-25.35,,,162.78,-4126.473,0,0
PERP,0x1f96877040663d142110043d673bc0020b0e0055db695be6c35f32c2ff6a16fe,1781098606536,2026-06-10T13:36:46.536Z,Close Long,,xyz:SPCX-USD,0xAB961d7C42BBcd454A54b342Bd191a8f090219E6,0xffffffffffffffffffffffffffffffffffffffff,-0.07,,,162.78,-11.3946,0,0
PERP,0xee3a4b40af058c15efb4043d673bbd020cd700264a08aae79202f6936e096600,1781098606341,2026-06-10T13:36:46.341Z,Close Long,,xyz:SPCX-USD,0xAB961d7C42BBcd454A54b342Bd191a8f090219E6,0xffffffffffffffffffffffffffffffffffffffff,-20.549999999999997,,,162.78000000000003,-2910.5063999999998,0,0
PERP,0xb172f0ecd0d0e31bb2ec043d673a610203c800d26bd401ed553b9c3f8fd4bd06,1781098582405,2026-06-10T13:36:22.405Z,Close Long,,xyz:SPCX-USD,0xAB961d7C42BBcd454A54b342Bd191a8f090219E6,0xffffffffffffffffffffffffffffffffffffffff,-13.54,,,162.67,-2202.5517999999997,0,0
PERP,0xb1cce1492e79926cb346043d673a170207a4002ec97cb13e55958c9bed7d6c57,1781098577254,2026-06-10T13:36:17.254Z,Close Long,,xyz:SPCX-USD,0xAB961d7C42BBcd454A54b342Bd191a8f090219E6,0xffffffffffffffffffffffffffffffffffffffff,-86.46,,,162.67,-14064.448199999997,0,0
SPOT,0x56b4f3dcc2686306582e043d6739d80207b600c25d6b81d8fa7d9f2f816c3cf0,1781098573046,2026-06-10T13:36:13.046Z,order,,xyz:SPCX,0xAB961d7C42BBcd454A54b342Bd191a8f090219E6,limit,-100,,,162.67,-16266.999999999998,-1,0
PERP,0x6d0a95d9d7b059576e84043d673774020dc700bf72b3782910d3412c96b43342,1781098530658,2026-06-10T13:35:30.658Z,Close Long,,xyz:SPCX-USD,0xAB961d7C42BBcd454A54b342Bd191a8f090219E6,0xffffffffffffffffffffffffffffffffffffffff,-25.22,,,162.51,-4098.5022,0,0
PERP,0x1a989d3f552b85171c12043d67375c02132e0024f02ea3e9be614892142f5f01,1781098529126,2026-06-10T13:35:29.126Z,Close Long,,xyz:SPCX-USD,0xAB961d7C42BBcd454A54b342Bd191a8f090219E6,0xffffffffffffffffffffffffffffffffffffffff,-0.14,,,162.51,-22.7514,0,0
PERP,0x3c97ee75698188d63e11043d67372c020b54005b0484a7a8e06099c8288562c0,1781098526007,2026-06-10T13:35:26.007Z,Close Long,,xyz:SPCX-USD,0xAB961d7C42BBcd454A54b342Bd191a8f090219E6,0xffffffffffffffffffffffffffffffffffffffff,-25.36,,,162.51,-4121.2536,0,0
PERP,0x0c7fbbe59db10d380df9043d6736fa02110900cb38b42c0ab04867385cb4e722,1781098522673,2026-06-10T13:35:22.673Z,Close Long,,xyz:SPCX-USD,0xAB961d7C42BBcd454A54b342Bd191a8f090219E6,0xffffffffffffffffffffffffffffffffffffffff,-25.36,,,162.51,-4121.2536,0,0
PERP,0x099d9dd5d5c17caf0b17043d6736ed02123300bb70c49b81ad66492894c55699,1781098521813,2026-06-10T13:35:21.813Z,Close Long,,xyz:SPCX-USD,0xAB961d7C42BBcd454A54b342Bd191a8f090219E6,0xffffffffffffffffffffffffffffffffffffffff,-23.32,,,162.51,-3789.7331999999997,0,0
SPOT,0x04922889f8d4a518060b043d673655020384006f93d7c3eaa85ad3dcb7d87f02,1781098511389,2026-06-10T13:35:11.389Z,order,,xyz:SPCX,0xAB961d7C42BBcd454A54b342Bd191a8f090219E6,limit,-100,,,162.51,-16251,-1,0
SPOT,0x8722c093418bc419889c043d6695a30204410078dc8ee2eb2aeb6be6008f9e04,1781095710700,2026-06-10T12:48:30.700Z,order,,xyz:SPCX,0xAB961d7C42BBcd454A54b342Bd191a8f090219E6,limit,-100,,,163.76,-16376,-1,0
SPOT,0x74ccca88e2ecdeb27646043d6694df02039b006e7deffd84189575dba1e0b89d,1781095697279,2026-06-10T12:48:17.279Z,order,,xyz:SPCX,0xAB961d7C42BBcd454A54b342Bd191a8f090219E6,limit,-100,,,163.54,-16354,-1,0
PERP,0x9afb8a7534ab6b0b9c75043d6694c40202de005acfae89dd3ec435c7f3af44f6,1781095695352,2026-06-10T12:48:15.352Z,Close Long,,xyz:SPCX-USD,0xAB961d7C42BBcd454A54b342Bd191a8f090219E6,0xffffffffffffffffffffffffffffffffffffffff,-9.43,,,163.35,-1540.3905,0,0
PERP,0x7f3990d24ddf56db80b3043d6694bf0203c200b7e8d275ad23023c250cd330c6,1781095695019,2026-06-10T12:48:15.019Z,Close Long,,xyz:SPCX-USD,0xAB961d7C42BBcd454A54b342Bd191a8f090219E6,0xffffffffffffffffffffffffffffffffffffffff,-25.22,,,163.35,-4119.687,0,0
PERP,0x4382777c1998ace244fc043d6694ba0204b70061b49bcbb4e74b22ced89c86cc,1781095694685,2026-06-10T12:48:14.685Z,Close Long,,xyz:SPCX-USD,0xAB961d7C42BBcd454A54b342Bd191a8f090219E6,0xffffffffffffffffffffffffffffffffffffffff,-2.65,,,163.35,-432.8775,0,0
PERP,0xccdbe2569a892ecdce55043d6694ba02049e003c358c4d9f70a48da9598d08b8,1781095694685,2026-06-10T12:48:14.685Z,Close Long,,xyz:SPCX-USD,0xAB961d7C42BBcd454A54b342Bd191a8f090219E6,0xffffffffffffffffffffffffffffffffffffffff,-0.32,,,163.35,-52.272,0,0
PERP,0x5be1895a1eebc04f5d5b043d6694a50203fd003fb9eedf21ffaa34acddef9a39,1781095693265,2026-06-10T12:48:13.265Z,Close Long,,xyz:SPCX-USD,0xAB961d7C42BBcd454A54b342Bd191a8f090219E6,0xffffffffffffffffffffffffffffffffffffffff,-0.32,,,163.35,-52.272,0,0
PERP,0x2a0461aba4862cf02b7e043d6694950207b700913f894bc2cdcd0cfe638a06da,1781095692045,2026-06-10T12:48:12.045Z,Close Long,,xyz:SPCX-USD,0xAB961d7C42BBcd454A54b342Bd191a8f090219E6,0xffffffffffffffffffffffffffffffffffffffff,-2.9,,,163.35,-473.715,0,0
PERP,0xe0457f653083f331e1bf043d66949102058b004acb871203840e2ab7ef87cd1c,1781095691772,2026-06-10T12:48:11.772Z,Close Long,,xyz:SPCX-USD,0xAB961d7C42BBcd454A54b342Bd191a8f090219E6,0xffffffffffffffffffffffffffffffffffffffff,-25.22,,,163.35,-4119.687,0,0
PERP,0x47b539868e60e98b492e043d669485020655006c2964085deb7de4d94d64c375,1781095691014,2026-06-10T12:48:11.014Z,Close Long,,xyz:SPCX-USD,0xAB961d7C42BBcd454A54b342Bd191a8f090219E6,0xffffffffffffffffffffffffffffffffffffffff,-25.22,,,163.35,-4119.687,0,0
PERP,0xe6b7b1386ffc7177e831043d6692b10202fa001e0aff90498a805c8b2ef04b62,1781095658988,2026-06-10T12:47:38.988Z,Close Long,,xyz:SPCX-USD,0xAB961d7C42BBcd454A54b342Bd191a8f090219E6,0xffffffffffffffffffffffffffffffffffffffff,-1.22,,,163.35,-199.28699999999998,0,0
PERP,0xc80855b3eb87a429c982043d66925d0202bf0099868ac2fb6bd10106aa8b7e14,1781095653345,2026-06-10T12:47:33.345Z,Close Long,,xyz:SPCX-USD,0xAB961d7C42BBcd454A54b342Bd191a8f090219E6,0xffffffffffffffffffffffffffffffffffffffff,-2.65,,,163.35,-432.8775,0,0
PERP,0xb6fdac2eec4c5540b877043d66924b0202850014874f74125ac65781ab402f2b,1781095652144,2026-06-10T12:47:32.144Z,Close Long,,xyz:SPCX-USD,0xAB961d7C42BBcd454A54b342Bd191a8f090219E6,0xffffffffffffffffffffffffffffffffffffffff,-2.65,,,163.35,-432.8775,0,0
PERP,0xbae84535fc1cef9fbc62043d66923e02028b001b97100e715eb0f088bb10c98a,1781095651234,2026-06-10T12:47:31.234Z,Close Long,,xyz:SPCX-USD,0xAB961d7C42BBcd454A54b342Bd191a8f090219E6,0xffffffffffffffffffffffffffffffffffffffff,-0.12,,,163.35,-19.602,0,0
PERP,0xe0c466576a802523e23e043d6691e4020e4c003d058343f5848d11aa2983ff0e,1781095645199,2026-06-10T12:47:25.199Z,Close Long,,xyz:SPCX-USD,0xAB961d7C42BBcd454A54b342Bd191a8f090219E6,0xffffffffffffffffffffffffffffffffffffffff,-47.81,,,163.14,-7799.7234,0,0
PERP,0x5560cb519f2046c756da043d6691e4020e2600373a236599f92976a45e2420b1,1781095645199,2026-06-10T12:47:25.199Z,Close Long,,xyz:SPCX-USD,0xAB961d7C42BBcd454A54b342Bd191a8f090219E6,0xffffffffffffffffffffffffffffffffffffffff,-2.65,,,163.14,-432.32099999999997,0,0
PERP,0x591e29429f83adf25a97043d6691e4020e1c00283a86ccc4fce6d4955e8787dc,1781095645199,2026-06-10T12:47:25.199Z,Close Long,,xyz:SPCX-USD,0xAB961d7C42BBcd454A54b342Bd191a8f090219E6,0xffffffffffffffffffffffffffffffffffffffff,-0.32,,,163.14,-52.2048,0,0
PERP,0x70048a65765589d7717e043d6691df0205ea004b1158a8a913cd35b8355963c2,1781095644860,2026-06-10T12:47:24.860Z,Close Long,,xyz:SPCX-USD,0xAB961d7C42BBcd454A54b342Bd191a8f090219E6,0xffffffffffffffffffffffffffffffffffffffff,-3.97,,,163.14,-647.6658,0,0
PERP,0x468a7ea4ddb4c9474804043d6691df0205d0008a78b7e819ea5329f79cb8a331,1781095644860,2026-06-10T12:47:24.860Z,Close Long,,xyz:SPCX-USD,0xAB961d7C42BBcd454A54b342Bd191a8f090219E6,0xffffffffffffffffffffffffffffffffffffffff,-25,,,163.14,-4078.4999999999995,0,0
PERP,0x02c333153a208351043c043d66915402022600fad523a223a68bde67f9245d3b,1781095635511,2026-06-10T12:47:15.511Z,Close Long,,xyz:SPCX-USD,0xAB961d7C42BBcd454A54b342Bd191a8f090219E6,0xffffffffffffffffffffffffffffffffffffffff,-0.25,,,163.14,-40.785,0,0
PERP,0x93780e4828d653c494f1043d669129020560002dc3d972963740b99ae7da2daf,1781095632607,2026-06-10T12:47:12.607Z,Close Long,,xyz:SPCX-USD,0xAB961d7C42BBcd454A54b342Bd191a8f090219E6,0xffffffffffffffffffffffffffffffffffffffff,-13.54,,,163.14,-2208.9156,0,0
PERP,0xa487a28f170f662ba601043d6690fc0206dc0074b20284fd48504de1d6034016,1781095629645,2026-06-10T12:47:09.645Z,Close Long,,xyz:SPCX-USD,0xAB961d7C42BBcd454A54b342Bd191a8f090219E6,0xffffffffffffffffffffffffffffffffffffffff,-2.76,,,163.14,-450.2663999999999,0,0
PERP,0x7c27d91ebee0bc787da1043d6690c0020a36000459e3db4a1ff084717de49663,1781095625550,2026-06-10T12:47:05.550Z,Close Long,,xyz:SPCX-USD,0xAB961d7C42BBcd454A54b342Bd191a8f090219E6,0xffffffffffffffffffffffffffffffffffffffff,-3.47,,,163.14,-566.0957999999999,0,0
SPOT,0xa84dad8cfc6c6b35a9c7043d668bfa02062c0072976f8a074c1658dfbb604520,1781095540961,2026-06-10T12:45:40.961Z,order,,xyz:SPCX,0xAB961d7C42BBcd454A54b342Bd191a8f090219E6,limit,-100,,,163.14,-16313.999999999998,-1,0
SPOT,0xdbb112d4ac64b617dd2a043d668b6202062400ba4767d4e97f79be276b689002,1781095530347,2026-06-10T12:45:30.347Z,order,,xyz:SPCX,0xAB961d7C42BBcd454A54b342Bd191a8f090219E6,limit,-100,,,163.35,-16335,-1,0
PERP,0x7158c8773d22652b72d2043d6689fb020a53005cd82583fd152173c9fc263f16,1781095505958,2026-06-10T12:45:05.958Z,Close Long,,xyz:SPCX-USD,0xAB961d7C42BBcd454A54b342Bd191a8f090219E6,0xffffffffffffffffffffffffffffffffffffffff,-7.34,,,162.93,-1195.9062000000001,0,0
PERP,0x9682c4c67045e0ad97fc043d6689e002021c00ac0b48ff7f3a4b70192f49ba98,1781095504136,2026-06-10T12:45:04.136Z,Close Long,,xyz:SPCX-USD,0xAB961d7C42BBcd454A54b342Bd191a8f090219E6,0xffffffffffffffffffffffffffffffffffffffff,-24.99,,,162.93,-4071.6207,0,0
PERP,0x0fc7d45cd2e8ba0a1141043d6689d602098800426debd8dcb3907faf91ec93f4,1781095503473,2026-06-10T12:45:03.473Z,Close Long,,xyz:SPCX-USD,0xAB961d7C42BBcd454A54b342Bd191a8f090219E6,0xffffffffffffffffffffffffffffffffffffffff,-2.67,,,162.93,-435.0231,0,0
PERP,0xab179c1c6b824366ac91043d6689ae016a00b402068562384ee0476f2a861d51,1781095500860,2026-06-10T12:45:00.860Z,Close Long,,xyz:SPCX-USD,0xAB961d7C42BBcd454A54b342Bd191a8f090219E6,0xffffffffffffffffffffffffffffffffffffffff,-0.39,,,162.93,-63.5427,0,0
PERP,0x6f0cd25d5db3ea407086043d66898f0203600042f8b7091212d57db01cb7c42b,1781095498742,2026-06-10T12:44:58.742Z,Close Long,,xyz:SPCX-USD,0xAB961d7C42BBcd454A54b342Bd191a8f090219E6,0xffffffffffffffffffffffffffffffffffffffff,-10,,,162.93,-1629.3000000000002,0,0
PERP,0x5e6b7866acd6b12c5fe5043d66898b020236004c47d9cffe023423b96bda8b17,1781095498486,2026-06-10T12:44:58.486Z,Close Long,,xyz:SPCX-USD,0xAB961d7C42BBcd454A54b342Bd191a8f090219E6,0xffffffffffffffffffffffffffffffffffffffff,-0.22,,,162.93,-35.8446,0,0
PERP,0xa2e70a0c79feac39a460043d6689820204c500f214f1cb0b46afb55f38f28624,1781095497916,2026-06-10T12:44:57.916Z,Close Long,,xyz:SPCX-USD,0xAB961d7C42BBcd454A54b342Bd191a8f090219E6,0xffffffffffffffffffffffffffffffffffffffff,-10.13,,,162.93,-1650.4809000000002,0,0
SPOT,0x4b2cbe4a7b63825c4ca6043d66888702061b00301666a12eeef5699d3a675c46,1781095480675,2026-06-10T12:44:40.675Z,order,,xyz:SPCX,0xAB961d7C42BBcd454A54b342Bd191a8f090219E6,limit,-100,,,162.93,-16293,-1,0
PERP,0x2432f0ab9268f12725ac043d6684be0203b800912d6c0ff9c7fb9bfe516ccb11,1781095414228,2026-06-10T12:43:34.228Z,Close Long,,xyz:SPCX-USD,0xAB961d7C42BBcd454A54b342Bd191a8f090219E6,0xffffffffffffffffffffffffffffffffffffffff,-10.14,,,162.66,-1649.3724,0,0
PERP,0x5bd65290b98911a95d50043d667334020e2c0076548c307bff9efde3788ceb93,1781095110746,2026-06-10T12:38:30.746Z,Close Long,,xyz:SPCX-USD,0xAB961d7C42BBcd454A54b342Bd191a8f090219E6,0xffffffffffffffffffffffffffffffffffffffff,-2.27,,,163.39,-370.89529999999996,0,0
PERP,0xe9ad907169ade5f7eb27043d6673120202a8005704a104c98d763bc428a1bfe2,1781095108331,2026-06-10T12:38:28.331Z,Close Long,,xyz:SPCX-USD,0xAB961d7C42BBcd454A54b342Bd191a8f090219E6,0xffffffffffffffffffffffffffffffffffffffff,-49.06,,,163.39,-8015.9133999999995,0,0
SPOT,0x78aba84e489524d97a25043d6673010209840033e39843ab1c7453a10798fec4,1781095107214,2026-06-10T12:38:27.214Z,order,,xyz:SPCX,0xAB961d7C42BBcd454A54b342Bd191a8f090219E6,limit,-63.38,,,163.39,-10355.6582,-1,0
PERP,0xb0ce7b2cba76de69b248043d65c27b02057000125579fd3b5497267f797ab854,1781092027600,2026-06-10T11:47:07.600Z,Close Long,,xyz:SPCX-USD,0xAB961d7C42BBcd454A54b342Bd191a8f090219E6,0xffffffffffffffffffffffffffffffffffffffff,-6.62,,,163.54,-1082.6348,0,0
PERP,0xd3b75e7ef9069f9bd531043d65c26602096a00649409be6d778009d1b80a7986,1781092026227,2026-06-10T11:47:06.227Z,Close Long,,xyz:SPCX-USD,0xAB961d7C42BBcd454A54b342Bd191a8f090219E6,0xffffffffffffffffffffffffffffffffffffffff,-30,,,163.54,-4906.2,0,0
SPOT,0x64da5d94bb5607796654043d65c0c50201bc007a5659264b08a308e77a59e164,1781091997883,2026-06-10T11:46:37.883Z,order,,xyz:SPCX,0xAB961d7C42BBcd454A54b342Bd191a8f090219E6,limit,-500,,,163.54,-81770,-1,0
PERP,0x23bcc1305790ff262536043d65be780206610015f2941df8c7856c831694d910,1781091952373,2026-06-10T11:45:52.373Z,Close Long,,xyz:SPCX-USD,0xAB961d7C42BBcd454A54b342Bd191a8f090219E6,0xffffffffffffffffffffffffffffffffffffffff,-32.43,,,163.52,-5302.953600000001,0,0
PERP,0x3afa02eef372ba9b3c73043d65be730201a800d48e75d96ddec2ae41b2769485,1781091952048,2026-06-10T11:45:52.048Z,Close Long,,xyz:SPCX-USD,0xAB961d7C42BBcd454A54b342Bd191a8f090219E6,0xffffffffffffffffffffffffffffffffffffffff,-5.29,,,163.52,-865.0208,0,0
PERP,0x33d096a4b4acf09e354a043d65be52020298008a4fa00f70d79941f773a0ca88,1781091949057,2026-06-10T11:45:49.057Z,Close Long,,xyz:SPCX-USD,0xAB961d7C42BBcd454A54b342Bd191a8f090219E6,0xffffffffffffffffffffffffffffffffffffffff,-15,,,163.52,-2452.8,0,0
PERP,0x401c4ece8061f7e84196043d65be4a01dc0066b41b6516bae3e4fa213f65d1d2,1781091948514,2026-06-10T11:45:48.514Z,Close Long,,xyz:SPCX-USD,0xAB961d7C42BBcd454A54b342Bd191a8f090219E6,0xffffffffffffffffffffffffffffffffffffffff,-6.57,,,163.52,-1074.3264000000001,0,0
PERP,0x81c0e5c408542a5f833a043d65be460201c700a9a357493125899116c758044a,1781091948242,2026-06-10T11:45:48.242Z,Close Long,,xyz:SPCX-USD,0xAB961d7C42BBcd454A54b342Bd191a8f090219E6,0xffffffffffffffffffffffffffffffffffffffff,-30,,,163.52,-4905.6,0,0
PERP,0xc0a794f54a460f99c221043d65be210201b700dae5492e6b647040480949e984,1781091944648,2026-06-10T11:45:44.648Z,Close Long,,xyz:SPCX-USD,0xAB961d7C42BBcd454A54b342Bd191a8f090219E6,0xffffffffffffffffffffffffffffffffffffffff,-10,,,163.61,-1636.1000000000001,0,0
PERP,0xfe8c5d8570ba6ab20006043d65b1510201c6006b0bbd8985a25508d82fbe449d,1781091717728,2026-06-10T11:41:57.728Z,Close Long,,xyz:SPCX-USD,0xAB961d7C42BBcd454A54b342Bd191a8f090219E6,0xffffffffffffffffffffffffffffffffffffffff,-55.1,,,164.0286279491833,-6963.8646,0,0
PERP,0x80fcf749eeed83d08276043d65b0dc0203aa002f89e0a2a224c5a29cade15dbb,1781091709706,2026-06-10T11:41:49.706Z,Close Long,,xyz:SPCX-USD,0xAB961d7C42BBcd454A54b342Bd191a8f090219E6,0xffffffffffffffffffffffffffffffffffffffff,-8.92,,,164.15,-1464.218,0,0
PERP,0xd6a90185713a3206d822043d65b0ac020307006b0c3d50d87a71acd8303e0bf1,1781091706467,2026-06-10T11:41:46.467Z,Close Long,,xyz:SPCX-USD,0xAB961d7C42BBcd454A54b342Bd191a8f090219E6,0xffffffffffffffffffffffffffffffffffffffff,-24.77,,,164.15,-4065.9955,0,0
PERP,0x879da809f96457888917043d65b0940201fa00ef9467765a2b66535cb8683173,1781091704881,2026-06-10T11:41:44.881Z,Close Long,,xyz:SPCX-USD,0xAB961d7C42BBcd454A54b342Bd191a8f090219E6,0xffffffffffffffffffffffffffffffffffffffff,-0.09,,,164.15,-14.7735,0,0
SPOT,0xa6e167dc5d304b49a85b043d65ae2f020ef800c1f8336a1b4aaa132f1c342534,1781091662806,2026-06-10T11:41:02.806Z,order,,xyz:SPCX,0xAB961d7C42BBcd454A54b342Bd191a8f090219E6,limit,-90,,,164.28,-14785.2,-1,0
PERP,0x7b98a42b8e2d17e97d12043d65acd50206210011292036bb1f614f7e4d20f1d4,1781091639234,2026-06-10T11:40:39.234Z,Close Long,,xyz:SPCX-USD,0xAB961d7C42BBcd454A54b342Bd191a8f090219E6,0xffffffffffffffffffffffffffffffffffffffff,-6.110000000000001,,,163.98934533551554,-211.50840000000002,0,0
PERP,0xc3cb8e4970ca023bc545043d65aab1020d8f002f0bcd210d6794399c2fcddc26,1781091601491,2026-06-10T11:40:01.491Z,Close Long,,xyz:SPCX-USD,0xAB961d7C42BBcd454A54b342Bd191a8f090219E6,0xffffffffffffffffffffffffffffffffffffffff,-200.00000000000003,,,164.377925,-16015.9075,0,0
PERP,0x292b2d3a788f9ab62aa4043d65a93f02062500201382b988ccf3d88d378374a0,1781091575991,2026-06-10T11:39:35.991Z,Close Long,,xyz:SPCX-USD,0xAB961d7C42BBcd454A54b342Bd191a8f090219E6,0xffffffffffffffffffffffffffffffffffffffff,-2.27,,,164.55,-373.5285,0,0
PERP,0xd0c6abcc606219d7d240043d65a93f02035300b1fb6538a9748f571f1f65f3c2,1781091575991,2026-06-10T11:39:35.991Z,Close Long,,xyz:SPCX-USD,0xAB961d7C42BBcd454A54b342Bd191a8f090219E6,0xffffffffffffffffffffffffffffffffffffffff,-15,,,164.55,-2468.25,0,0
PERP,0x93d97862e306ede49553043d65a9310203d300487e0a0cb637a223b5a20ac7cf,1781091575066,2026-06-10T11:39:35.066Z,Close Long,,xyz:SPCX-USD,0xAB961d7C42BBcd454A54b342Bd191a8f090219E6,0xffffffffffffffffffffffffffffffffffffffff,-15,,,164.55,-2468.25,0,0
PERP,0xe10601c7c975ab68e27f043d65a9310203d200ad6478ca3a84cead1a88798553,1781091575066,2026-06-10T11:39:35.066Z,Close Long,,xyz:SPCX-USD,0xAB961d7C42BBcd454A54b342Bd191a8f090219E6,0xffffffffffffffffffffffffffffffffffffffff,-2.61,,,164.55,-429.4755,0,0
PERP,0x2e328b2cafe468ed2fac043d65a9310203d100124ae787bfd1fb367f6ee842d7,1781091575066,2026-06-10T11:39:35.066Z,Close Long,,xyz:SPCX-USD,0xAB961d7C42BBcd454A54b342Bd191a8f090219E6,0xffffffffffffffffffffffffffffffffffffffff,-0.32,,,164.55,-52.656000000000006,0,0
PERP,0xfd3dc38a168cda06feb7043d65a9310203cb006fb18ff8d9a1066edcd580b3f1,1781091575066,2026-06-10T11:39:35.066Z,Close Long,,xyz:SPCX-USD,0xAB961d7C42BBcd454A54b342Bd191a8f090219E6,0xffffffffffffffffffffffffffffffffffffffff,-3.5,,,164.55,-575.9250000000001,0,0
PERP,0xe4c35fb8c9d91293e63d043d65a9310203c8009e64dc3165888c0b0b88dcec7e,1781091575066,2026-06-10T11:39:35.066Z,Close Long,,xyz:SPCX-USD,0xAB961d7C42BBcd454A54b342Bd191a8f090219E6,0xffffffffffffffffffffffffffffffffffffffff,-10.14,,,164.55,-1668.5370000000003,0,0
PERP,0xa514aefaaca3128ba68e043d65a91c0206a600e047a6315d48dd5a4d6ba6ec76,1781091573687,2026-06-10T11:39:33.687Z,Close Long,,xyz:SPCX-USD,0xAB961d7C42BBcd454A54b342Bd191a8f090219E6,0xffffffffffffffffffffffffffffffffffffffff,-0.09,,,164.55,-14.8095,0,0
PERP,0xf7e0da2daf3b68e5f95a043d65a91a02074100134a3e87b89ba985806e3f42d0,1781091573552,2026-06-10T11:39:33.552Z,Close Long,,xyz:SPCX-USD,0xAB961d7C42BBcd454A54b342Bd191a8f090219E6,0xffffffffffffffffffffffffffffffffffffffff,-12.39,,,164.55,-2038.7745000000002,0,0
PERP,0x4337dbda30a7dda644b1043d65a90902028500bfcbaafc78e700872cefabb790,1781091572360,2026-06-10T11:39:32.360Z,Close Long,,xyz:SPCX-USD,0xAB961d7C42BBcd454A54b342Bd191a8f090219E6,0xffffffffffffffffffffffffffffffffffffffff,-15,,,164.55,-2468.25,0,0
PERP,0x17d94bddb799a1391953043d65a9000209b900c3529cc00bbba1f730769d7b23,1781091571452,2026-06-10T11:39:31.452Z,Close Long,,xyz:SPCX-USD,0xAB961d7C42BBcd454A54b342Bd191a8f090219E6,0xffffffffffffffffffffffffffffffffffffffff,-30,,,164.55,-4936.5,0,0
PERP,0x25b98ddd36fe5cad2733043d65a8fd02046e00c2d1f17b7fc982392ff5f23697,1781091571255,2026-06-10T11:39:31.255Z,Close Long,,xyz:SPCX-USD,0xAB961d7C42BBcd454A54b342Bd191a8f090219E6,0xffffffffffffffffffffffffffffffffffffffff,-0.32,,,164.55,-52.656000000000006,0,0
PERP,0x299cfd1b0fa5fae12b16043d65a8f402031e0000aaa919b3cd65a86dcea9d4cb,1781091570617,2026-06-10T11:39:30.617Z,Close Long,,xyz:SPCX-USD,0xAB961d7C42BBcd454A54b342Bd191a8f090219E6,0xffffffffffffffffffffffffffffffffffffffff,-15,,,164.55,-2468.25,0,0
PERP,0x249934b9321bb3822612043d65a8e8020219009ecd1ed254c861e00bf11f8d6c,1781091569835,2026-06-10T11:39:29.835Z,Close Long,,xyz:SPCX-USD,0xAB961d7C42BBcd454A54b342Bd191a8f090219E6,0xffffffffffffffffffffffffffffffffffffffff,-0.32,,,164.55,-52.656000000000006,0,0
PERP,0xa82b1177683971d1a9a4043d65a8e80201cb005d033c90a34bf3bcca273d4bbc,1781091569835,2026-06-10T11:39:29.835Z,Close Long,,xyz:SPCX-USD,0xAB961d7C42BBcd454A54b342Bd191a8f090219E6,0xffffffffffffffffffffffffffffffffffffffff,-30,,,164.55,-4936.5,0,0
PERP,0x46468d667757782547c0043d65a8d9020818004c125a96f7ea0f38b9365b520f,1781091568825,2026-06-10T11:39:28.825Z,Close Long,,xyz:SPCX-USD,0xAB961d7C42BBcd454A54b342Bd191a8f090219E6,0xffffffffffffffffffffffffffffffffffffffff,-15,,,164.55,-2468.25,0,0
PERP,0xb2635117bd2a4874b3dd043d65a8d902037d00fd582d6746562bfc6a7c2e225f,1781091568825,2026-06-10T11:39:28.825Z,Close Long,,xyz:SPCX-USD,0xAB961d7C42BBcd454A54b342Bd191a8f090219E6,0xffffffffffffffffffffffffffffffffffffffff,-20.73,,,164.55,-3411.1215,0,0
PERP,0x344200103d53fc0a35bb043d65a8d902037800f5d8571adcd80aab62fc57d5f4,1781091568825,2026-06-10T11:39:28.825Z,Close Long,,xyz:SPCX-USD,0xAB961d7C42BBcd454A54b342Bd191a8f090219E6,0xffffffffffffffffffffffffffffffffffffffff,-0.32,,,164.55,-52.656000000000006,0,0
PERP,0xad295182af65eb2daea3043d65a7ee02021800684a6909ff50f1fcd56e69c518,1781091552996,2026-06-10T11:39:12.996Z,Close Long,,xyz:SPCX-USD,0xAB961d7C42BBcd454A54b342Bd191a8f090219E6,0xffffffffffffffffffffffffffffffffffffffff,-88.94,,,164.52,-14632.408800000001,0,0
PERP,0xf3bd88b004aaad28f537043d65a7dd0204a100959fadcbfb97863402c3ae8713,1781091551917,2026-06-10T11:39:11.917Z,Close Long,,xyz:SPCX-USD,0xAB961d7C42BBcd454A54b342Bd191a8f090219E6,0xffffffffffffffffffffffffffffffffffffffff,-3.89,,,164.63,-640.4107,0,0
PERP,0xd8efc16802888a51da69043d65a775020237004d9d8ba9237cb86cbac18c643c,1781091544316,2026-06-10T11:39:04.316Z,Close Long,,xyz:SPCX-USD,0xAB961d7C42BBcd454A54b342Bd191a8f090219E6,0xffffffffffffffffffffffffffffffffffffffff,-1.88,,,164.63,-309.5044,0,0
PERP,0x5ece2165c99b76526047043d65a75c020f0d004b649e95240296ccb8889f503d,1781091542671,2026-06-10T11:39:02.671Z,Close Long,,xyz:SPCX-USD,0xAB961d7C42BBcd454A54b342Bd191a8f090219E6,0xffffffffffffffffffffffffffffffffffffffff,-0.39,,,164.63,-64.20570000000001,0,0
PERP,0x1fa7eb4d3ad5ab4b2121043d65a75002087d0032d5d8ca1dc370969ff9d98535,1781091541871,2026-06-10T11:39:01.871Z,Close Long,,xyz:SPCX-USD,0xAB961d7C42BBcd454A54b342Bd191a8f090219E6,0xffffffffffffffffffffffffffffffffffffffff,-7.02,,,164.63,-1155.7025999999998,0,0
PERP,0x83fd8e46acee6c698577043d65a73202045c002c47e18b3b27c639996be24654,1781091539844,2026-06-10T11:38:59.844Z,Close Long,,xyz:SPCX-USD,0xAB961d7C42BBcd454A54b342Bd191a8f090219E6,0xffffffffffffffffffffffffffffffffffffffff,-86.92999999999999,,,164.7333992867825,-194.2634,0,0
PERP,0x0487ebef403699990601043d65a6790201b600d4db39b86ba8509741ff3a7383,1781091527120,2026-06-10T11:38:47.120Z,Close Long,,xyz:SPCX-USD,0xAB961d7C42BBcd454A54b342Bd191a8f090219E6,0xffffffffffffffffffffffffffffffffffffffff,-10,,,164.89,-1648.8999999999999,0,0
SPOT,0x0b3ac80e3524bf480cb4043d65a63f02017f00f3d027de1aaf037360f4289932,1781091523117,2026-06-10T11:38:43.117Z,order,,xyz:SPCX,0xAB961d7C42BBcd454A54b342Bd191a8f090219E6,limit,-200,,,165.03,-33006,-1,0
PERP,0x520560e5f6c01686537f043d65a62802035c00cb91c33558f5ce0c38b5c3f070,1781091521580,2026-06-10T11:38:41.580Z,Close Long,,xyz:SPCX-USD,0xAB961d7C42BBcd454A54b342Bd191a8f090219E6,0xffffffffffffffffffffffffffffffffffffffff,-9.71,,,164.93,-1601.4703000000002,0,0
PERP,0x04e571dbf7a9cfc2065f043d65a61502023900c192acee94a8ae1d2eb6ada9ac,1781091520289,2026-06-10T11:38:40.289Z,Close Long,,xyz:SPCX-USD,0xAB961d7C42BBcd454A54b342Bd191a8f090219E6,0xffffffffffffffffffffffffffffffffffffffff,-2.61,,,164.93,-430.4673,0,0
PERP,0xbd978cb43562eb4ebf11043d65a5e402052a0099d0660a2061603806f466c539,1781091516961,2026-06-10T11:38:36.961Z,Close Long,,xyz:SPCX-USD,0xAB961d7C42BBcd454A54b342Bd191a8f090219E6,0xffffffffffffffffffffffffffffffffffffffff,-0.54,,,164.93,-89.0622,0,0
SPOT,0xb591058767c456f2b70a043d65a5c502041b006d02c775c45959b0da26c830dd,1781091515003,2026-06-10T11:38:35.003Z,order,,xyz:SPCX,0xAB961d7C42BBcd454A54b342Bd191a8f090219E6,limit,-200,,,164.93,-32986,-1,0
PERP,0xb0407449c56089c8b1ba043d65a56b020447002f6063a89a54091f9c846463b3,1781091508941,2026-06-10T11:38:28.941Z,Close Long,,xyz:SPCX-USD,0xAB961d7C42BBcd454A54b342Bd191a8f090219E6,0xffffffffffffffffffffffffffffffffffffffff,-45.02,,,164.55,-7408.041000000001,0,0
PERP,0xe9cc9aefb7a7a8b5eb46043d65a56a0204d000d552aac7878d95464276ab82a0,1781091508866,2026-06-10T11:38:28.866Z,Close Long,,xyz:SPCX-USD,0xAB961d7C42BBcd454A54b342Bd191a8f090219E6,0xffffffffffffffffffffffffffffffffffffffff,-151.92,,,164.55,-24998.435999999998,0,0
PERP,0x6b544782a3560a946cce043d65a56a02044300683e5929660f1cf2d56259e47f,1781091508866,2026-06-10T11:38:28.866Z,Close Long,,xyz:SPCX-USD,0xAB961d7C42BBcd454A54b342Bd191a8f090219E6,0xffffffffffffffffffffffffffffffffffffffff,-2.61,,,164.55,-429.4755,0,0
PERP,0x52d9e3b156a243215453043d65a56a0204400096f1a561f3f6a28f0415a61d0b,1781091508866,2026-06-10T11:38:28.866Z,Close Long,,xyz:SPCX-USD,0xAB961d7C42BBcd454A54b342Bd191a8f090219E6,0xffffffffffffffffffffffffffffffffffffffff,-0.32,,,164.55,-52.656000000000006,0,0
PERP,0xf0f0546c23e32554f26a043d65a56a0204340051bee6442794b8ffbee2e6ff3f,1781091508866,2026-06-10T11:38:28.866Z,Close Long,,xyz:SPCX-USD,0xAB961d7C42BBcd454A54b342Bd191a8f090219E6,0xffffffffffffffffffffffffffffffffffffffff,-0.13,,,164.55,-21.3915,0,0
PERP,0x45f2e0987a50aeab476c043d65a4cb02048e007e1553cd7de9bb8beb39548895,1781091498049,2026-06-10T11:38:18.049Z,Close Long,,xyz:SPCX-USD,0xAB961d7C42BBcd454A54b342Bd191a8f090219E6,0xffffffffffffffffffffffffffffffffffffffff,-1.74,,,164.39,-286.0386,0,0
PERP,0x12b2a75446404a6c142c043d65a4bf0201e10039e143693eb67b52a705442456,1781091497246,2026-06-10T11:38:17.246Z,Close Long,,xyz:SPCX-USD,0xAB961d7C42BBcd454A54b342Bd191a8f090219E6,0xffffffffffffffffffffffffffffffffffffffff,-4.12,,,164.39,-677.2868,0,0
PERP,0xfa384382f99c82f8fbb1043d65a4bf0201de0068949fa1cb9e00eed5b8905ce3,1781091497246,2026-06-10T11:38:17.246Z,Close Long,,xyz:SPCX-USD,0xAB961d7C42BBcd454A54b342Bd191a8f090219E6,0xffffffffffffffffffffffffffffffffffffffff,-151.97,,,164.39,-24982.348299999998,0,0
PERP,0x7c16f27b79c6368e7d90043d65a4bf0201d9006114c955601fdf9dce38ca1079,1781091497246,2026-06-10T11:38:17.246Z,Close Long,,xyz:SPCX-USD,0xAB961d7C42BBcd454A54b342Bd191a8f090219E6,0xffffffffffffffffffffffffffffffffffffffff,-11.73,,,164.39,-1928.2947,0,0
PERP,0xfdf5a173f9ffea23ff6f043d65a4bf0201d4005994f308f6a1be4cc6b8f3c40e,1781091497246,2026-06-10T11:38:17.246Z,Close Long,,xyz:SPCX-USD,0xAB961d7C42BBcd454A54b342Bd191a8f090219E6,0xffffffffffffffffffffffffffffffffffffffff,-15,,,164.39,-2465.85,0,0
PERP,0x366524f8941e476037de043d65a4bf0201c600de2f116632da2dd04b5312214a,1781091497246,2026-06-10T11:38:17.246Z,Close Long,,xyz:SPCX-USD,0xAB961d7C42BBcd454A54b342Bd191a8f090219E6,0xffffffffffffffffffffffffffffffffffffffff,-3.67,,,164.39,-603.3113,0,0
PERP,0x529ce6bae12575fe5416043d65a4bf0201bf00a07c2894d0f665920da0294fe8,1781091497246,2026-06-10T11:38:17.246Z,Close Long,,xyz:SPCX-USD,0xAB961d7C42BBcd454A54b342Bd191a8f090219E6,0xffffffffffffffffffffffffffffffffffffffff,-11.67,,,164.39,-1918.4312999999997,0,0
PERP,0xf6f3596c0636c10cf86d043d65a4400203f30051a139dfdf9abc04bec53a9af7,1781091488400,2026-06-10T11:38:08.400Z,Close Long,,xyz:SPCX-USD,0xAB961d7C42BBcd454A54b342Bd191a8f090219E6,0xffffffffffffffffffffffffffffffffffffffff,-0.1,,,164.39,-16.439,0,0
PERP,0x87cc06e485058fdc8945043d65a3d10205d300ca2008aeae2b94b237440969c7,1781091480669,2026-06-10T11:38:00.669Z,Close Long,,xyz:SPCX-USD,0xAB961d7C42BBcd454A54b342Bd191a8f090219E6,0xffffffffffffffffffffffffffffffffffffffff,-9.24,,,164.34,-1518.5016,0,0
PERP,0x1a6af7575747b7641be4043d65a3d002045c003cf24ad636be33a2aa164b914e,1781091480570,2026-06-10T11:38:00.570Z,Close Long,,xyz:SPCX-USD,0xAB961d7C42BBcd454A54b342Bd191a8f090219E6,0xffffffffffffffffffffffffffffffffffffffff,-40.28,,,164.34,-6619.6152,0,0
PERP,0x489c886dc9eaf09f4a16043d65a3be0202f0005364ee0f71ec6533c088eeca89,1781091479330,2026-06-10T11:37:59.330Z,Close Long,,xyz:SPCX-USD,0xAB961d7C42BBcd454A54b342Bd191a8f090219E6,0xffffffffffffffffffffffffffffffffffffffff,-141.85999999999999,,,164.40661285774712,-2663.9514000000004,0,0
PERP,0x17861e756f2855d018ff043d65a24302030b005b0a2b74a2bb4ec9c82e2c2fba,1781091453805,2026-06-10T11:37:33.805Z,Close Long,,xyz:SPCX-USD,0xAB961d7C42BBcd454A54b342Bd191a8f090219E6,0xffffffffffffffffffffffffffffffffffffffff,-6.07,,,164.57,-998.9399,0,0
PERP,0x8fcf2cfd1e433b749148043d65a21002030c00e2b9465a463397d84fdd47155f,1781091450272,2026-06-10T11:37:30.272Z,Close Long,,xyz:SPCX-USD,0xAB961d7C42BBcd454A54b342Bd191a8f090219E6,0xffffffffffffffffffffffffffffffffffffffff,-0.47,,,164.57,-77.3479,0,0
SPOT,0xe4258f5fa21f1519e59f043d65a17c02033500453d1233eb87ee3ab26112ef04,1781091440083,2026-06-10T11:37:20.083Z,order,,xyz:SPCX,0xAB961d7C42BBcd454A54b342Bd191a8f090219E6,limit,-200,,,164.57,-32914,-1,0
PERP,0x2c51f5f661c41afa2dcb043d659fbc020aa800dbfcc739ccd01aa14920c7f4e4,1781091409712,2026-06-10T11:36:49.712Z,Close Long,,xyz:SPCX-USD,0xAB961d7C42BBcd454A54b342Bd191a8f090219E6,0xffffffffffffffffffffffffffffffffffffffff,-200,,,164.475,-4111.75,0,0
PERP,0x036dce9812cd8bba04e7043d659f5d020853007dadc0aa8ca73679ead1c165a4,1781091403352,2026-06-10T11:36:43.352Z,Close Long,,xyz:SPCX-USD,0xAB961d7C42BBcd454A54b342Bd191a8f090219E6,0xffffffffffffffffffffffffffffffffffffffff,-200,,,164.40123599999995,-14560.022299999997,0,0
PERP,0xc672056004c594a7c7eb043d659f2702040100459fc8b3796a3ab0b2c3c96e92,1781091399638,2026-06-10T11:36:39.638Z,Close Long,,xyz:SPCX-USD,0xAB961d7C42BBcd454A54b342Bd191a8f090219E6,0xffffffffffffffffffffffffffffffffffffffff,-200,,,164.42475900000002,-6093.9373,0,0
SPOT,0x98f8922c37eb6a249a72043d659ebb02031f0011d2ee88f63cc13d7ef6ef440f,1781091392210,2026-06-10T11:36:32.210Z,order,,xyz:SPCX,0xAB961d7C42BBcd454A54b342Bd191a8f090219E6,limit,-200,,,164.71,-32942,-1,0
SPOT,0xa11ed195f712d072a298043d659e500201e1007b9215ef4444e77ce8b616aa5d,1781091384824,2026-06-10T11:36:24.824Z,order,,xyz:SPCX,0xAB961d7C42BBcd454A54b342Bd191a8f090219E6,limit,-200,,,165.07,-33014,-1,0
PERP,0xe342cc8582a9e7bee4bc043d5060090201a5006b1dad0690870b77d841adc1a9,1780996279201,2026-06-09T09:11:19.201Z,Open Long,,xyz:SPCX-USD,0xffffffffffffffffffffffffffffffffffffffff,0xAB961d7C42BBcd454A54b342Bd191a8f090219E6,403.76,,,154.22,62267.8672,0,0
PERP,0x637cc3148a9cfb1764f6043d5060010201a400fa259019e907456e674990d502,1780996278591,2026-06-09T09:11:18.591Z,Open Long,,xyz:SPCX-USD,0xffffffffffffffffffffffffffffffffffffffff,0xAB961d7C42BBcd454A54b342Bd191a8f090219E6,158.26,,,154.22,24406.8572,0,0
PERP,0x85a72f743ca8487a8720043d505fe90206e50059d7ab674c296fdac6fbac2265,1780996276875,2026-06-09T09:11:16.875Z,Open Long,,xyz:SPCX-USD,0xffffffffffffffffffffffffffffffffffffffff,0xAB961d7C42BBcd454A54b342Bd191a8f090219E6,100,,,154.22,15422,0,0
PERP,0x7122240390b89e69729b043d505fbe0204e500e92bbbbd3b14eacf564fbc7854,1780996273919,2026-06-09T09:11:13.919Z,Open Long,,xyz:SPCX-USD,0xffffffffffffffffffffffffffffffffffffffff,0xAB961d7C42BBcd454A54b342Bd191a8f090219E6,13.55,,,154.22,2089.681,0,0
PERP,0x6fbcf3d8e1c1f57e7136043d505fb702038100be7cc5145013859f2ba0c5cf69,1780996273445,2026-06-09T09:11:13.445Z,Open Long,,xyz:SPCX-USD,0xffffffffffffffffffffffffffffffffffffffff,0xAB961d7C42BBcd454A54b342Bd191a8f090219E6,2.97,,,154.22,458.03340000000003,0,0
PERP,0xa73d0f523334c43da8b6043d505fab0202ec0037ce37e30f4b05baa4f2389e28,1780996272640,2026-06-09T09:11:12.640Z,Open Long,,xyz:SPCX-USD,0xffffffffffffffffffffffffffffffffffffffff,0xAB961d7C42BBcd454A54b342Bd191a8f090219E6,4.46,,,154.22,687.8212,0,0
PERP,0x940b291f9eb3d1c29584043d505fa90205ee000539b6f09437d3d4725db7abad,1780996272509,2026-06-09T09:11:12.509Z,Open Long,,xyz:SPCX-USD,0xffffffffffffffffffffffffffffffffffffffff,0xAB961d7C42BBcd454A54b342Bd191a8f090219E6,13.55,,,154.22,2089.681,0,0
PERP,0x20b8c426a115172b2232043d505f9b0203ca000c3c1835fdc4816f796018f115,1780996271586,2026-06-09T09:11:11.586Z,Open Long,,xyz:SPCX-USD,0xffffffffffffffffffffffffffffffffffffffff,0xAB961d7C42BBcd454A54b342Bd191a8f090219E6,1.6,,,154.22,246.752,0,0
PERP,0xa08d42f3d6df6e4fa206043d505f9b02038600d971d28d214455ee4695d3483a,1780996271586,2026-06-09T09:11:11.586Z,Open Long,,xyz:SPCX-USD,0xffffffffffffffffffffffffffffffffffffffff,0xAB961d7C42BBcd454A54b342Bd191a8f090219E6,1.52,,,154.22,234.4144,0,0
PERP,0x70677e7373bd4b3571e1043d505cf202059100590eb06a07143029c632b12520,1780996225323,2026-06-09T09:10:25.323Z,Open Long,,xyz:SPCX-USD,0xffffffffffffffffffffffffffffffffffffffff,0xAB961d7C42BBcd454A54b342Bd191a8f090219E6,4.16,,,154.22,641.5552,0,0
PERP,0x8a3ceb97f5a41b948bb6043d505b4d020101007d90a73a662e0596eab4a7f57f,1780996196664,2026-06-09T09:09:56.664Z,Open Long,,xyz:SPCX-USD,0xffffffffffffffffffffffffffffffffffffffff,0xAB961d7C42BBcd454A54b342Bd191a8f090219E6,51.14,,,154.22,13.8798,0,0
PERP,0x04087908c0e6c40e0582043d505b4102011100ee5be9e2e0a7d1245b7fea9df8,1780996195918,2026-06-09T09:09:55.918Z,Open Long,,xyz:SPCX-USD,0xffffffffffffffffffffffffffffffffffffffff,0xAB961d7C42BBcd454A54b342Bd191a8f090219E6,1.49,,,154.22,229.7878,0,0
PERP,0xa79a130a05f72902a913043d505b230201a000efa0fa47d44b62be5cc4fb02ed,1780996193825,2026-06-09T09:09:53.825Z,Open Long,,xyz:SPCX-USD,0xffffffffffffffffffffffffffffffffffffffff,0xAB961d7C42BBcd454A54b342Bd191a8f090219E6,1.49,,,154.22,229.7878,0,0
PERP,0xdebf545146b94c69e039043d505b010201b60036e1bc6b3b8287ffa405bd2654,1780996191540,2026-06-09T09:09:51.540Z,Open Long,,xyz:SPCX-USD,0xffffffffffffffffffffffffffffffffffffffff,0xAB961d7C42BBcd454A54b342Bd191a8f090219E6,1.49,,,154.22,229.7878,0,0
PERP,0xbd54924be6da3d54bece043d505af70202ba003181dd5c26611d3d9ea5de173f,1780996190839,2026-06-09T09:09:50.839Z,Open Long,,xyz:SPCX-USD,0xffffffffffffffffffffffffffffffffffffffff,0xAB961d7C42BBcd454A54b342Bd191a8f090219E6,1.49,,,154.22,229.7878,0,0
PERP,0x5aa387499a18bbd15c1d043d505aed0201c0002f351bdaa3fe6c329c591c95bb,1780996190145,2026-06-09T09:09:50.145Z,Open Long,,xyz:SPCX-USD,0xffffffffffffffffffffffffffffffffffffffff,0xAB961d7C42BBcd454A54b342Bd191a8f090219E6,1.49,,,154.22,229.7878,0,0
PERP,0x78fb185ca665ad887a74043d505ae102030900424168cc5a1cc3c3af65698773,1780996189330,2026-06-09T09:09:49.330Z,Open Long,,xyz:SPCX-USD,0xffffffffffffffffffffffffffffffffffffffff,0xAB961d7C42BBcd454A54b342Bd191a8f090219E6,1.49,,,154.22,229.7878,0,0
PERP,0xf5a6e8dbe332f2cdf720043d505ad702011000c17e3611a0996f942ea236ccb8,1780996188659,2026-06-09T09:09:48.659Z,Open Long,,xyz:SPCX-USD,0xffffffffffffffffffffffffffffffffffffffff,0xAB961d7C42BBcd454A54b342Bd191a8f090219E6,1.49,,,154.22,229.7878,0,0
PERP,0xfd5f303187795291fed8043d505acd0201a60017227c7164a127db84467d2c7c,1780996187992,2026-06-09T09:09:47.992Z,Open Long,,xyz:SPCX-USD,0xffffffffffffffffffffffffffffffffffffffff,0xAB961d7C42BBcd454A54b342Bd191a8f090219E6,1.49,,,154.22,229.7878,0,0
PERP,0xddee4df9ddf741b3df68043d505ac002024f00df78fa608581b6f94c9cfb1b9e,1780996187122,2026-06-09T09:09:47.122Z,Open Long,,xyz:SPCX-USD,0xffffffffffffffffffffffffffffffffffffffff,0xAB961d7C42BBcd454A54b342Bd191a8f090219E6,1.49,,,154.22,229.7878,0,0
PERP,0xc20bb39bcf06710fc385043d505ab50201ff00816a098fe165d45eee8e0a4afa,1780996186381,2026-06-09T09:09:46.381Z,Open Long,,xyz:SPCX-USD,0xffffffffffffffffffffffffffffffffffffffff,0xAB961d7C42BBcd454A54b342Bd191a8f090219E6,1.49,,,154.22,229.7878,0,0
PERP,0x043daea157da8a8105b7043d505aab0202c60086f2dda953a80659f416de646b,1780996185708,2026-06-09T09:09:45.708Z,Open Long,,xyz:SPCX-USD,0xffffffffffffffffffffffffffffffffffffffff,0xAB961d7C42BBcd454A54b342Bd191a8f090219E6,1.49,,,154.22,229.7878,0,0
PERP,0x3209c7f5f84507883383043d505aa102011700db9348265ad5d27348b748e172,1780996185036,2026-06-09T09:09:45.036Z,Open Long,,xyz:SPCX-USD,0xffffffffffffffffffffffffffffffffffffffff,0xAB961d7C42BBcd454A54b342Bd191a8f090219E6,1.49,,,154.22,229.7878,0,0
PERP,0xbd0d3a01d230321ebe86043d505a9a02017100e76d3350f060d5e55491340c09,1780996184566,2026-06-09T09:09:44.566Z,Open Long,,xyz:SPCX-USD,0xffffffffffffffffffffffffffffffffffffffff,0xAB961d7C42BBcd454A54b342Bd191a8f090219E6,0.71,,,154.22,109.49619999999999,0,0
PERP,0x5f7ebd1b34c8c0b160f8043d505a970201d10000cfcbdf830347686df3cc9a9c,1780996184366,2026-06-09T09:09:44.366Z,Open Long,,xyz:SPCX-USD,0xffffffffffffffffffffffffffffffffffffffff,0xAB961d7C42BBcd454A54b342Bd191a8f090219E6,5.16,,,154.22,795.7752,0,0
PERP,0x1048038b03eaa6bc11c1043d505a9702019300709eedc58eb410aeddc2ee80a6,1780996184366,2026-06-09T09:09:44.366Z,Open Long,,xyz:SPCX-USD,0xffffffffffffffffffffffffffffffffffffffff,0xAB961d7C42BBcd454A54b342Bd191a8f090219E6,1.49,,,154.22,229.7878,0,0
PERP,0xac3acd2895b06c35adb4043d505a8d02016a000e30b38b075003787b54b44620,1780996183687,2026-06-09T09:09:43.687Z,Open Long,,xyz:SPCX-USD,0xffffffffffffffffffffffffffffffffffffffff,0xAB961d7C42BBcd454A54b342Bd191a8f090219E6,1.49,,,154.22,229.7878,0,0
PERP,0x7a6b749444d72b9a7be5043d505a150203840079dfda4a6c1e341fe703db0585,1780996175559,2026-06-09T09:09:35.559Z,Open Long,,xyz:SPCX-USD,0xffffffffffffffffffffffffffffffffffffffff,0xAB961d7C42BBcd454A54b342Bd191a8f090219E6,4.05,,,154.22,624.591,0,0
PERP,0x250b0722b1e1345f2684043d505a0302055700084ce45331c8d3b27570e50e49,1780996174354,2026-06-09T09:09:34.354Z,Open Long,,xyz:SPCX-USD,0xffffffffffffffffffffffffffffffffffffffff,0xAB961d7C42BBcd454A54b342Bd191a8f090219E6,0.54,,,154.22,83.2788,0,0
PERP,0xdba2e505b00f798edd1c043d5059cf02018d00eb4b0298607f6b90586f035379,1780996170844,2026-06-09T09:09:30.844Z,Open Long,,xyz:SPCX-USD,0xffffffffffffffffffffffffffffffffffffffff,0xAB961d7C42BBcd454A54b342Bd191a8f090219E6,1.49,,,154.22,229.7878,0,0
PERP,0x6551557a9faae74d66cb043d5059c402040e00603aae061f091a00cd5eaec138,1780996170174,2026-06-09T09:09:30.174Z,Open Long,,xyz:SPCX-USD,0xffffffffffffffffffffffffffffffffffffffff,0xAB961d7C42BBcd454A54b342Bd191a8f090219E6,1.49,,,154.22,229.7878,0,0
PERP,0x9c6b93d4b092a3639de5043d5059c0020c0900ba4b95c23540343f276f967d4e,1780996169896,2026-06-09T09:09:29.896Z,Open Long,,xyz:SPCX-USD,0xffffffffffffffffffffffffffffffffffffffff,0xAB961d7C42BBcd454A54b342Bd191a8f090219E6,15.15,,,154.22,2336.433,0,0
PERP,0x2a6a59fd9d9a5d882be4043d50597001e90071e3389d7c5ace3305505c9e3772,1780996164484,2026-06-09T09:09:24.484Z,Open Long,,xyz:SPCX-USD,0xffffffffffffffffffffffffffffffffffffffff,0xAB961d7C42BBcd454A54b342Bd191a8f090219E6,1.49,,,154.22,229.7878,0,0
PERP,0x925902d2beabd05e93d2043d5059660201d400b859aeef303621ae257dafaa49,1780996163813,2026-06-09T09:09:23.813Z,Open Long,,xyz:SPCX-USD,0xffffffffffffffffffffffffffffffffffffffff,0xAB961d7C42BBcd454A54b342Bd191a8f090219E6,1.49,,,154.22,229.7878,0,0
PERP,0xe284733618f9813ee3fe043d505963020310001bb3fca010864d1e88d7fd5b29,1780996163530,2026-06-09T09:09:23.530Z,Open Long,,xyz:SPCX-USD,0xffffffffffffffffffffffffffffffffffffffff,0xAB961d7C42BBcd454A54b342Bd191a8f090219E6,5.09,,,154.22,784.9798,0,0
PERP,0x287874b26eb3f29029f2043d5058ea0202e9009809b71162cc4120052db7cc7a,1780996155273,2026-06-09T09:09:15.273Z,Open Long,,xyz:SPCX-USD,0xffffffffffffffffffffffffffffffffffffffff,0xAB961d7C42BBcd454A54b342Bd191a8f090219E6,1.39,,,154.22,214.36579999999998,0,0
PERP,0xe663005f6f746928e7dc043d5058b402026300450a7787fa8a2babb22e784313,1780996151582,2026-06-09T09:09:11.582Z,Open Long,,xyz:SPCX-USD,0xffffffffffffffffffffffffffffffffffffffff,0xAB961d7C42BBcd454A54b342Bd191a8f090219E6,1.49,,,154.22,229.7878,0,0
PERP,0x8dbcf9e768368b148f36043d5058a802030b00cd0339a9e63185a53a273a64ff,1780996150779,2026-06-09T09:09:10.779Z,Open Long,,xyz:SPCX-USD,0xffffffffffffffffffffffffffffffffffffffff,0xAB961d7C42BBcd454A54b342Bd191a8f090219E6,1.49,,,154.22,229.7878,0,0
PERP,0x5262538878aaad6753dc043d50589402020e006e13adcc39f62afedb37ae8751,1780996149403,2026-06-09T09:09:09.403Z,Open Long,,xyz:SPCX-USD,0xffffffffffffffffffffffffffffffffffffffff,0xAB961d7C42BBcd454A54b342Bd191a8f090219E6,1.49,,,154.22,229.7878,0,0
PERP,0x5413848308ce523d558d043d5058890203d70068a3c1710ff7dc2fd5c7c22c27,1780996148662,2026-06-09T09:09:08.662Z,Open Long,,xyz:SPCX-USD,0xffffffffffffffffffffffffffffffffffffffff,0xAB961d7C42BBcd454A54b342Bd191a8f090219E6,1.49,,,154.22,229.7878,0,0
PERP,0xef32380899493d3ff0ab043d5058880203e400ee344c5c1192fae35b584d172a,1780996148594,2026-06-09T09:09:08.594Z,Open Long,,xyz:SPCX-USD,0xffffffffffffffffffffffffffffffffffffffff,0xAB961d7C42BBcd454A54b342Bd191a8f090219E6,3.09,,,154.22,35.470600000000005,0,0
PERP,0xee054489ad1e1d54ef7f043d5058860202b3006f48113c2691cdefdc6c11f73f,1780996148458,2026-06-09T09:09:08.458Z,Open Long,,xyz:SPCX-USD,0xffffffffffffffffffffffffffffffffffffffff,0xAB961d7C42BBcd454A54b342Bd191a8f090219E6,9.38,,,154.22,1446.5836000000002,0,0
PERP,0xcc4c42ad23d6d9a7cdc5043d50585302033e0092bed9f8797014edffe2dab392,1780996144954,2026-06-09T09:09:04.954Z,Open Long,,xyz:SPCX-USD,0xffffffffffffffffffffffffffffffffffffffff,0xAB961d7C42BBcd454A54b342Bd191a8f090219E6,1.49,,,154.22,229.7878,0,0
PERP,0x9d9f587347d9aac79f19043d5058490201300058e2dcc999416803c606dd84b2,1780996144283,2026-06-09T09:09:04.283Z,Open Long,,xyz:SPCX-USD,0xffffffffffffffffffffffffffffffffffffffff,0xAB961d7C42BBcd454A54b342Bd191a8f090219E6,1.49,,,154.22,229.7878,0,0
PERP,0x362bc6856dc75acd37a5043d50583f020199006b08ca799fd9f471d82ccb34b7,1780996143599,2026-06-09T09:09:03.599Z,Open Long,,xyz:SPCX-USD,0xffffffffffffffffffffffffffffffffffffffff,0xAB961d7C42BBcd454A54b342Bd191a8f090219E6,1.49,,,154.22,229.7878,0,0
PERP,0x996f845f9c2ecbb89ae9043d5058340202e600453721ea8a3d382fb25b22a5a3,1780996142866,2026-06-09T09:09:02.866Z,Open Long,,xyz:SPCX-USD,0xffffffffffffffffffffffffffffffffffffffff,0xAB961d7C42BBcd454A54b342Bd191a8f090219E6,1.49,,,154.22,229.7878,0,0
PERP,0xecc1e9d968700ce1ee3b043d50583002020700bf03732bb3908a952c2773e6cc,1780996142593,2026-06-09T09:09:02.593Z,Open Long,,xyz:SPCX-USD,0xffffffffffffffffffffffffffffffffffffffff,0xAB961d7C42BBcd454A54b342Bd191a8f090219E6,16.87,,,154.22,2601.6914,0,0
PERP,0xe1c031b0d3bc6ca3e339043d50582a02017900966ebf8b758588dd0392b0468e,1780996142195,2026-06-09T09:09:02.195Z,Open Long,,xyz:SPCX-USD,0xffffffffffffffffffffffffffffffffffffffff,0xAB961d7C42BBcd454A54b342Bd191a8f090219E6,1.49,,,154.22,229.7878,0,0
PERP,0xecded491e3dae1dbee58043d50582002017d00777ede00ad90a77fe4a2debbc6,1780996141519,2026-06-09T09:09:01.519Z,Open Long,,xyz:SPCX-USD,0xffffffffffffffffffffffffffffffffffffffff,0xAB961d7C42BBcd454A54b342Bd191a8f090219E6,1.49,,,154.22,229.7878,0,0
PERP,0x193fe9243358f6731ab9043d5057ee0201af0009ce5c1545bd089476f25cd05d,1780996138128,2026-06-09T09:08:58.128Z,Open Long,,xyz:SPCX-USD,0xffffffffffffffffffffffffffffffffffffffff,0xAB961d7C42BBcd454A54b342Bd191a8f090219E6,1.49,,,154.22,229.7878,0,0
PERP,0x8d6bd4c6e27206168ee5043d5057e402012300ac7d7524e831348019a175e001,1780996137500,2026-06-09T09:08:57.500Z,Open Long,,xyz:SPCX-USD,0xffffffffffffffffffffffffffffffffffffffff,0xAB961d7C42BBcd454A54b342Bd191a8f090219E6,0.47,,,154.22,72.48339999999999,0,0
PERP,0x5f6c631e618d8a8760e6043d5054cb0204790003fc80a95903350e7120816472,1780996083616,2026-06-09T09:08:03.616Z,Open Long,,xyz:SPCX-USD,0xffffffffffffffffffffffffffffffffffffffff,0xAB961d7C42BBcd454A54b342Bd191a8f090219E6,1.49,,,154.22,229.7878,0,0
PERP,0x75151b0749cf91d2768e043d5054c102034f00ece4c2b0a418ddc65a08c36bbd,1780996082929,2026-06-09T09:08:02.929Z,Open Long,,xyz:SPCX-USD,0xffffffffffffffffffffffffffffffffffffffff,0xAB961d7C42BBcd454A54b342Bd191a8f090219E6,1.49,,,154.22,229.7878,0,0
PERP,0x62c0934ae2fe4e04643a043d5054bd02026e00307df16cd606893e9da1f227ef,1780996082590,2026-06-09T09:08:02.590Z,Open Long,,xyz:SPCX-USD,0xffffffffffffffffffffffffffffffffffffffff,0xAB961d7C42BBcd454A54b342Bd191a8f090219E6,3.7600000000000002,,,154.22,12.3376,0,0
PERP,0xa6474c53b73b3fffa7c1043d5054b70206f00039523e5ed14a0ff7a6763f19ea,1780996082135,2026-06-09T09:08:02.135Z,Open Long,,xyz:SPCX-USD,0xffffffffffffffffffffffffffffffffffffffff,0xAB961d7C42BBcd454A54b342Bd191a8f090219E6,1.49,,,154.22,229.7878,0,0
PERP,0xf45846331c4454edf5d2043d50539c0201300018b74773c09820f185db482ed8,1780996062529,2026-06-09T09:07:42.529Z,Open Long,,xyz:SPCX-USD,0xffffffffffffffffffffffffffffffffffffffff,0xAB961d7C42BBcd454A54b342Bd191a8f090219E6,1.5,,,154.22,231.32999999999998,0,0
PERP,0x08363465b3fb84f309af043d505393020150004b4efea3c5abfedfb872ff5edd,1780996061925,2026-06-09T09:07:41.925Z,Open Long,,xyz:SPCX-USD,0xffffffffffffffffffffffffffffffffffffffff,0xAB961d7C42BBcd454A54b342Bd191a8f090219E6,6.16,,,154.22,949.9952000000001,0,0
PERP,0x01ef95cbd688d2b30369043d5053910203eb00b1718bf185a5b8411e958cac9d,1780996061797,2026-06-09T09:07:41.797Z,Open Long,,xyz:SPCX-USD,0xffffffffffffffffffffffffffffffffffffffff,0xAB961d7C42BBcd454A54b342Bd191a8f090219E6,1.5,,,154.22,231.32999999999998,0,0
PERP,0xb72460c19e70357db89e043d5053910201c200a73973544f5aed0c145d740f68,1780996061797,2026-06-09T09:07:41.797Z,Open Long,,xyz:SPCX-USD,0xffffffffffffffffffffffffffffffffffffffff,0xAB961d7C42BBcd454A54b342Bd191a8f090219E6,13.59,,,154.22,2095.8498,0,0
PERP,0xe85fda6c3840b7e0e9d9043d50538e0201b60051d343d6b28c2885bef74491cb,1780996061586,2026-06-09T09:07:41.586Z,Open Long,,xyz:SPCX-USD,0xffffffffffffffffffffffffffffffffffffffff,0xAB961d7C42BBcd454A54b342Bd191a8f090219E6,0.32,,,154.22,49.3504,0,0
PERP,0x593ee1756c8d72595ab8043d50538e02019a005b0780912bfd078cc82b814c43,1780996061586,2026-06-09T09:07:41.586Z,Open Long,,xyz:SPCX-USD,0xffffffffffffffffffffffffffffffffffffffff,0xAB961d7C42BBcd454A54b342Bd191a8f090219E6,12.85,,,154.22,1981.7269999999999,0,0
PERP,0xdcd0be33a2ab30a8de4a043d50538e02014c00193dae4f7a8099698661af0a93,1780996061586,2026-06-09T09:07:41.586Z,Open Long,,xyz:SPCX-USD,0xffffffffffffffffffffffffffffffffffffffff,0xAB961d7C42BBcd454A54b342Bd191a8f090219E6,13.59,,,154.22,2095.8498,0,0
PERP,0x222b8950f3d7ce2023a5043d50538e01d700a1368edaecf2c5f434a3b2dba80a,1780996061586,2026-06-09T09:07:41.586Z,Open Long,,xyz:SPCX-USD,0xffffffffffffffffffffffffffffffffffffffff,0xAB961d7C42BBcd454A54b342Bd191a8f090219E6,28.51,,,154.22,4396.8122,0,0
PERP,0x1ed3a321c5ad2329204d043d505386020124000760a041fbc29c4e7484a0fd13,1780996061046,2026-06-09T09:07:41.046Z,Open Long,,xyz:SPCX-USD,0xffffffffffffffffffffffffffffffffffffffff,0xAB961d7C42BBcd454A54b342Bd191a8f090219E6,0.14,,,154.22,21.5908,0,0
PERP,0xfff94b8e79f65b530173043d50537a01ed00637414f97a26a3c1f6e138fa353e,1780996060233,2026-06-09T09:07:40.233Z,Open Long,,xyz:SPCX-USD,0xffffffffffffffffffffffffffffffffffffffff,0xAB961d7C42BBcd454A54b342Bd191a8f090219E6,10,,,154.22,1542.2,0,0
PERP,0xa19c0757bbf817dda315043d5053710201fa003d56fb36af4564b2aa7afbf1c8,1780996059634,2026-06-09T09:07:39.634Z,Open Long,,xyz:SPCX-USD,0xffffffffffffffffffffffffffffffffffffffff,0xAB961d7C42BBcd454A54b342Bd191a8f090219E6,1.49,,,154.17,229.71329999999998,0,0
PERP,0x72d106538f2d4533744a043d5052e70202d700392a2064051699b1a64e211f1e,1780996050269,2026-06-09T09:07:30.269Z,Open Long,,xyz:SPCX-USD,0xffffffffffffffffffffffffffffffffffffffff,0xAB961d7C42BBcd454A54b342Bd191a8f090219E6,39.8,,,153.78,6120.4439999999995,0,0
PERP,0x198621a4bbd225c01aff043d5052e20201b3008a56d54492bd4eccf77ad5ffaa,1780996049870,2026-06-09T09:07:29.870Z,Open Long,,xyz:SPCX-USD,0xffffffffffffffffffffffffffffffffffffffff,0xAB961d7C42BBcd454A54b342Bd191a8f090219E6,0.63,,,153.78,96.8814,0,0
PERP,0x1d70baabcba2c01f1eea043d5052d50201b9009166a5def1c13965fe8aa69a09,1780996048987,2026-06-09T09:07:28.987Z,Open Long,,xyz:SPCX-USD,0xffffffffffffffffffffffffffffffffffffffff,0xAB961d7C42BBcd454A54b342Bd191a8f090219E6,1.5,,,153.74,230.61,0,0
PERP,0xede043631766fcd5ef59043d50516702017b0048b26a1ba791a8eeb5d66ad6c0,1780996024560,2026-06-09T09:07:04.560Z,Open Long,,xyz:SPCX-USD,0xffffffffffffffffffffffffffffffffffffffff,0xAB961d7C42BBcd454A54b342Bd191a8f090219E6,58.94,,,154.61,9112.7134,0,0
PERP,0x3b0cccc7fdd5ba5a3c86043d50516702017a00ad98d8d92cded5781abcd99444,1780996024560,2026-06-09T09:07:04.560Z,Open Long,,xyz:SPCX-USD,0xffffffffffffffffffffffffffffffffffffffff,0xAB961d7C42BBcd454A54b342Bd191a8f090219E6,64.96,,,154.61,10043.4656,0,0
PERP,0xfea7aea6a0986cf20021043d50516202015f008c3b9b8bc5a27059f95f9c46dd,1780996024249,2026-06-09T09:07:04.249Z,Open Long,,xyz:SPCX-USD,0xffffffffffffffffffffffffffffffffffffffff,0xAB961d7C42BBcd454A54b342Bd191a8f090219E6,1.49,,,154.61,230.36890000000002,0,0
PERP,0x0032f01e27d34ce701ac043d50516002017d0003c2d66bb9a3fb9b70e6d726d1,1780996024121,2026-06-09T09:07:04.121Z,Open Long,,xyz:SPCX-USD,0xffffffffffffffffffffffffffffffffffffffff,0xAB961d7C42BBcd454A54b342Bd191a8f090219E6,0.5,,,154.61,77.305,0,0
PERP,0xcc0e2e9a8efa3dcfcd87043d50515a02015d008029fd5ca16fd6d9ed4dfe17ba,1780996023721,2026-06-09T09:07:03.721Z,Open Long,,xyz:SPCX-USD,0xffffffffffffffffffffffffffffffffffffffff,0xAB961d7C42BBcd454A54b342Bd191a8f090219E6,20,,,154.61,3092.2000000000003,0,0
PERP,0x51f0cbc24084d9e6536a043d50515702042d00a7db87f8b8f5b97714ff88b3d0,1780996023524,2026-06-09T09:07:03.524Z,Open Long,,xyz:SPCX-USD,0xffffffffffffffffffffffffffffffffffffffff,0xAB961d7C42BBcd454A54b342Bd191a8f090219E6,1.49,,,154.61,230.36890000000002,0,0
PERP,0x7f7d5cd817af5f9b80f7043d50514c0203e600bdb2a27e6d2346082ad6a33986,1780996022764,2026-06-09T09:07:02.764Z,Open Long,,xyz:SPCX-USD,0xffffffffffffffffffffffffffffffffffffffff,0xAB961d7C42BBcd454A54b342Bd191a8f090219E6,1.49,,,154.61,230.36890000000002,0,0
PERP,0x018b001e2e3fc7fb0304043d50514a0207c10003c932e6cda553ab70ed33a1e5,1780996022652,2026-06-09T09:07:02.652Z,Open Long,,xyz:SPCX-USD,0xffffffffffffffffffffffffffffffffffffffff,0xAB961d7C42BBcd454A54b342Bd191a8f090219E6,1.52,,,154.61,235.0072,0,0
PERP,0xc55e4072632975bac6d7043d50514a0204e80057fe2c948c6926ebc5222d4fa5,1780996022652,2026-06-09T09:07:02.652Z,Open Long,,xyz:SPCX-USD,0xffffffffffffffffffffffffffffffffffffffff,0xAB961d7C42BBcd454A54b342Bd191a8f090219E6,0.07,,,154.61,10.822700000000001,0,0
PERP,0xb0cdaaed49a19bbcb247043d50513d02169100d2e4a4ba8e5496564008a575a7,1780996021863,2026-06-09T09:07:01.863Z,Open Long,,xyz:SPCX-USD,0xffffffffffffffffffffffffffffffffffffffff,0xAB961d7C42BBcd454A54b342Bd191a8f090219E6,1.49,,,154.61,230.36890000000002,0,0
PERP,0x780614bca147a5f6797f043d50513202039200a23c4ac4c81bcec00f604b7fe1,1780996021108,2026-06-09T09:07:01.108Z,Open Long,,xyz:SPCX-USD,0xffffffffffffffffffffffffffffffffffffffff,0xAB961d7C42BBcd454A54b342Bd191a8f090219E6,1.49,,,154.61,230.36890000000002,0,0
PERP,0x5b360f1e6f7bacb95caf043d50512601a90027040a7ecb8bfefeba712e7f86a3,1780996020287,2026-06-09T09:07:00.287Z,Open Long,,xyz:SPCX-USD,0xffffffffffffffffffffffffffffffffffffffff,0xAB961d7C42BBcd454A54b342Bd191a8f090219E6,1.49,,,154.61,230.36890000000002,0,0
PERP,0x51af2645fe751c0e5328043d50511b020290002b99783ae0f577d198bd78f5f8,1780996019551,2026-06-09T09:06:59.551Z,Open Long,,xyz:SPCX-USD,0xffffffffffffffffffffffffffffffffffffffff,0xAB961d7C42BBcd454A54b342Bd191a8f090219E6,1.49,,,154.61,230.36890000000002,0,0
PERP,0xa07e8d1306c58612a1f8043d5051180201ac00f8a1c8a4e444473865c5c95ffd,1780996019355,2026-06-09T09:06:59.355Z,Open Long,,xyz:SPCX-USD,0xffffffffffffffffffffffffffffffffffffffff,0xAB961d7C42BBcd454A54b342Bd191a8f090219E6,0.55,,,154.61,85.03550000000001,0,0
PERP,0xf1687468ed97aac1f2e2043d5051180201a1004e889ac99495311fbbac9b84ac,1780996019355,2026-06-09T09:06:59.355Z,Open Long,,xyz:SPCX-USD,0xffffffffffffffffffffffffffffffffffffffff,0xAB961d7C42BBcd454A54b342Bd191a8f090219E6,1.52,,,154.61,235.0072,0,0
PERP,0xd8fc85f3de914dcbda76043d50511002015900d979946c9d7cc531469d9527b6,1780996018812,2026-06-09T09:06:58.812Z,Open Long,,xyz:SPCX-USD,0xffffffffffffffffffffffffffffffffffffffff,0xAB961d7C42BBcd454A54b342Bd191a8f090219E6,1.25,,,154.61,193.26250000000002,0,0
PERP,0xf8f1a5a72c0be394fa6b043d505110020148008cc70f02679cba50f9eb0fbd7f,1780996018812,2026-06-09T09:06:58.812Z,Open Long,,xyz:SPCX-USD,0xffffffffffffffffffffffffffffffffffffffff,0xAB961d7C42BBcd454A54b342Bd191a8f090219E6,1.49,,,154.61,230.36890000000002,0,0
PERP,0x766c1bacb9f488bc77e5043d50510c020193009254f7a78e1a34c6ff78f862a7,1780996018544,2026-06-09T09:06:58.544Z,Open Long,,xyz:SPCX-USD,0xffffffffffffffffffffffffffffffffffffffff,0xAB961d7C42BBcd454A54b342Bd191a8f090219E6,0.51,,,154.61,78.8511,0,0
PERP,0x29f4e2a60310dcf82b6e043d505108020109008b9e13fbcacdbd8df8c214b6e2,1780996018280,2026-06-09T09:06:58.280Z,Open Long,,xyz:SPCX-USD,0xffffffffffffffffffffffffffffffffffffffff,0xAB961d7C42BBcd454A54b342Bd191a8f090219E6,0.84,,,154.61,129.8724,0,0
PERP,0x570460096d6bd9ed587e043d50510602018000ef086ef8bffacd0b5c2c6fb3d7,1780996018141,2026-06-09T09:06:58.141Z,Open Long,,xyz:SPCX-USD,0xffffffffffffffffffffffffffffffffffffffff,0xAB961d7C42BBcd454A54b342Bd191a8f090219E6,1.49,,,154.61,230.36890000000002,0,0
PERP,0xaa7e900798fad3b5abf8043d50510402032b00ed33fdf2874e473b5a57feada0,1780996018007,2026-06-09T09:06:58.007Z,Open Long,,xyz:SPCX-USD,0xffffffffffffffffffffffffffffffffffffffff,0xAB961d7C42BBcd454A54b342Bd191a8f090219E6,1.08,,,154.61,166.97880000000004,0,0
PERP,0xe2ee138c331930f1e467043d50510402031d0071ce1c4fc386b6bedef21d0adc,1780996018007,2026-06-09T09:06:58.007Z,Open Long,,xyz:SPCX-USD,0xffffffffffffffffffffffffffffffffffffffff,0xAB961d7C42BBcd454A54b342Bd191a8f090219E6,13.67,,,154.61,2113.5187,0,0
PERP,0xff25d54e80205f8f009f043d50510402031600341b237e62a2ee80a13f24397a,1780996018007,2026-06-09T09:06:58.007Z,Open Long,,xyz:SPCX-USD,0xffffffffffffffffffffffffffffffffffffffff,0xAB961d7C42BBcd454A54b342Bd191a8f090219E6,12.15,,,154.61,1878.5115000000003,0,0
PERP,0x4c525eb3669f1d144dcc043d505104020315009901923be6f01b0a062592f6fe,1780996018007,2026-06-09T09:06:58.007Z,Open Long,,xyz:SPCX-USD,0xffffffffffffffffffffffffffffffffffffffff,0xAB961d7C42BBcd454A54b342Bd191a8f090219E6,8.17,,,154.61,1263.1637,0,0
PERP,0x33d7fae219eb55a13551043d50510402031200c7b4ee7473d7a0a634d8ef2f8b,1780996018007,2026-06-09T09:06:58.007Z,Open Long,,xyz:SPCX-USD,0xffffffffffffffffffffffffffffffffffffffff,0xAB961d7C42BBcd454A54b342Bd191a8f090219E6,1.51,,,154.61,233.46110000000002,0,0
PERP,0xb5b6a9da9a150936b730043d50510402030d00c035182808597f552d5918e321,1780996018007,2026-06-09T09:06:58.007Z,Open Long,,xyz:SPCX-USD,0xffffffffffffffffffffffffffffffffffffffff,0xAB961d7C42BBcd454A54b342Bd191a8f090219E6,9.11,,,154.61,1408.4971,0,0
PERP,0x9bff022ccd23c39e9d78043d5050ff02013f00126826e2703fc7ad7f8c279d89,1780996017671,2026-06-09T09:06:57.671Z,Open Long,,xyz:SPCX-USD,0xffffffffffffffffffffffffffffffffffffffff,0xAB961d7C42BBcd454A54b342Bd191a8f090219E6,0.88,,,154.61,136.0568,0,0
PERP,0x994df6ff90d6bfea9ac7043d5050fb02014600e52bd9debc3d16a2524fda99d5,1780996017471,2026-06-09T09:06:57.471Z,Open Long,,xyz:SPCX-USD,0xffffffffffffffffffffffffffffffffffffffff,0xAB961d7C42BBcd454A54b342Bd191a8f090219E6,1.49,,,154.61,230.36890000000002,0,0
PERP,0xce001c932a91b5fbcf79043d5050fb0201420078c594d4cd71c8c7e5e9958fe6,1780996017471,2026-06-09T09:06:57.471Z,Open Long,,xyz:SPCX-USD,0xffffffffffffffffffffffffffffffffffffffff,0xAB961d7C42BBcd454A54b342Bd191a8f090219E6,0.82,,,154.61,126.78020000000001,0,0
PERP,0x130b0f141e6bfde71484043d5050f702019b00f9b96f1cb9b6d3ba66dd6fd7d1,1780996017202,2026-06-09T09:06:57.202Z,Open Long,,xyz:SPCX-USD,0xffffffffffffffffffffffffffffffffffffffff,0xAB961d7C42BBcd454A54b342Bd191a8f090219E6,0.31,,,154.61,47.929100000000005,0,0
PERP,0xd8915b6439de4439da0b043d5050f702016a0049d4d1630b7c5a06b6f8d21e24,1780996017202,2026-06-09T09:06:57.202Z,Open Long,,xyz:SPCX-USD,0xffffffffffffffffffffffffffffffffffffffff,0xAB961d7C42BBcd454A54b342Bd191a8f090219E6,0.89,,,154.61,137.6029,0,0
PERP,0xf334b51aa2b130d4f4ae043d5050f202020100003db44fa796fd606d61b50abf,1780996016875,2026-06-09T09:06:56.875Z,Open Long,,xyz:SPCX-USD,0xffffffffffffffffffffffffffffffffffffffff,0xAB961d7C42BBcd454A54b342Bd191a8f090219E6,0.95,,,154.61,146.8795,0,0
PERP,0x145e13dfe2eb54db15d7043d5050f002018600c57dee73adb826bf32a1ef2ec5,1780996016724,2026-06-09T09:06:56.724Z,Open Long,,xyz:SPCX-USD,0xffffffffffffffffffffffffffffffffffffffff,0xAB961d7C42BBcd454A54b342Bd191a8f090219E6,1.49,,,154.61,230.36890000000002,0,0
PERP,0x06853f3d398679e007fe043d5050ef0202450022d48998b2aa4dea8ff88a53ca,1780996016654,2026-06-09T09:06:56.654Z,Open Long,,xyz:SPCX-USD,0xffffffffffffffffffffffffffffffffffffffff,0xAB961d7C42BBcd454A54b342Bd191a8f090219E6,1.55,,,154.61,115.95750000000001,0,0
PERP,0xac166bda078e2a69ad90043d5050ef02022500bfa281493b4fdf172cc6820454,1780996016654,2026-06-09T09:06:56.654Z,Open Long,,xyz:SPCX-USD,0xffffffffffffffffffffffffffffffffffffffff,0xAB961d7C42BBcd454A54b342Bd191a8f090219E6,0.82,,,154.61,126.78020000000001,0,0
PERP,0xf004bb39a33fb0a3f17e043d5050ec0201e7001f3e32cf7693cd668c62338a8e,1780996016455,2026-06-09T09:06:56.455Z,Open Long,,xyz:SPCX-USD,0xffffffffffffffffffffffffffffffffffffffff,0xAB961d7C42BBcd454A54b342Bd191a8f090219E6,0.31,,,154.61,47.929100000000005,0,0
PERP,0xc24e62d447070c6bc3c8043d5050ea0201b600b9e20a2b3d66170e27060ae656,1780996016324,2026-06-09T09:06:56.324Z,Open Long,,xyz:SPCX-USD,0xffffffffffffffffffffffffffffffffffffffff,0xAB961d7C42BBcd454A54b342Bd191a8f090219E6,0.81,,,154.61,125.23410000000001,0,0
PERP,0x771bb93d16f54d1e7895043d5050e702015c0022b1f86bf01ae4648fd5f92709,1780996016118,2026-06-09T09:06:56.118Z,Open Long,,xyz:SPCX-USD,0xffffffffffffffffffffffffffffffffffffffff,0xAB961d7C42BBcd454A54b342Bd191a8f090219E6,0.92,,,154.61,142.24120000000002,0,0
PERP,0x1a632d6fd13da9e51bdc043d5050e602026500556c30c8b7be2bd8c2903183cf,1780996016062,2026-06-09T09:06:56.062Z,Open Long,,xyz:SPCX-USD,0xffffffffffffffffffffffffffffffffffffffff,0xAB961d7C42BBcd454A54b342Bd191a8f090219E6,1.49,,,154.61,230.36890000000002,0,0
PERP,0x74c1b0756f239b21763b043d5050e30201eb005b0a26b9f3188a5bc82e27750c,1780996015917,2026-06-09T09:06:55.917Z,Open Long,,xyz:SPCX-USD,0xffffffffffffffffffffffffffffffffffffffff,0xAB961d7C42BBcd454A54b342Bd191a8f090219E6,1.86,,,154.61,287.57460000000003,0,0
PERP,0x2fd583ae4d191bed314f043d5050e20201e70093e81c3abfd39e2f010c1cf5d7,1780996015829,2026-06-09T09:06:55.829Z,Open Long,,xyz:SPCX-USD,0xffffffffffffffffffffffffffffffffffffffff,0xAB961d7C42BBcd454A54b342Bd191a8f090219E6,0.89,,,154.61,137.6029,0,0
PERP,0x42cf0b6b4f6313414448043d5050df0201a30050ea663213e697b6be0e66ed2b,1780996015651,2026-06-09T09:06:55.651Z,Open Long,,xyz:SPCX-USD,0xffffffffffffffffffffffffffffffffffffffff,0xAB961d7C42BBcd454A54b342Bd191a8f090219E6,0.31,,,154.61,47.929100000000005,0,0
PERP,0x22b1ff69d34f52b2242b043d5050dd02021b004f6e427184c67aaabc92432c9c,1780996015514,2026-06-09T09:06:55.514Z,Open Long,,xyz:SPCX-USD,0xffffffffffffffffffffffffffffffffffffffff,0xAB961d7C42BBcd454A54b342Bd191a8f090219E6,0.82,,,154.61,126.78020000000001,0,0
PERP,0x78fc2218dc568b0c7a75043d5050da02012300fe7759a9de1cc4cd6b9b5a64f7,1780996015312,2026-06-09T09:06:55.312Z,Open Long,,xyz:SPCX-USD,0xffffffffffffffffffffffffffffffffffffffff,0xAB961d7C42BBcd454A54b342Bd191a8f090219E6,0.82,,,154.61,126.78020000000001,0,0
PERP,0x27ea4e74c6db3b972964043d5050d8020195005a61de5a69cbb2f9c785df1581,1780996015180,2026-06-09T09:06:55.180Z,Open Long,,xyz:SPCX-USD,0xffffffffffffffffffffffffffffffffffffffff,0xAB961d7C42BBcd454A54b342Bd191a8f090219E6,1.86,,,154.61,287.57460000000003,0,0
PERP,0x3c67cc1649dba48d3de1043d5050d702030a00fbe4dec35fe030776908df7e77,1780996015115,2026-06-09T09:06:55.115Z,Open Long,,xyz:SPCX-USD,0xffffffffffffffffffffffffffffffffffffffff,0xAB961d7C42BBcd454A54b342Bd191a8f090219E6,8.13,,,154.61,1256.9793000000002,0,0
PERP,0xb99b9013d75b5637bb15043d5050d602036700f9725e75095d643b66965f3022,1780996015051,2026-06-09T09:06:55.051Z,Open Long,,xyz:SPCX-USD,0xffffffffffffffffffffffffffffffffffffffff,0xAB961d7C42BBcd454A54b342Bd191a8f090219E6,0.84,,,154.61,129.8724,0,0
PERP,0xfaf996cb2e400758fc73043d5050d502017300b0c943262b9ec2421ded43e143,1780996014979,2026-06-09T09:06:54.979Z,Open Long,,xyz:SPCX-USD,0xffffffffffffffffffffffffffffffffffffffff,0xAB961d7C42BBcd454A54b342Bd191a8f090219E6,1.47,,,154.61,227.2767,0,0
PERP,0xc676874efa573838c7f0043d5050d30202660034955a570a6a3f32a1b95b1223,1780996014772,2026-06-09T09:06:54.772Z,Open Long,,xyz:SPCX-USD,0xffffffffffffffffffffffffffffffffffffffff,0xAB961d7C42BBcd454A54b342Bd191a8f090219E6,0.91,,,154.61,140.69510000000002,0,0
PERP,0xf153e838eb89adf6f2cd043d5050cf020305001e868cccc9951c938baa8d87e1,1780996014506,2026-06-09T09:06:54.506Z,Open Long,,xyz:SPCX-USD,0xffffffffffffffffffffffffffffffffffffffff,0xAB961d7C42BBcd454A54b342Bd191a8f090219E6,0.31,,,154.61,47.929100000000005,0,0
PERP,0x313e279f866ed98932b7043d5050cf0202e300852161f85bd506d2f24562b373,1780996014506,2026-06-09T09:06:54.506Z,Open Long,,xyz:SPCX-USD,0xffffffffffffffffffffffffffffffffffffffff,0xAB961d7C42BBcd454A54b342Bd191a8f090219E6,0.83,,,154.61,128.3263,0,0
PERP,0xa339b0004358e38ba4b3043d5050ce02064f00e5de5c025d47025b53025cbd76,1780996014410,2026-06-09T09:06:54.410Z,Open Long,,xyz:SPCX-USD,0xffffffffffffffffffffffffffffffffffffffff,0xAB961d7C42BBcd454A54b342Bd191a8f090219E6,13.53,,,154.61,2091.8733,0,0
PERP,0xc88ec7791421a8b1ca08043d5050cb020b33005eaf24c7836c5772cbd325829c,1780996014210,2026-06-09T09:06:54.210Z,Open Long,,xyz:SPCX-USD,0xffffffffffffffffffffffffffffffffffffffff,0xAB961d7C42BBcd454A54b342Bd191a8f090219E6,1.47,,,154.61,227.2767,0,0
PERP,0x685865f99756959f69d2043d5050cb020ade00df3259b4710c21114c565a6f8a,1780996014210,2026-06-09T09:06:54.210Z,Open Long,,xyz:SPCX-USD,0xffffffffffffffffffffffffffffffffffffffff,0xAB961d7C42BBcd454A54b342Bd191a8f090219E6,0.83,,,154.61,128.3263,0,0
PERP,0xc30e2ef868aebce0c487043d5050c802050a00de03a1dbb266d6da4b27a296cb,1780996013949,2026-06-09T09:06:53.949Z,Open Long,,xyz:SPCX-USD,0xffffffffffffffffffffffffffffffffffffffff,0xAB961d7C42BBcd454A54b342Bd191a8f090219E6,0.89,,,154.61,137.6029,0,0
PERP,0xe6c0ac9cb67cb9d4e83a043d5050c80204ef0082517fd8a68a8957ef757093bf,1780996013949,2026-06-09T09:06:53.949Z,Open Long,,xyz:SPCX-USD,0xffffffffffffffffffffffffffffffffffffffff,0xAB961d7C42BBcd454A54b342Bd191a8f090219E6,0.83,,,154.61,128.3263,0,0
PERP,0x59c17fc1cfcf9d4a5b3b043d5050c702041100a76ac2bc1cfd8a2b148ec37734,1780996013885,2026-06-09T09:06:53.885Z,Open Long,,xyz:SPCX-USD,0xffffffffffffffffffffffffffffffffffffffff,0xAB961d7C42BBcd454A54b342Bd191a8f090219E6,13.53,,,154.61,2091.8733,0,0
PERP,0x8679fabfa59f488887f3043d5050c502040000a54092675a2a42a61264932273,1780996013678,2026-06-09T09:06:53.678Z,Open Long,,xyz:SPCX-USD,0xffffffffffffffffffffffffffffffffffffffff,0xAB961d7C42BBcd454A54b342Bd191a8f090219E6,0.31,,,154.61,47.929100000000005,0,0
PERP,0x39d389d7b97e03ac3b4d043d5050c302057800bd5471227edd9c352a7871dd96,1780996013552,2026-06-09T09:06:53.552Z,Open Long,,xyz:SPCX-USD,0xffffffffffffffffffffffffffffffffffffffff,0xAB961d7C42BBcd454A54b342Bd191a8f090219E6,0.28,,,154.61,13.914900000000001,0,0
PERP,0x3201cb90243be39f337b043d5050c30205040075bf3f0271d5ca76e2e33fbd89,1780996013552,2026-06-09T09:06:53.552Z,Open Long,,xyz:SPCX-USD,0xffffffffffffffffffffffffffffffffffffffff,0xAB961d7C42BBcd454A54b342Bd191a8f090219E6,1.47,,,154.61,227.2767,0,0
PERP,0x85d31fbdb3b1a145874c043d5050c102044600a34eb4c017299bcb1072b57b30,1780996013404,2026-06-09T09:06:53.404Z,Open Long,,xyz:SPCX-USD,0xffffffffffffffffffffffffffffffffffffffff,0xAB961d7C42BBcd454A54b342Bd191a8f090219E6,0.8,,,154.61,123.68800000000002,0,0
PERP,0x28f2c96c0ebc456d2a6c043d5050be0202c50051a9bf643fccbb74becdb01f57,1780996013188,2026-06-09T09:06:53.188Z,Open Long,,xyz:SPCX-USD,0xffffffffffffffffffffffffffffffffffffffff,0xAB961d7C42BBcd454A54b342Bd191a8f090219E6,0.88,,,154.61,136.0568,0,0
PERP,0xbed0291c1e2d57a2c049043d5050bb0201230001b92076746298d46edd21318d,1780996012988,2026-06-09T09:06:52.988Z,Open Long,,xyz:SPCX-USD,0xffffffffffffffffffffffffffffffffffffffff,0xAB961d7C42BBcd454A54b342Bd191a8f090219E6,0.82,,,154.61,126.78020000000001,0,0
PERP,0xbc9e0ca2a504d06bbe17043d5050b902014b00884007ef3d6066b7f56408aa56,1780996012855,2026-06-09T09:06:52.855Z,Open Long,,xyz:SPCX-USD,0xffffffffffffffffffffffffffffffffffffffff,0xAB961d7C42BBcd454A54b342Bd191a8f090219E6,0.31,,,154.61,47.929100000000005,0,0
PERP,0xd8d5ce64f21bff09da4f043d5050b9020144004a8d1f1ddb7c9e79b7b11fd8f4,1780996012855,2026-06-09T09:06:52.855Z,Open Long,,xyz:SPCX-USD,0xffffffffffffffffffffffffffffffffffffffff,0xAB961d7C42BBcd454A54b342Bd191a8f090219E6,1.47,,,154.61,227.2767,0,0
PERP,0xc89bc73169cc75e6ca15043d5050b802013c001704cf94b86c64728428c04fd1,1780996012788,2026-06-09T09:06:52.788Z,Open Long,,xyz:SPCX-USD,0xffffffffffffffffffffffffffffffffffffffff,0xAB961d7C42BBcd454A54b342Bd191a8f090219E6,0.85,,,154.61,131.4185,0,0
PERP,0xc87b04ac723c474bc9f4043d5050b20202f900920d3f661d6c43afff31302136,1780996012386,2026-06-09T09:06:52.386Z,Open Long,,xyz:SPCX-USD,0xffffffffffffffffffffffffffffffffffffffff,0xAB961d7C42BBcd454A54b342Bd191a8f090219E6,0.84,,,154.61,129.8724,0,0
PERP,0x1c63d300cced5f571ddd043d5050af02042b00e667e07e29c02c7e538be13941,1780996012185,2026-06-09T09:06:52.185Z,Open Long,,xyz:SPCX-USD,0xffffffffffffffffffffffffffffffffffffffff,0xAB961d7C42BBcd454A54b342Bd191a8f090219E6,0.82,,,154.61,126.78020000000001,0,0
PERP,0x94bd95ec01e0e8259637043d5050af0203fb00d19ce406f73886413ec0e4c210,1780996012185,2026-06-09T09:06:52.185Z,Open Long,,xyz:SPCX-USD,0xffffffffffffffffffffffffffffffffffffffff,0xAB961d7C42BBcd454A54b342Bd191a8f090219E6,1.47,,,154.61,227.2767,0,0
PERP,0xd99972558fe9091fdb13043d5050ad020365003b2aec27f17d621da84eece30a,1780996012055,2026-06-09T09:06:52.055Z,Open Long,,xyz:SPCX-USD,0xffffffffffffffffffffffffffffffffffffffff,0xAB961d7C42BBcd454A54b342Bd191a8f090219E6,0.31,,,154.61,47.929100000000005,0,0
PERP,0x0fbf5f39e5b384c01139043d5050ac02018f001f80b6a392b3880a8ca4b75eaa,1780996011983,2026-06-09T09:06:51.983Z,Open Long,,xyz:SPCX-USD,0xffffffffffffffffffffffffffffffffffffffff,0xAB961d7C42BBcd454A54b342Bd191a8f090219E6,0.57,,,154.61,88.1277,0,0
PERP,0xa09385f6676ad501a20d043d5050ac02016200dc026df3d3445c3149266eaeec,1780996011983,2026-06-09T09:06:51.983Z,Open Long,,xyz:SPCX-USD,0xffffffffffffffffffffffffffffffffffffffff,0xAB961d7C42BBcd454A54b342Bd191a8f090219E6,30,,,154.61,4638.3,0,0
PERP,0x670e8919ac4cb23f6888043d5050a902022f00ff474fd1110ad7346c6b408c2a,1780996011783,2026-06-09T09:06:51.783Z,Open Long,,xyz:SPCX-USD,0xffffffffffffffffffffffffffffffffffffffff,0xAB961d7C42BBcd454A54b342Bd191a8f090219E6,0.84,,,154.61,129.8724,0,0
PERP,0xcb88610723c8a524cd02043d5050a70203f100ecbecbc3f66f510c59e2cc7f0f,1780996011659,2026-06-09T09:06:51.659Z,Open Long,,xyz:SPCX-USD,0xffffffffffffffffffffffffffffffffffffffff,0xAB961d7C42BBcd454A54b342Bd191a8f090219E6,12.95,,,154.61,2002.1995000000002,0,0
PERP,0x8b8dd142f4d11b588d07043d5050a402037900288fd43a2a2f567c95b3d4f543,1780996011437,2026-06-09T09:06:51.437Z,Open Long,,xyz:SPCX-USD,0xffffffffffffffffffffffffffffffffffffffff,0xAB961d7C42BBcd454A54b342Bd191a8f090219E6,1.47,,,154.61,227.2767,0,0
PERP,0x421ea5cf0ec5c4ff4398043d5050a402037000b4a9c8e3d1e5e75121cdc99ee9,1780996011437,2026-06-09T09:06:51.437Z,Open Long,,xyz:SPCX-USD,0xffffffffffffffffffffffffffffffffffffffff,0xAB961d7C42BBcd454A54b342Bd191a8f090219E6,27.61,,,154.61,4268.7821,0,0
PERP,0xb9f97a068094d150bb73043d5050a202031f00ec1b97f0225dc225593f98ab3b,1780996011313,2026-06-09T09:06:51.313Z,Open Long,,xyz:SPCX-USD,0xffffffffffffffffffffffffffffffffffffffff,0xAB961d7C42BBcd454A54b342Bd191a8f090219E6,65.04,,,154.61,10055.834400000002,0,0
PERP,0x0726036b67038ed5089f043d5050a202031e00510206ada7aaeeaebe260768bf,1780996011313,2026-06-09T09:06:51.313Z,Open Long,,xyz:SPCX-USD,0xffffffffffffffffffffffffffffffffffffffff,0xAB961d7C42BBcd454A54b342Bd191a8f090219E6,64.99,,,154.61,10048.1039,0,0
PERP,0xa17f163533e109dda2f8043d5050a202031c001acee428af4547c187f2e4e3c8,1780996011313,2026-06-09T09:06:51.313Z,Open Long,,xyz:SPCX-USD,0xffffffffffffffffffffffffffffffffffffffff,0xAB961d7C42BBcd454A54b342Bd191a8f090219E6,9.49,,,154.61,1467.2489,0,0
PERP,0xce5f7d813869dfe1cfd9043d5050a20202a40066d36cfeb3722828d3f76db9cc,1780996011313,2026-06-09T09:06:51.313Z,Open Long,,xyz:SPCX-USD,0xffffffffffffffffffffffffffffffffffffffff,0xAB961d7C42BBcd454A54b342Bd191a8f090219E6,3.79,,,154.57,585.8203,0,0
PERP,0xa1b8eb3397d64c1ba332043d4f631a02025b001932d96aed4581968656da2606,1780991865685,2026-06-09T07:57:45.685Z,Open Long,,xyz:SPCX-USD,0xffffffffffffffffffffffffffffffffffffffff,0xAB961d7C42BBcd454A54b342Bd191a8f090219E6,12.27,,,155.9,1912.893,0,0
PERP,0x41d7b118592197034351043d4f630f0201af00fdf424b5d5e5a05c6b182570ed,1780991864949,2026-06-09T07:57:44.949Z,Open Long,,xyz:SPCX-USD,0xffffffffffffffffffffffffffffffffffffffff,0xAB961d7C42BBcd454A54b342Bd191a8f090219E6,0.09,,,155.9,14.031,0,0
PERP,0x2dcffb963c6c487b2f49043d4f630b020117007bd76f674dd198a6e8fb602265,1780991864678,2026-06-09T07:57:44.678Z,Open Long,,xyz:SPCX-USD,0xffffffffffffffffffffffffffffffffffffffff,0xAB961d7C42BBcd454A54b342Bd191a8f090219E6,12.83,,,155.9,2000.1970000000001,0,0
PERP,0x321abd973da196a03394043d4f630501e900d57cd8a4b572d5e368e9fca5708a,1780991864261,2026-06-09T07:57:44.261Z,Open Long,,xyz:SPCX-USD,0xffffffffffffffffffffffffffffffffffffffff,0xAB961d7C42BBcd454A54b342Bd191a8f090219E6,13.51,,,155.9,2106.209,0,0
PERP,0x140f0b8a43162ead1588043d4f62ff0202f6006fde194d7fb7d7b6dd021a0897,1780991863865,2026-06-09T07:57:43.865Z,Open Long,,xyz:SPCX-USD,0xffffffffffffffffffffffffffffffffffffffff,0xAB961d7C42BBcd454A54b342Bd191a8f090219E6,13.51,,,155.9,2106.209,0,0
PERP,0x176516b81aebe5e718de043d4f62fc0201ca009db5ef04b9bb2dc20ad9efbfd1,1780991863658,2026-06-09T07:57:43.658Z,Open Long,,xyz:SPCX-USD,0xffffffffffffffffffffffffffffffffffffffff,0xAB961d7C42BBcd454A54b342Bd191a8f090219E6,12.83,,,155.9,2000.1970000000001,0,0
PERP,0xa6cae6b590b32b2ea844043d4f62ee01f500fe9b2bb64a004a9392084fb70519,1780991862694,2026-06-09T07:57:42.694Z,Open Long,,xyz:SPCX-USD,0xffffffffffffffffffffffffffffffffffffffff,0xAB961d7C42BBcd454A54b342Bd191a8f090219E6,12.83,,,155.9,2000.1970000000001,0,0
PERP,0x167922735c9f6c1b17f2043d4f62d601db003a58f7928aedba41cdc61b934605,1780991861127,2026-06-09T07:57:41.127Z,Open Long,,xyz:SPCX-USD,0xffffffffffffffffffffffffffffffffffffffff,0xAB961d7C42BBcd454A54b342Bd191a8f090219E6,140,,,155.9,21826,0,0
PERP,0xdd69edb607bc63c6dee3043d4f62ce020285009ba2bf829881329908c6b03db1,1780991860532,2026-06-09T07:57:40.532Z,Open Long,,xyz:SPCX-USD,0xffffffffffffffffffffffffffffffffffffffff,0xAB961d7C42BBcd454A54b342Bd191a8f090219E6,12.83,,,155.9,2000.1970000000001,0,0
PERP,0xc05a1c456db98ee9c1d3043d4f62c10206e6002b08bcadbb6422c7982cbd68d4,1780991859621,2026-06-09T07:57:39.621Z,Open Long,,xyz:SPCX-USD,0xffffffffffffffffffffffffffffffffffffffff,0xAB961d7C42BBcd454A54b342Bd191a8f090219E6,12.83,,,155.9,2000.1970000000001,0,0
PERP,0x380b4af729e5eedf3985043d4f62b202032c00dcc4e90db1dbd3f649e8e9c8c9,1780991858541,2026-06-09T07:57:38.541Z,Open Long,,xyz:SPCX-USD,0xffffffffffffffffffffffffffffffffffffffff,0xAB961d7C42BBcd454A54b342Bd191a8f090219E6,12.83,,,155.9,2000.1970000000001,0,0
PERP,0xea9f5b1d4992ac2fec19043d4f62b10201a40002e495cb018e6806700896861a,1780991858475,2026-06-09T07:57:38.475Z,Open Long,,xyz:SPCX-USD,0xffffffffffffffffffffffffffffffffffffffff,0xAB961d7C42BBcd454A54b342Bd191a8f090219E6,13.5,,,155.9,2104.65,0,0
PERP,0xaa25dca55776a5e6ab9f043d4f62ac02010b008af279c4b84dee87f8167a7fd1,1780991858124,2026-06-09T07:57:38.124Z,Open Long,,xyz:SPCX-USD,0xffffffffffffffffffffffffffffffffffffffff,0xAB961d7C42BBcd454A54b342Bd191a8f090219E6,13.5,,,155.9,2104.65,0,0
PERP,0xde4fecf0d113bd6bdfc9043d4f62a30201a200d66c16dc3d8218984390179756,1780991857523,2026-06-09T07:57:37.523Z,Open Long,,xyz:SPCX-USD,0xffffffffffffffffffffffffffffffffffffffff,0xAB961d7C42BBcd454A54b342Bd191a8f090219E6,12.83,,,155.9,2000.1970000000001,0,0
PERP,0x058affa0e6e8ad3c0704043d4f628401e200178681ebcc0ea953aaf3a5ec8726,1780991855486,2026-06-09T07:57:35.486Z,Open Long,,xyz:SPCX-USD,0xffffffffffffffffffffffffffffffffffffffff,0xAB961d7C42BBcd454A54b342Bd191a8f090219E6,12.83,,,155.9,2000.1970000000001,0,0
PERP,0xd282e13ea6285fd5d3fc043d4f627d0201590024412b7ea7764b8c91652c39c0,1780991854999,2026-06-09T07:57:34.999Z,Open Long,,xyz:SPCX-USD,0xffffffffffffffffffffffffffffffffffffffff,0xAB961d7C42BBcd454A54b342Bd191a8f090219E6,13.5,,,155.9,2104.65,0,0
PERP,0xd4154c7f648c3bf4d58f043d4f62770202cd0064ff8f5ac677ddf7d2238015df,1780991854597,2026-06-09T07:57:34.597Z,Open Long,,xyz:SPCX-USD,0xffffffffffffffffffffffffffffffffffffffff,0xAB961d7C42BBcd454A54b342Bd191a8f090219E6,13.5,,,155.9,2104.65,0,0
PERP,0x804b43e4db9aeca081c5043d4f62750201f000ca769e0b722413ef379a9ec68b,1780991854464,2026-06-09T07:57:34.464Z,Open Long,,xyz:SPCX-USD,0xffffffffffffffffffffffffffffffffffffffff,0xAB961d7C42BBcd454A54b342Bd191a8f090219E6,12.83,,,155.9,2000.1970000000001,0,0
PERP,0x59997b3c2817b7605b13043d4f62480201990021c31ad632fd62268ee71b914a,1780991851481,2026-06-09T07:57:31.481Z,Open Long,,xyz:SPCX-USD,0xffffffffffffffffffffffffffffffffffffffff,0xAB961d7C42BBcd454A54b342Bd191a8f090219E6,18.29,,,155.9,2851.411,0,0
PERP,0x8a5a4ab2d970690b8bd4043d4f61a40201530098747387dd2e22f605987442f6,1780991840133,2026-06-09T07:57:20.133Z,Open Long,,xyz:SPCX-USD,0xffffffffffffffffffffffffffffffffffffffff,0xAB961d7C42BBcd454A54b342Bd191a8f090219E6,2.1,,,155.9,327.39000000000004,0,0
PERP,0x1437f308fe596fe215b1043d4f61970201d200ee995c8eb4b8009e5bbd5d49cc,1780991839197,2026-06-09T07:57:19.197Z,Open Long,,xyz:SPCX-USD,0xffffffffffffffffffffffffffffffffffffffff,0xAB961d7C42BBcd454A54b342Bd191a8f090219E6,2.83,,,155.9,441.197,0,0
PERP,0xdea4dac6599055d0e01e043d4f618302010a00abf49374a2826d861918942fbb,1780991837794,2026-06-09T07:57:17.794Z,Open Long,,xyz:SPCX-USD,0xffffffffffffffffffffffffffffffffffffffff,0xAB961d7C42BBcd454A54b342Bd191a8f090219E6,12.83,,,155.9,2000.1970000000001,0,0
PERP,0x0ad5407c0f4222830c4e043d4f61780201940061aa454155ae9debcece45fc6d,1780991837053,2026-06-09T07:57:17.053Z,Open Long,,xyz:SPCX-USD,0xffffffffffffffffffffffffffffffffffffffff,0xAB961d7C42BBcd454A54b342Bd191a8f090219E6,2.83,,,155.9,441.197,0,0
PERP,0xf86e49cd1f22a86ff9e8043d4f616602051c00b2ba25c7429c36f51fde26825a,1780991835784,2026-06-09T07:57:15.784Z,Open Long,,xyz:SPCX-USD,0xffffffffffffffffffffffffffffffffffffffff,0xAB961d7C42BBcd454A54b342Bd191a8f090219E6,2.83,,,155.9,441.197,0,0
PERP,0x3b0f04f2a684524b3c88043d4f615b02027900d84187711dded7b04565882c35,1780991835041,2026-06-09T07:57:15.041Z,Open Long,,xyz:SPCX-USD,0xffffffffffffffffffffffffffffffffffffffff,0xAB961d7C42BBcd454A54b342Bd191a8f090219E6,12.83,,,155.9,2000.1970000000001,0,0
PERP,0xb9752d00d06e9e75baee043d4f614d02018d00e66b61bd475d3dd8538f627860,1780991834084,2026-06-09T07:57:14.084Z,Open Long,,xyz:SPCX-USD,0xffffffffffffffffffffffffffffffffffffffff,0xAB961d7C42BBcd454A54b342Bd191a8f090219E6,2.76,,,155.9,430.284,0,0
PERP,0x0bf8cb2a7c290d960d72043d4f614302015b0010172c2c68afc1767d3b2ce780,1780991833349,2026-06-09T07:57:13.349Z,Open Long,,xyz:SPCX-USD,0xffffffffffffffffffffffffffffffffffffffff,0xAB961d7C42BBcd454A54b342Bd191a8f090219E6,12.83,,,155.9,2000.1970000000001,0,0
PERP,0xc103ad06ef96dfb6c27d043d4f61360201ab00ec8a99fe8864cc5859ae9ab9a1,1780991832495,2026-06-09T07:57:12.495Z,Open Long,,xyz:SPCX-USD,0xffffffffffffffffffffffffffffffffffffffff,0xAB961d7C42BBcd454A54b342Bd191a8f090219E6,11.43,,,155.9,1781.9370000000001,0,0
PERP,0xa5a72b25daf387baa720043d4f61290202d2000b75f6a68c496fd67899f761a5,1780991831627,2026-06-09T07:57:11.627Z,Open Long,,xyz:SPCX-USD,0xffffffffffffffffffffffffffffffffffffffff,0xAB961d7C42BBcd454A54b342Bd191a8f090219E6,11.79,,,155.9,1838.061,0,0
PERP,0x456eeea507c380eb46e8043d4f611e02019e008aa2c69fbde93799f7c6c75ad5,1780991830886,2026-06-09T07:57:10.886Z,Open Long,,xyz:SPCX-USD,0xffffffffffffffffffffffffffffffffffffffff,0xAB961d7C42BBcd454A54b342Bd191a8f090219E6,11.79,,,155.9,1838.061,0,0
PERP,0x5bdf224b0a07ebed5d58043d4f611e0201620030a50b0abfffa7cd9dc90bc5d7,1780991830886,2026-06-09T07:57:10.886Z,Open Long,,xyz:SPCX-USD,0xffffffffffffffffffffffffffffffffffffffff,0xAB961d7C42BBcd454A54b342Bd191a8f090219E6,4.27,,,155.89103044496488,68.596,0,0
PERP,0xcc4e0d989de7a04fcdc7043d4f5e6501ad00257e38eabf217016b8eb5ceb7a3a,1780991783441,2026-06-09T07:56:23.441Z,Open Long,,xyz:SPCX-USD,0xffffffffffffffffffffffffffffffffffffffff,0xAB961d7C42BBcd454A54b342Bd191a8f090219E6,2.85,,,155.68,443.68800000000005,0,0
PERP,0x90ec1ba6a7c754509265043d4f5e5502014b008c42ca732234b4c6f966cb2e3b,1780991782367,2026-06-09T07:56:22.367Z,Open Long,,xyz:SPCX-USD,0xffffffffffffffffffffffffffffffffffffffff,0xAB961d7C42BBcd454A54b342Bd191a8f090219E6,2.85,,,155.68,443.68800000000005,0,0
PERP,0x3682970b56830d4837fc043d4f5e460201a200f0f1862c1ada4b425e1586e732,1780991781353,2026-06-09T07:56:21.353Z,Open Long,,xyz:SPCX-USD,0xffffffffffffffffffffffffffffffffffffffff,0xAB961d7C42BBcd454A54b342Bd191a8f090219E6,12.85,,,155.68,2000.488,0,0
PERP,0x141c3f5325374b1a1595043d4f5d8e02045d0038c03a69ecb7e4eaa5e43b2504,1780991768975,2026-06-09T07:56:08.975Z,Open Long,,xyz:SPCX-USD,0xffffffffffffffffffffffffffffffffffffffff,0xAB961d7C42BBcd454A54b342Bd191a8f090219E6,12.85,,,155.68,2000.488,0,0
PERP,0xb0388e0419b05c4db1b2043d4f5d6102028600e9b4b37b1f54013956d8b43638,1780991765921,2026-06-09T07:56:05.921Z,Open Long,,xyz:SPCX-USD,0xffffffffffffffffffffffffffffffffffffffff,0xAB961d7C42BBcd454A54b342Bd191a8f090219E6,10,,,155.68,1556.8000000000002,0,0
SPOT,0xfa3c691b073207f2fbb6043d4f5d5701d0008100a23526c59e05146dc635e1dd,1780991765245,2026-06-09T07:56:05.245Z,order,,xyz:SPCX,0xAB961d7C42BBcd454A54b342Bd191a8f090219E6,limit,500,,,155.68,77840,-1,0
PERP,0xd5c1d951f4c17866d73b043d475e5b0203fd00378fc49738798a84a4b3c55251,1780955910800,2026-06-08T21:58:30.800Z,Open Long,,xyz:SPCX-USD,0xffffffffffffffffffffffffffffffffffffffff,0xAB961d7C42BBcd454A54b342Bd191a8f090219E6,447.8,,,159.94,71621.132,0,0
PERP,0x48ec8f2655e1b3804a66043d475b8802013e000bf0e4d252ecb53a7914e58d6a,1780955861420,2026-06-08T21:57:41.420Z,Open Long,,xyz:SPCX-USD,0xffffffffffffffffffffffffffffffffffffffff,0xAB961d7C42BBcd454A54b342Bd191a8f090219E6,14.59,,,159.94,2333.5245999999997,0,0
PERP,0x17f7c783bc8a249a1971043d475b880201380069578d436cbbc072d67b8dfe84,1780955861420,2026-06-08T21:57:41.420Z,Open Long,,xyz:SPCX-USD,0xffffffffffffffffffffffffffffffffffffffff,0xAB961d7C42BBcd454A54b342Bd191a8f090219E6,4.86,,,159.94,777.3084,0,0
PERP,0x50674b0856a881d651e1043d475b8802012a00edf1aba0a8f42ff65b15ac5bc0,1780955861420,2026-06-08T21:57:41.420Z,Open Long,,xyz:SPCX-USD,0xffffffffffffffffffffffffffffffffffffffff,0xAB961d7C42BBcd454A54b342Bd191a8f090219E6,9.73,,,159.94,1556.2162,0,0
PERP,0xd245fa00d6d2356bd3bf043d475b8802012500e671d5543d760ea55395d60f56,1780955861420,2026-06-08T21:57:41.420Z,Open Long,,xyz:SPCX-USD,0xffffffffffffffffffffffffffffffffffffffff,0xAB961d7C42BBcd454A54b342Bd191a8f090219E6,13.23,,,159.94,2116.0062000000003,0,0
PERP,0x3baa45280a58218e3d24043d475b8802011d000da55b4060df72f07ac95bfb78,1780955861420,2026-06-08T21:57:41.420Z,Open Long,,xyz:SPCX-USD,0xffffffffffffffffffffffffffffffffffffffff,0xAB961d7C42BBcd454A54b342Bd191a8f090219E6,8.82,,,159.94,1410.6708,0,0
PERP,0xd60357f1d7359c96d77d043d475b8802011b00d77238bb6879cc034496397681,1780955861420,2026-06-08T21:57:41.420Z,Open Long,,xyz:SPCX-USD,0xffffffffffffffffffffffffffffffffffffffff,0xAB961d7C42BBcd454A54b342Bd191a8f090219E6,0.7,,,159.94,111.958,0,0
PERP,0x52d517f41ceba6be544e043d475b7501cd002fd9b7eec590f69dc346dbef80a8,1780955860108,2026-06-08T21:57:40.108Z,Open Long,,xyz:SPCX-USD,0xffffffffffffffffffffffffffffffffffffffff,0xAB961d7C42BBcd454A54b342Bd191a8f090219E6,0.27,,,159.94,43.183800000000005,0,0
PERP,0xa41b5b6845c306f4a595043d4756bd020623004de0c625c647e406bb04c6e0df,1780955777986,2026-06-08T21:56:17.986Z,Open Long,,xyz:SPCX-USD,0xffffffffffffffffffffffffffffffffffffffff,0xAB961d7C42BBcd454A54b342Bd191a8f090219E6,7.59,,,160.27,1216.4493,0,0
PERP,0xa46cccc9d72f7d74a5e6043d47569c02040e00af72229c464835781c9623575f,1780955775754,2026-06-08T21:56:15.754Z,Open Long,,xyz:SPCX-USD,0xffffffffffffffffffffffffffffffffffffffff,0xAB961d7C42BBcd454A54b342Bd191a8f090219E6,158.91,,,160.27,25468.5057,0,0
PERP,0xabb0ab36938b1e29ad2a043d47555d02023f001c2e8e3cfb4f795689528ef814,1780955753924,2026-06-08T21:55:53.924Z,Open Long,,xyz:SPCX-USD,0xffffffffffffffffffffffffffffffffffffffff,0xAB961d7C42BBcd454A54b342Bd191a8f090219E6,13.22,,,160.27,2118.7694,0,0
PERP,0x96f3a556473abde1986d043d47555d020232003be23ddcb33abc50a9063e97cc,1780955753924,2026-06-08T21:55:53.924Z,Open Long,,xyz:SPCX-USD,0xffffffffffffffffffffffffffffffffffffffff,0xAB961d7C42BBcd454A54b342Bd191a8f090219E6,8.7,,,160.27,1394.349,0,0
PERP,0xfbd2793ab8ead49cfd4c043d47540e0201d0002053edf36f9f9b248d77eeae87,1780955730847,2026-06-08T21:55:30.847Z,Open Long,,xyz:SPCX-USD,0xffffffffffffffffffffffffffffffffffffffff,0xAB961d7C42BBcd454A54b342Bd191a8f090219E6,0.83,,,160.27,133.0241,0,0
PERP,0x1e479138b70fe1451fc1043d4754090202db001e52030017c2103c8b7603bb2f,1780955730531,2026-06-08T21:55:30.531Z,Open Long,,xyz:SPCX-USD,0xffffffffffffffffffffffffffffffffffffffff,0xAB961d7C42BBcd454A54b342Bd191a8f090219E6,0.5,,,160.27,80.135,0,0
PERP,0xbeee6c6598790ab8c068043d475407020194004b337c298a62b717b8577ce4a3,1780955730403,2026-06-08T21:55:30.403Z,Open Long,,xyz:SPCX-USD,0xffffffffffffffffffffffffffffffffffffffff,0xAB961d7C42BBcd454A54b342Bd191a8f090219E6,124.46,,,160.27,19947.2042,0,0
SPOT,0x974b8d6ae226a6c798c5043d474f1a02014800507d29c5993b1438bda12a80b2,1780955644864,2026-06-08T21:54:04.864Z,order,,xyz:SPCX,0xAB961d7C42BBcd454A54b342Bd191a8f090219E6,limit,500,,,159.2,79600,-1,0
PERP,0x855c7d704d8e1f2d86d6043d474f0e01aa009555e8813dff292528c30c81f918,1780955644033,2026-06-08T21:54:04.033Z,Open Long,,xyz:SPCX-USD,0xffffffffffffffffffffffffffffffffffffffff,0xAB961d7C42BBcd454A54b342Bd191a8f090219E6,0.85,,,160.27,136.2295,0,0
PERP,0x40617746fbfff08c41db043d474ee50201b6002c96f30f5ee42a2299baf3ca76,1780955641250,2026-06-08T21:54:01.250Z,Open Long,,xyz:SPCX-USD,0xffffffffffffffffffffffffffffffffffffffff,0xAB961d7C42BBcd454A54b342Bd191a8f090219E6,3.02,,,160.27,484.01540000000006,0,0
PERP,0x75139cda95bae69d768d043d474ee50201b200c030be056f18dc482d54bec088,1780955641250,2026-06-08T21:54:01.250Z,Open Long,,xyz:SPCX-USD,0xffffffffffffffffffffffffffffffffffffffff,0xAB961d7C42BBcd454A54b342Bd191a8f090219E6,0.35,,,160.27,56.0945,0,0
PERP,0x0f6cafa4629861a610e6043d474ee50201b00089fd9b8078b3355af7219c3b90,1780955641250,2026-06-08T21:54:01.250Z,Open Long,,xyz:SPCX-USD,0xffffffffffffffffffffffffffffffffffffffff,0xAB961d7C42BBcd454A54b342Bd191a8f090219E6,0.39,,,160.27,62.505300000000005,0,0
PERP,0xa19b2f6d1c148461a314043d474df50201b80052b717a3334563dabfdb185e4c,1780955624930,2026-06-08T21:53:44.930Z,Open Long,,xyz:SPCX-USD,0xffffffffffffffffffffffffffffffffffffffff,0xAB961d7C42BBcd454A54b342Bd191a8f090219E6,0.4,,,160.27,64.108,0,0
PERP,0x13826f3175d775e714fc043d474dab01a600871710da94b9b74b1a8434db4fd1,1780955619898,2026-06-08T21:53:39.898Z,Open Long,,xyz:SPCX-USD,0xffffffffffffffffffffffffffffffffffffffff,0xAB961d7C42BBcd454A54b342Bd191a8f090219E6,0.5,,,160.27,80.135,0,0
PERP,0xc4b12d6317221825c62a043d474da301ab004548b22536f76879d8b5d625f210,1780955619365,2026-06-08T21:53:39.365Z,Open Long,,xyz:SPCX-USD,0xffffffffffffffffffffffffffffffffffffffff,0xAB961d7C42BBcd454A54b342Bd191a8f090219E6,1.38,,,160.27,221.1726,0,0
PERP,0xb9acd22d486cfa4abb26043d474d3201d400ea12e360191c5d757d800760d435,1780955611576,2026-06-08T21:53:31.576Z,Open Long,,xyz:SPCX-USD,0xffffffffffffffffffffffffffffffffffffffff,0xAB961d7C42BBcd454A54b342Bd191a8f090219E6,0.5,,,160.27,80.135,0,0
PERP,0x9553798708b1561396cd043d474d2e020135006ca3b474e5391c24d9c7b52ffe,1780955611245,2026-06-08T21:53:31.245Z,Open Long,,xyz:SPCX-USD,0xffffffffffffffffffffffffffffffffffffffff,0xAB961d7C42BBcd454A54b342Bd191a8f090219E6,0.27,,,160.27,43.27290000000001,0,0
PERP,0xe42f58e528eec4b0e5a9043d474d1802021e00cac3e1e38287f80437e7e29e9b,1780955609749,2026-06-08T21:53:29.749Z,Open Long,,xyz:SPCX-USD,0xffffffffffffffffffffffffffffffffffffffff,0xAB961d7C42BBcd454A54b342Bd191a8f090219E6,0.5,,,160.27,80.135,0,0
PERP,0x3f3eae3a6609565340b8043d474c9b01f100c620010c7525e307598d250d303d,1780955601220,2026-06-08T21:53:21.220Z,Open Long,,xyz:SPCX-USD,0xffffffffffffffffffffffffffffffffffffffff,0xAB961d7C42BBcd454A54b342Bd191a8f090219E6,0.5,,,160.27,80.135,0,0
PERP,0x78171d475cbf84747990043d474c7901be00352cf7b2a3461bdfc89a1bb35e5f,1780955598842,2026-06-08T21:53:18.842Z,Open Long,,xyz:SPCX-USD,0xffffffffffffffffffffffffffffffffffffffff,0xAB961d7C42BBcd454A54b342Bd191a8f090219E6,0.67,,,160.27,107.38090000000001,0,0
PERP,0x93e90341e5c7b1ee9562043d474c5102013f002780cad0c037b1ae94a4cb8bd9,1780955596212,2026-06-08T21:53:16.212Z,Open Long,,xyz:SPCX-USD,0xffffffffffffffffffffffffffffffffffffffff,0xAB961d7C42BBcd454A54b342Bd191a8f090219E6,0.5,,,160.27,80.135,0,0
PERP,0x9f950a32f6c80e20a10e043d474c4102011f001891cb2cf2435db585b5cbe80b,1780955594963,2026-06-08T21:53:14.963Z,Open Long,,xyz:SPCX-USD,0xffffffffffffffffffffffffffffffffffffffff,0xAB961d7C42BBcd454A54b342Bd191a8f090219E6,8.97,,,160.27,1437.6219,0,0
PERP,0x39ee1cfcc3a589293b67043d474c4102011d00e25ea8a7fbddb6c84f82a96313,1780955594963,2026-06-08T21:53:14.963Z,Open Long,,xyz:SPCX-USD,0xffffffffffffffffffffffffffffffffffffffff,0xAB961d7C42BBcd454A54b342Bd191a8f090219E6,4.85,,,160.27,777.3095,0,0
PERP,0x629237a404967b85640b043d474c3f018e004f899f999a57065ae2f6c39a5570,1780955594820,2026-06-08T21:53:14.820Z,Open Long,,xyz:SPCX-USD,0xffffffffffffffffffffffffffffffffffffffff,0xAB961d7C42BBcd454A54b342Bd191a8f090219E6,0.5,,,160.27,80.135,0,0
PERP,0x57a992676f0856a05923043d474c1301a900aa4d0a0b7572fb723dba2e0c308a,1780955591529,2026-06-08T21:53:11.529Z,Open Long,,xyz:SPCX-USD,0xffffffffffffffffffffffffffffffffffffffff,0xAB961d7C42BBcd454A54b342Bd191a8f090219E6,0.85,,,160.27,136.2295,0,0
PERP,0x9539c906621bd03596b3043d474c0f02011600ebfd1eef0739027459211faa20,1780955591258,2026-06-08T21:53:11.258Z,Open Long,,xyz:SPCX-USD,0xffffffffffffffffffffffffffffffffffffffff,0xAB961d7C42BBcd454A54b342Bd191a8f090219E6,0.5,,,160.27,80.135,0,0
PERP,0x628dfbd1969adcf46407043d474bf902028c00b7319dfbc60656a724559eb6df,1780955589762,2026-06-08T21:53:09.762Z,Open Long,,xyz:SPCX-USD,0xffffffffffffffffffffffffffffffffffffffff,0xAB961d7C42BBcd454A54b342Bd191a8f090219E6,0.5,,,160.27,80.135,0,0
SPOT,0x8cc7f580204ec0208e41043d474bd70203090065bb41def23090a0d2df429a0b,1780955587451,2026-06-08T21:53:07.451Z,order,,xyz:SPCX,0xAB961d7C42BBcd454A54b342Bd191a8f090219E6,limit,500,,,159.2,79600,-1,0
PERP,0x3014da448ab6977c318e043d474bc7020198002a25b9b64ed3dd859749ba7166,1780955586383,2026-06-08T21:53:06.383Z,Open Long,,xyz:SPCX-USD,0xffffffffffffffffffffffffffffffffffffffff,0xAB961d7C42BBcd454A54b342Bd191a8f090219E6,4.42,,,160.27,708.3934,0,0
PERP,0x93b1974f7369c002952b043d474bc702015b00350e6cded4377a42a2326d99ed,1780955586383,2026-06-08T21:53:06.383Z,Open Long,,xyz:SPCX-USD,0xffffffffffffffffffffffffffffffffffffffff,0xAB961d7C42BBcd454A54b342Bd191a8f090219E6,0.67,,,160.27,107.38090000000001,0,0
PERP,0x00d34067a7431350024c043d474bc7020149004d42463222a49bebba6646ed3a,1780955586383,2026-06-08T21:53:06.383Z,Open Long,,xyz:SPCX-USD,0xffffffffffffffffffffffffffffffffffffffff,0xAB961d7C42BBcd454A54b342Bd191a8f090219E6,2.32,,,160.27,371.8264,0,0
PERP,0xd246d51f23ff2ebcd3c0043d474bc30203600004bef24d8e760f8071e2f308a7,1780955586141,2026-06-08T21:53:06.141Z,Open Long,,xyz:SPCX-USD,0xffffffffffffffffffffffffffffffffffffffff,0xAB961d7C42BBcd454A54b342Bd191a8f090219E6,0.5,,,160.27,80.135,0,0
PERP,0xfe58751b07e132b7ffd2043d474bbd0203950000a2e4518aa221206dc6e50ca2,1780955585739,2026-06-08T21:53:05.739Z,Open Long,,xyz:SPCX-USD,0xffffffffffffffffffffffffffffffffffffffff,0xAB961d7C42BBcd454A54b342Bd191a8f090219E6,13.25,,,160.27,2123.5775000000003,0,0
PERP,0x28486ac4d6387fdd29c2043d474bb802019b00aa713b9eafcc111617953c59c7,1780955585407,2026-06-08T21:53:05.407Z,Open Long,,xyz:SPCX-USD,0xffffffffffffffffffffffffffffffffffffffff,0xAB961d7C42BBcd454A54b342Bd191a8f090219E6,13.25,,,160.27,2123.5775000000003,0,0
PERP,0x811b8a891d781efe8295043d474bb70203f4006eb87b3dd024e435dbdc7bf8e9,1780955585307,2026-06-08T21:53:05.307Z,Open Long,,xyz:SPCX-USD,0xffffffffffffffffffffffffffffffffffffffff,0xAB961d7C42BBcd454A54b342Bd191a8f090219E6,13.25,,,160.27,2123.5775000000003,0,0
PERP,0xc67da13975392ac7c7f7043d474bb30201e4001f103c49996a464c8c343d04b2,1780955585039,2026-06-08T21:53:05.039Z,Open Long,,xyz:SPCX-USD,0xffffffffffffffffffffffffffffffffffffffff,0xAB961d7C42BBcd454A54b342Bd191a8f090219E6,13.25,,,160.27,2123.5775000000003,0,0
PERP,0xba00f7f6ed4d08cfbb7a043d474bb20201d200dc884027a15dc9a349ac40e2ba,1780955584970,2026-06-08T21:53:04.970Z,Open Long,,xyz:SPCX-USD,0xffffffffffffffffffffffffffffffffffffffff,0xAB961d7C42BBcd454A54b342Bd191a8f090219E6,0.5,,,160.27,80.135,0,0
PERP,0x70f74444d96a6eaa7271043d474baa02020c002a746d8d7c14bfef97986e4895,1780955584437,2026-06-08T21:53:04.437Z,Open Long,,xyz:SPCX-USD,0xffffffffffffffffffffffffffffffffffffffff,0xAB961d7C42BBcd454A54b342Bd191a8f090219E6,4.86,,,160.27,778.9122000000001,0,0
PERP,0x91f8b6bbeaeb67ea9372043d474ba60201f800a185ee86bc35c1620ea9ef41d5,1780955584150,2026-06-08T21:53:04.150Z,Open Long,,xyz:SPCX-USD,0xffffffffffffffffffffffffffffffffffffffff,0xAB961d7C42BBcd454A54b342Bd191a8f090219E6,13.25,,,160.27,2123.5775000000003,0,0
PERP,0x6ee21283dbacbc6d705b043d474b980201aa006976afdb3f12aabdd69aa09658,1780955583179,2026-06-08T21:53:03.179Z,Open Long,,xyz:SPCX-USD,0xffffffffffffffffffffffffffffffffffffffff,0xAB961d7C42BBcd454A54b342Bd191a8f090219E6,0.58,,,160.27,92.9566,0,0
PERP,0x0d25be54b85ad1d50e9f043d474b8b0201ae003a535df0a7b0ee69a7775eabbf,1780955582289,2026-06-08T21:53:02.289Z,Open Long,,xyz:SPCX-USD,0xffffffffffffffffffffffffffffffffffffffff,0xAB961d7C42BBcd454A54b342Bd191a8f090219E6,9.56,,,160.27,1532.1812000000002,0,0
PERP,0x5a5247b99ec98f595bcc043d474b8b0201ad009f39ccae2bfe1af30c5dcd6943,1780955582289,2026-06-08T21:53:02.289Z,Open Long,,xyz:SPCX-USD,0xffffffffffffffffffffffffffffffffffffffff,0xAB961d7C42BBcd454A54b342Bd191a8f090219E6,4.86,,,160.27,778.9122000000001,0,0
PERP,0x41d7e3e85215c7e64351043d474b8b0201aa00cded18e6b8e5a08f3b1119a1d0,1780955582289,2026-06-08T21:53:02.289Z,Open Long,,xyz:SPCX-USD,0xffffffffffffffffffffffffffffffffffffffff,0xAB961d7C42BBcd454A54b342Bd191a8f090219E6,13.25,,,160.27,2123.5775000000003,0,0
PERP,0x169fa8cc5032a6d01819043d474b790201b600b1eb35c5a2ba68541f0f3680ba,1780955581125,2026-06-08T21:53:01.125Z,Open Long,,xyz:SPCX-USD,0xffffffffffffffffffffffffffffffffffffffff,0xAB961d7C42BBcd454A54b342Bd191a8f090219E6,4.85,,,160.27,777.3095,0,0
PERP,0x63cc323136a164546545043d474b790201b50016d1a483260794dd83f5a53e3f,1780955581125,2026-06-08T21:53:01.125Z,Open Long,,xyz:SPCX-USD,0xffffffffffffffffffffffffffffffffffffffff,0xAB961d7C42BBcd454A54b342Bd191a8f090219E6,14.57,,,160.27,2335.1339000000003,0,0
PERP,0x987e57c4d06c5a6599f8043d474b790201b100aa6b6f79373c4703178f603450,1780955581125,2026-06-08T21:53:01.125Z,Open Long,,xyz:SPCX-USD,0xffffffffffffffffffffffffffffffffffffffff,0xAB961d7C42BBcd454A54b342Bd191a8f090219E6,9.71,,,160.27,1556.2217000000003,0,0
PERP,0xb4b619871d738903b62f043d474b790201aa006cb876a7d5587ec4d9dc7762ee,1780955581125,2026-06-08T21:53:01.125Z,Open Long,,xyz:SPCX-USD,0xffffffffffffffffffffffffffffffffffffffff,0xAB961d7C42BBcd454A54b342Bd191a8f090219E6,13.25,,,160.27,2123.5775000000003,0,0
PERP,0xdfe3530d6c08544de15d043d474b7902017b00f3070b731f83abfe602b0c2e38,1780955581125,2026-06-08T21:53:01.125Z,Open Long,,xyz:SPCX-USD,0xffffffffffffffffffffffffffffffffffffffff,0xAB961d7C42BBcd454A54b342Bd191a8f090219E6,0.5,,,160.27,80.135,0,0
SPOT,0xd4637cea647dcea6d5dd043d474aec02011b00cfff70ed78782c283d2371a891,1780955571420,2026-06-08T21:52:51.420Z,order,,xyz:SPCX,0xAB961d7C42BBcd454A54b342Bd191a8f090219E6,limit,500,,,159.63,79815,-1,0
SPOT,0x8483a950f986d4c185fd043d474aad02010f00369489f393284c54a3b88aaeac,1780955567122,2026-06-08T21:52:47.122Z,order,,xyz:SPCX,0xAB961d7C42BBcd454A54b342Bd191a8f090219E6,limit,500,,,160.27,80135,-1,0
PERP,0xd991ce3d9e068562db0b043d47488602019a00233909a4347d5a79905d0a5f4d,1780955529719,2026-06-08T21:52:09.719Z,Open Long,,xyz:SPCX-USD,0xffffffffffffffffffffffffffffffffffffffff,0xAB961d7C42BBcd454A54b342Bd191a8f090219E6,699.9999999999999,,,160.86382000000006,10657.751699999999,0,0
PERP,0xd0c8b615a55350cdd242043d47481e01df00cdfb40566f9f7491616864572ab8,1780955522418,2026-06-08T21:52:02.418Z,Open Long,,xyz:SPCX-USD,0xffffffffffffffffffffffffffffffffffffffff,0xAB961d7C42BBcd454A54b342Bd191a8f090219E6,90.00000000000001,,,160.33474666666666,4214.7864,0,0
PERP,0x8f33a771cdd6f2b090ad043d4747c5020224005768da118232fc52c48cdacc9b,1780955516002,2026-06-08T21:51:56.002Z,Open Long,,xyz:SPCX-USD,0xffffffffffffffffffffffffffffffffffffffff,0xAB961d7C42BBcd454A54b342Bd191a8f090219E6,4,,,160.2599,133.0739,0,0
PERP,0x31a0ac7ca0090fe9331a043d47474c02025c00623b0c2ebbd56957cf5f0ce9d3,1780955507751,2026-06-08T21:51:47.751Z,Open Long,,xyz:SPCX-USD,0xffffffffffffffffffffffffffffffffffffffff,0xAB961d7C42BBcd454A54b342Bd191a8f090219E6,0.83,,,160.2078313253012,118.5554,0,0
PERP,0x9d8f3c2aa9e96ac39f08043d4744ff01eb00541044ec89954157e77d68ed44ae,1780955467419,2026-06-08T21:51:07.419Z,Open Long,,xyz:SPCX-USD,0xffffffffffffffffffffffffffffffffffffffff,0xAB961d7C42BBcd454A54b342Bd191a8f090219E6,49.36,,,159.99,7897.106400000001,0,0
PERP,0xd927fc7a6af79e29daa1043d47445401bb00146005fabcfb7cf0a7cd29fb7814,1780955455790,2026-06-08T21:50:55.790Z,Open Long,,xyz:SPCX-USD,0xffffffffffffffffffffffffffffffffffffffff,0xAB961d7C42BBcd454A54b342Bd191a8f090219E6,4.86,,,159.99,777.5514000000001,0,0
PERP,0x382843e69eae2f4239a2043d47444b019b005bcc39a14e14dbf0ef395da2092c,1780955455168,2026-06-08T21:50:55.168Z,Open Long,,xyz:SPCX-USD,0xffffffffffffffffffffffffffffffffffffffff,0xAB961d7C42BBcd454A54b342Bd191a8f090219E6,0.5,,,159.99,79.995,0,0
PERP,0x6a3efd7270e288476bb8043d47443b0201af00580be5a7190e07a8c52fe66232,1780955454110,2026-06-08T21:50:54.110Z,Open Long,,xyz:SPCX-USD,0xffffffffffffffffffffffffffffffffffffffff,0xAB961d7C42BBcd454A54b342Bd191a8f090219E6,29.189999999999998,,,159.9733367591641,2335.7079999999996,0,0
PERP,0xce3f573dd5697944cfb9043d47442801d6006f23706c981672080290946d532f,1780955452833,2026-06-08T21:50:52.833Z,Open Long,,xyz:SPCX-USD,0xffffffffffffffffffffffffffffffffffffffff,0xAB961d7C42BBcd454A54b342Bd191a8f090219E6,4.63,,,159.9,740.337,0,0
PERP,0x20c2f5678123e865223c043d47441e01a4000d4d1c270737c48ba0ba4027c24f,1780955452167,2026-06-08T21:50:52.167Z,Open Long,,xyz:SPCX-USD,0xffffffffffffffffffffffffffffffffffffffff,0xAB961d7C42BBcd454A54b342Bd191a8f090219E6,13.3,,,159.9,2126.67,0,0
PERP,0x5e0c79fe73ce6e7d5f86043d47441d02012300e40ec18d4f01d5255132c24868,1780955452097,2026-06-08T21:50:52.097Z,Open Long,,xyz:SPCX-USD,0xffffffffffffffffffffffffffffffffffffffff,0xAB961d7C42BBcd454A54b342Bd191a8f090219E6,0.26,,,159.9,41.574000000000005,0,0
PERP,0xe1bd1c767babf583e336043d47441802012a005c16af14558585c7c93aafcf6e,1780955451761,2026-06-08T21:50:51.761Z,Open Long,,xyz:SPCX-USD,0xffffffffffffffffffffffffffffffffffffffff,0xAB961d7C42BBcd454A54b342Bd191a8f090219E6,13.3,,,159.9,2126.67,0,0
PERP,0x825ba1c8508953fc83d5043d47438a01ee00b9adeb8c72ce26244d1b0f8d2de7,1780955442077,2026-06-08T21:50:42.077Z,Open Long,,xyz:SPCX-USD,0xffffffffffffffffffffffffffffffffffffffff,0xAB961d7C42BBcd454A54b342Bd191a8f090219E6,2.39,,,159.71,381.7069,0,0
PERP,0x67ab49b10e87abb16925043d4743720202460096a98aca830b73f503cd8b859c,1780955440462,2026-06-08T21:50:40.462Z,Open Long,,xyz:SPCX-USD,0xffffffffffffffffffffffffffffffffffffffff,0xAB961d7C42BBcd454A54b342Bd191a8f090219E6,87.38,,,159.54410391393915,178.7968,0,0
SPOT,0x603c1de1ef11f77261b5043d4742cf01a60035c78a1516440404c934ae15d15d,1780955429262,2026-06-08T21:50:29.262Z,order,,xyz:SPCX,0xAB961d7C42BBcd454A54b342Bd191a8f090219E6,limit,1000,,,159.39,159390,-1,0
SPOT,0x79f6931432313a027b70043d47425a01b100aaf9cd3458d41dbf3e66f13513ed,1780955421303,2026-06-08T21:50:21.303Z,order,,xyz:SPCX,0xAB961d7C42BBcd454A54b342Bd191a8f090219E6,limit,1000,,,159.33,159330,-1,0
SEND,0xb4f64d897104ae2fb670043d08a645020b4f006f0c07cd0158bef8dc3008881a,1780674067110,2026-06-05T15:41:07.110Z,Transfer,,USDC,0x6b9e773128f453f5c2c60935ee2de2cbc5390a24,0xab961d7c42bbcd454a54b342bd191a8f090219e6,2008469.06,,,1,2008469.06,0,0
PERP,0xd9a439acb78b4d52db1d043d0872600210300092528e6c247d6ce4ff768f273d,1780673161917,2026-06-05T15:26:01.917Z,Open Long,,HYPE-USD,0xffffffffffffffffffffffffffffffffffffffff,0xAB961d7C42BBcd454A54b342Bd191a8f090219E6,182.98,,,60.1,10997.098,0,0
PERP,0xa8af720a1e23be6caa29043d08726002102a00efb926dd3e4c781d5cdd279857,1780673161917,2026-06-05T15:26:01.917Z,Open Long,,HYPE-USD,0xffffffffffffffffffffffffffffffffffffffff,0xAB961d7C42BBcd454A54b342Bd191a8f090219E6,102.31,,,60.1,6148.831,0,0
PERP,0xf999596004f5e31bfb13043d08726002101f00459ff901ee9d6204b2c3f9bd06,1780673161917,2026-06-05T15:26:01.917Z,Open Long,,HYPE-USD,0xffffffffffffffffffffffffffffffffffffffff,0xAB961d7C42BBcd454A54b342Bd191a8f090219E6,31.2,,,60.1,1875.12,0,0
PERP,0xb02a2dec1eea8cc2b1a3043d08726002101600d1b9edab9453f2d93eddee66ad,1780673161917,2026-06-05T15:26:01.917Z,Open Long,,HYPE-USD,0xffffffffffffffffffffffffffffffffffffffff,0xAB961d7C42BBcd454A54b342Bd191a8f090219E6,229.18,,,60.1,13773.718,0,0
PERP,0x97afca1ad236c54f9929043d08726002101300006d39e4213b78756d913a9f3a,1780673161917,2026-06-05T15:26:01.917Z,Open Long,,HYPE-USD,0xffffffffffffffffffffffffffffffffffffffff,0xAB961d7C42BBcd454A54b342Bd191a8f090219E6,39.07,,,60.1,2348.107,0,0
PERP,0x3208dce49f1440583382043d08726002101100ca3a175f2ad5d188375e181a42,1780673161917,2026-06-05T15:26:01.917Z,Open Long,,HYPE-USD,0xffffffffffffffffffffffffffffffffffffffff,0xAB961d7C42BBcd454A54b342Bd191a8f090219E6,18.02,,,60.1,1083.002,0,0
PERP,0x4e409ea6ec2b6ef64fba043d08726002100a008c872e8dc8f20949f9ab2f48e0,1780673161917,2026-06-05T15:26:01.917Z,Open Long,,HYPE-USD,0xffffffffffffffffffffffffffffffffffffffff,0xAB961d7C42BBcd454A54b342Bd191a8f090219E6,219.24,,,60.1,13176.324,0,0
PERP,0xe899b170b908e9feea13043d0872600210080056540c08d08c625cc3780cc3e9,1780673161917,2026-06-05T15:26:01.917Z,Open Long,,HYPE-USD,0xffffffffffffffffffffffffffffffffffffffff,0xAB961d7C42BBcd454A54b342Bd191a8f090219E6,18.42,,,60.1,1107.0420000000001,0,0
PERP,0x1d4bd70452c3e0101ec5043d08726002100400e9edc6fee2c114825711c7b9fa,1780673161917,2026-06-05T15:26:01.917Z,Open Long,,HYPE-USD,0xffffffffffffffffffffffffffffffffffffffff,0xAB961d7C42BBcd454A54b342Bd191a8f090219E6,74.73,,,60.1,4491.273,0,0
PERP,0x6a78606939329d946bf2043d087260021003004ed435bc660e410bbbf836777f,1780673161917,2026-06-05T15:26:01.917Z,Open Long,,HYPE-USD,0xffffffffffffffffffffffffffffffffffffffff,0xAB961d7C42BBcd454A54b342Bd191a8f090219E6,18.77,,,60.1,1128.077,0,0
PERP,0x9f2a85fcd2fd93a5a0a4043d087260020fff00e26df0b27742f3314f91f16d90,1780673161917,2026-06-05T15:26:01.917Z,Open Long,,HYPE-USD,0xffffffffffffffffffffffffffffffffffffffff,0xAB961d7C42BBcd454A54b342Bd191a8f090219E6,207.64,,,60.1,12479.163999999999,0,0
PERP,0x8a6d801c86ad335d8be7043d087260020ff2000221a0522f2e362b6f45a10d48,1780673161917,2026-06-05T15:26:01.917Z,Open Long,,HYPE-USD,0xffffffffffffffffffffffffffffffffffffffff,0xAB961d7C42BBcd454A54b342Bd191a8f090219E6,174.03,,,60.1,10459.203,0,0
PERP,0x24c692e6538aae662640043d087260020ff000cbee8dcd38c88f3e39128e8850,1780673161917,2026-06-05T15:26:01.917Z,Open Long,,HYPE-USD,0xffffffffffffffffffffffffffffffffffffffff,0xAB961d7C42BBcd454A54b342Bd191a8f090219E6,37.09,,,60.1,2229.1090000000004,0,0
PERP,0x2883f0d753ee159129fd043d087260020fe600bceee13463cc4c9c2a12e1ef7b,1780673161917,2026-06-05T15:26:01.917Z,Open Long,,HYPE-USD,0xffffffffffffffffffffffffffffffffffffffff,0xAB961d7C42BBcd454A54b342Bd191a8f090219E6,78.52,,,60.1,4719.052,0,0
PERP,0x75b07a3c3a5cd315772a043d087260020fe50021d55ff1e71979258ef950ad00,1780673161917,2026-06-05T15:26:01.917Z,Open Long,,HYPE-USD,0xffffffffffffffffffffffffffffffffffffffff,0xAB961d7C42BBcd454A54b342Bd191a8f090219E6,30.73,,,60.1,1846.873,0,0
PERP,0x10098d06073a4e1e1183043d087260020fe300eba23d6cf0b3d23858c63e2808,1780673161917,2026-06-05T15:26:01.917Z,Open Long,,HYPE-USD,0xffffffffffffffffffffffffffffffffffffffff,0xAB961d7C42BBcd454A54b342Bd191a8f090219E6,48.55,,,60.1,2917.855,0,0
PERP,0x33bc0aaa55084b123535043d087260020fc8008ff00b69e4d784b5fd140c24fc,1780673161917,2026-06-05T15:26:01.917Z,Open Long,,HYPE-USD,0xffffffffffffffffffffffffffffffffffffffff,0xAB961d7C42BBcd454A54b342Bd191a8f090219E6,2541.92,,,60.1,152769.39200000002,0,0
PERP,0x975970a64ae4ae5b98d3043d08726001d600888be5e7cd2d3b221bf909e88846,1780673161917,2026-06-05T15:26:01.917Z,Open Long,,HYPE-USD,0xffffffffffffffffffffffffffffffffffffffff,0xAB961d7C42BBcd454A54b342Bd191a8f090219E6,309.81,,,60.1,18619.581000000002,0,0
PERP,0xae278ce779e682f1afa1043d08725c02085a00cd14e9a1c351f0383a38ea5cdc,1780673161604,2026-06-05T15:26:01.604Z,Open Long,,HYPE-USD,0xffffffffffffffffffffffffffffffffffffffff,0xAB961d7C42BBcd454A54b342Bd191a8f090219E6,19.78,,,60.1,1188.778,0,0
PERP,0x316267401b88ef8a32dc043d08725c0207840025b68c0e5cd52b1292da8cc974,1780673161604,2026-06-05T15:26:01.604Z,Open Long,,HYPE-USD,0xffffffffffffffffffffffffffffffffffffffff,0xAB961d7C42BBcd454A54b342Bd191a8f090219E6,17.46,,,60.1,1049.346,0,0
PERP,0x66148cd3b543e59b678e043d08725c02078000b95047046d09dd38267447bf86,1780673161604,2026-06-05T15:26:01.604Z,Open Long,,HYPE-USD,0xffffffffffffffffffffffffffffffffffffffff,0xAB961d7C42BBcd454A54b342Bd191a8f090219E6,98.95,,,60.1,5946.895,0,0
PERP,0x6a97ad4a48b02ee76c11043d08725b020494002fe3b34db90e60589d07b408d2,1780673161546,2026-06-05T15:26:01.546Z,Open Long,,HYPE-USD,0xffffffffffffffffffffffffffffffffffffffff,0xAB961d7C42BBcd454A54b342Bd191a8f090219E6,35.6,,,60.1,2139.56,0,0
PERP,0xdf3412447d50508ae0ad043d08725b02046e002a18536f5c82fcbd973c542a75,1780673161546,2026-06-05T15:26:01.546Z,Open Long,,HYPE-USD,0xffffffffffffffffffffffffffffffffffffffff,0xAB961d7C42BBcd454A54b342Bd191a8f090219E6,28.59,,,60.1,1718.259,0,0
PERP,0xa0fd00a3986f2fb2a276043d08725b020447008933624e8444c5abf65763099d,1780673161546,2026-06-05T15:26:01.546Z,Open Long,,HYPE-USD,0xffffffffffffffffffffffffffffffffffffffff,0xAB961d7C42BBcd454A54b342Bd191a8f090219E6,27.34,,,60.1,1643.134,0,0
PERP,0x3b56136d654caabb3ccf043d08725b0204450053004fc98ddf1ebec0244084a5,1780673161546,2026-06-05T15:26:01.546Z,Open Long,,HYPE-USD,0xffffffffffffffffffffffffffffffffffffffff,0xAB961d7C42BBcd454A54b342Bd191a8f090219E6,16.7,,,60.1,1003.67,0,0
PERP,0xd5af2637322a25c3d728043d08725b020443001ccd2d44957977d189f12dffae,1780673161546,2026-06-05T15:26:01.546Z,Open Long,,HYPE-USD,0xffffffffffffffffffffffffffffffffffffffff,0xAB961d7C42BBcd454A54b342Bd191a8f090219E6,40.26,,,60.1,2419.6259999999997,0,0
PERP,0xbd34c265e5765e50beae043d08725b020440004b80797d2260fd6db8a47a383b,1780673161546,2026-06-05T15:26:01.546Z,Open Long,,HYPE-USD,0xffffffffffffffffffffffffffffffffffffffff,0xAB961d7C42BBcd454A54b342Bd191a8f090219E6,1454.77,,,60.1,87431.677,0,0
PERP,0xf1e6e7f97f315461f360043d08725b02043c00df1a34733495af934c3e352e4c,1780673161546,2026-06-05T15:26:01.546Z,Open Long,,HYPE-USD,0xffffffffffffffffffffffffffffffffffffffff,0xAB961d7C42BBcd454A54b342Bd191a8f090219E6,20.67,,,60.1,1242.267,0,0
PERP,0x24ec82695c6373482666043d08725702119b004ef766921ac8b52dbc1b674d32,1780673161324,2026-06-05T15:26:01.324Z,Open Long,,HYPE-USD,0xffffffffffffffffffffffffffffffffffffffff,0xAB961d7C42BBcd454A54b342Bd191a8f090219E6,15.55,,,60.1,934.5550000000001,0,0
PERP,0xbf4595332940ee50c0bf043d0872570211990018c4440d22630e4085e844c83b,1780673161324,2026-06-05T15:26:01.324Z,Open Long,,HYPE-USD,0xffffffffffffffffffffffffffffffffffffffff,0xAB961d7C42BBcd454A54b342Bd191a8f090219E6,211.54,,,60.1,12713.554,0,0
PERP,0xe8689e8e2d665d29e9e2043d08725702112b0073c8697bfb8c3149e0ec6a3714,1780673161324,2026-06-05T15:26:01.324Z,Open Long,,HYPE-USD,0xffffffffffffffffffffffffffffffffffffffff,0xAB961d7C42BBcd454A54b342Bd191a8f090219E6,156.41,,,60.1,9400.241,0,0
PERP,0x78e5c2e51a925bb47a5f043d08725702107600cab5957a861cae6e37d996359f,1780673161324,2026-06-05T15:26:01.324Z,Open Long,,HYPE-USD,0xffffffffffffffffffffffffffffffffffffffff,0xAB961d7C42BBcd454A54b342Bd191a8f090219E6,58.86,,,60.1,3537.486,0,0
PERP,0x36f15353354dd3b1386b043d0872570210590038d040f283dab9fea5f441ad9b,1780673161324,2026-06-05T15:26:01.324Z,Open Long,,HYPE-USD,0xffffffffffffffffffffffffffffffffffffffff,0xAB961d7C42BBcd454A54b342Bd191a8f090219E6,483.21,,,60.1,29040.921,0,0
PERP,0x8b98989a1c735f8b8d12043d087257021044007fb7767e5d2f6143ecdb773976,1780673161324,2026-06-05T15:26:01.324Z,Open Long,,HYPE-USD,0xffffffffffffffffffffffffffffffffffffffff,0xAB961d7C42BBcd454A54b342Bd191a8f090219E6,378.27,,,60.1,22734.027,0,0
PERP,0x91092450d2cad1709282043d087257020ff100366dcdf04234d1cfa391ceab5b,1780673161324,2026-06-05T15:26:01.324Z,Open Long,,HYPE-USD,0xffffffffffffffffffffffffffffffffffffffff,0xAB961d7C42BBcd454A54b342Bd191a8f090219E6,182.85,,,60.1,10989.285,0,0
PERP,0xddce5af290abdf03df48043d087254020ece00d82baefdd5819706454fafb8ee,1780673161134,2026-06-05T15:26:01.134Z,Open Long,,HYPE-USD,0xffffffffffffffffffffffffffffffffffffffff,0xAB961d7C42BBcd454A54b342Bd191a8f090219E6,192.43,,,60.1,11565.043000000001,0,0
PERP,0x5299d6042b1e27985413043d087252020f9700e9c611466af6628156ea120182,1780673160999,2026-06-05T15:26:00.999Z,Open Long,,HYPE-USD,0xffffffffffffffffffffffffffffffffffffffff,0xAB961d7C42BBcd454A54b342Bd191a8f090219E6,271.6,,,60.1,16323.160000000002,0,0
PERP,0x9e50aecb3210b7f69fca043d0865870204be00b0cd13d6c842195a1df11491e1,1780672937336,2026-06-05T15:22:17.336Z,Open Long,,HYPE-USD,0xffffffffffffffffffffffffffffffffffffffff,0xAB961d7C42BBcd454A54b342Bd191a8f090219E6,38.6,,,60.1,2319.86,0,0
PERP,0x66dd0be2f88aedd06856043d08658002072000c8938e0ca20aa5b735b78ec7bb,1780672936907,2026-06-05T15:22:16.907Z,Open Long,,HYPE-USD,0xffffffffffffffffffffffffffffffffffffffff,0xAB961d7C42BBcd454A54b342Bd191a8f090219E6,1888.35,,,60.08044833320095,3660.09,0,0
PERP,0xd80fb43d8ce2113bd989043d0863a00203b6002327e5300d7bd85f904be5eb26,1780672903930,2026-06-05T15:21:43.930Z,Close Long,,ETH-USD,0xAB961d7C42BBcd454A54b342Bd191a8f090219E6,0xffffffffffffffffffffffffffffffffffffffff,-2.4526,,,1587.4,-3893.25724,0,0
PERP,0xc352ae5d4091b0f3c4cc043d0863a00203a90042db94cfc5671b59afff958ade,1780672903930,2026-06-05T15:21:43.930Z,Close Long,,ETH-USD,0xAB961d7C42BBcd454A54b342Bd191a8f090219E6,0xffffffffffffffffffffffffffffffffffffffff,-1.3695,,,1587.4,-2173.9443,0,0
PERP,0x107f37c227006e7811f8043d0863a00203a800a7c2038d4ab447e314e6044862,1780672903930,2026-06-05T15:21:43.930Z,Close Long,,ETH-USD,0xAB961d7C42BBcd454A54b342Bd191a8f090219E6,0xffffffffffffffffffffffffffffffffffffffff,-10.1947,,,1587.4,-16183.06678,0,0
PERP,0xaad84a8bf3ede980ac52043d0863a00203a600718ee108524ea0f5deb2e1c36b,1780672903930,2026-06-05T15:21:43.930Z,Close Long,,ETH-USD,0xAB961d7C42BBcd454A54b342Bd191a8f090219E6,0xffffffffffffffffffffffffffffffffffffffff,-10.1947,,,1587.4,-16183.06678,0,0
PERP,0x713bd3886d946c5972b5043d08639e020283006e08978b2b15047edb2c984644,1780672903791,2026-06-05T15:21:43.791Z,Close Long,,ETH-USD,0xAB961d7C42BBcd454A54b342Bd191a8f090219E6,0xffffffffffffffffffffffffffffffffffffffff,-50.4149,,,1587.4,-80028.61226000001,0,0
PERP,0xb3f5e3d616866456b56f043d08639d0202af00bbb189832857be8f28d58a3e41,1780672903728,2026-06-05T15:21:43.728Z,Close Long,,ETH-USD,0xAB961d7C42BBcd454A54b342Bd191a8f090219E6,0xffffffffffffffffffffffffffffffffffffffff,-10.1947,,,1587.4,-16183.06678,0,0
PERP,0xb7b341c716e9cb81b92c043d08639d0202a500acb1ecea535b7bed19d5eda56c,1780672903728,2026-06-05T15:21:43.728Z,Close Long,,ETH-USD,0xAB961d7C42BBcd454A54b342Bd191a8f090219E6,0xffffffffffffffffffffffffffffffffffffffff,-10.1947,,,1587.4,-16183.06678,0,0
PERP,0xad40c8afd96d05faaeba043d08639c0202d20095746024cc510974029860dfe5,1780672903668,2026-06-05T15:21:43.668Z,Close Long,,ETH-USD,0xAB961d7C42BBcd454A54b342Bd191a8f090219E6,0xffffffffffffffffffffffffffffffffffffffff,-1.3695,,,1587.4,-2173.9443,0,0
PERP,0xbd52e39533036457becc043d08639b020341007ace068329611b8ee7f2073e42,1780672903591,2026-06-05T15:21:43.591Z,Close Long,,ETH-USD,0xAB961d7C42BBcd454A54b342Bd191a8f090219E6,0xffffffffffffffffffffffffffffffffffffffff,-0.3551,,,1587.4,-563.6857400000001,0,0
PERP,0xa4d87fc3e65f9ce4a652043d08639b02033e00a98152bbb648a12b16a55376cf,1780672903591,2026-06-05T15:21:43.591Z,Close Long,,ETH-USD,0xAB961d7C42BBcd454A54b342Bd191a8f090219E6,0xffffffffffffffffffffffffffffffffffffffff,-10.1947,,,1587.4,-16183.06678,0,0
PERP,0x5f26b24100a7adb660a0043d08639b02032b00269baacc8802ef5d93bfab87a1,1780672903591,2026-06-05T15:21:43.591Z,Close Long,,ETH-USD,0xAB961d7C42BBcd454A54b342Bd191a8f090219E6,0xffffffffffffffffffffffffffffffffffffffff,-2.5483,,,1587.4,-4045.1714199999997,0,0
PERP,0xac533ba5e7166b3aadcc043d08639b02032a008b82198a0c501be6f8a61a4525,1780672903591,2026-06-05T15:21:43.591Z,Close Long,,ETH-USD,0xAB961d7C42BBcd454A54b342Bd191a8f090219E6,0xffffffffffffffffffffffffffffffffffffffff,-7.6449,,,1587.4,-12135.51426,0,0
PERP,0x08a452e634d4ec5c0a1e043d0863990203f000cbcfd80b2eac6cfe38f3d8c646,1780672903460,2026-06-05T15:21:43.460Z,Close Long,,ETH-USD,0xAB961d7C42BBcd454A54b342Bd191a8f090219E6,0xffffffffffffffffffffffffffffffffffffffff,-50.4149,,,1587.4,-80028.61226000001,0,0
PERP,0xfb6208e7e94b5a69fcdb043d0863990203cf00cd844e793c9f2ab43aa84f3454,1780672903460,2026-06-05T15:21:43.460Z,Close Long,,ETH-USD,0xAB961d7C42BBcd454A54b342Bd191a8f090219E6,0xffffffffffffffffffffffffffffffffffffffff,-10.1947,,,1587.4,-16183.06678,0,0
PERP,0x45edd77d277f72744767043d08639802046f0062c2729146e9b682cfe6734c5e,1780672903397,2026-06-05T15:21:43.397Z,Close Long,,ETH-USD,0xAB961d7C42BBcd454A54b342Bd191a8f090219E6,0xffffffffffffffffffffffffffffffffffffffff,-220.5655,,,1587.4,-350125.6747,0,0
PERP,0x65e2f73074ea083d675c043d08639802045e00160fed270f09aba28333ede228,1780672903397,2026-06-05T15:21:43.397Z,Close Long,,ETH-USD,0xAB961d7C42BBcd454A54b342Bd191a8f090219E6,0xffffffffffffffffffffffffffffffffffffffff,-50.4118,,,1587.4,-80023.69132,0,0
PERP,0xe201639fb0d56688e37b043d08639402028900854bd8855a85ca0ef26fd94073,1780672903123,2026-06-05T15:21:43.123Z,Close Long,,ETH-USD,0xAB961d7C42BBcd454A54b342Bd191a8f090219E6,0xffffffffffffffffffffffffffffffffffffffff,-0.0314,,,1587.4,-49.84436,0,0
PERP,0x83d5324b7e79afe7854e043d0863940202730031197cceb9279ddd9e3d7d89d2,1780672903123,2026-06-05T15:21:43.123Z,Close Long,,ETH-USD,0xAB961d7C42BBcd454A54b342Bd191a8f090219E6,0xffffffffffffffffffffffffffffffffffffffff,-15.6724,,,1587.4,-24878.36776,0,0
PERP,0x4f3a86deafea143b50b4043d08639302046700c44aed330df30332316eedee25,1780672903062,2026-06-05T15:21:43.062Z,Close Long,,ETH-USD,0xAB961d7C42BBcd454A54b342Bd191a8f090219E6,0xffffffffffffffffffffffffffffffffffffffff,-0.0724,,,1587.4,-114.92776000000002,0,0
PERP,0x65aaba84b22e7f3d6724043d08639302042b006a4d219e0f097365d771225928,1780672903062,2026-06-05T15:21:43.062Z,Close Long,,ETH-USD,0xAB961d7C42BBcd454A54b342Bd191a8f090219E6,0xffffffffffffffffffffffffffffffffffffffff,-50.4149,,,1587.4,-80028.61226000001,0,0
PERP,0x5d49def59510f6a05ec3043d08638e010b00f6db3014157201128a485414d08b,1780672902722,2026-06-05T15:21:42.722Z,Close Long,,ETH-USD,0xAB961d7C42BBcd454A54b342Bd191a8f090219E6,0xffffffffffffffffffffffffffffffffffffffff,-0.0649,,,1587.4,-103.02226,0,0
PERP,0x18b4710068aae4d51a2e043d08638d02067100e603ae03a7bc7d1c5327aebebf,1780672902701,2026-06-05T15:21:42.701Z,Close Long,,ETH-USD,0xAB961d7C42BBcd454A54b342Bd191a8f090219E6,0xffffffffffffffffffffffffffffffffffffffff,-50.4149,,,1587.4,-80028.61226000001,0,0
PERP,0xa20ddbdae99b66c0a387043d08638d02065800c0849e859245d6872da89f40ab,1780672902701,2026-06-05T15:21:42.701Z,Close Long,,ETH-USD,0xAB961d7C42BBcd454A54b342Bd191a8f090219E6,0xffffffffffffffffffffffffffffffffffffffff,-10,,,1587.4,-15874,0,0
PERP,0x74d6722950973f057650043d08638d020648000eeb9a5dd7189f1d7c0f9b18f0,1780672902701,2026-06-05T15:21:42.701Z,Close Long,,ETH-USD,0xAB961d7C42BBcd454A54b342Bd191a8f090219E6,0xffffffffffffffffffffffffffffffffffffffff,-0.0558,,,1587.4,-88.57692000000002,0,0
PERP,0xc202fb8e3705fc89c37c043d08638d0206470073d2091b5b65cba6e0f609d674,1780672902701,2026-06-05T15:21:42.701Z,Close Long,,ETH-USD,0xAB961d7C42BBcd454A54b342Bd191a8f090219E6,0xffffffffffffffffffffffffffffffffffffffff,-0.2996,,,1587.4,-475.58504,0,0
PERP,0x910e33eb9dae6da39287043d08638d02064100d138a18c7534d6df3e5ca2478e,1780672902701,2026-06-05T15:21:42.701Z,Close Long,,ETH-USD,0xAB961d7C42BBcd454A54b342Bd191a8f090219E6,0xffffffffffffffffffffffffffffffffffffffff,-0.3789,,,1587.4,-601.46586,0,0
PERP,0xd88acb24d3e13417da04043d08638c02050a000a6ee452e97c53767792e50e02,1780672902590,2026-06-05T15:21:42.590Z,Close Long,,ETH-USD,0xAB961d7C42BBcd454A54b342Bd191a8f090219E6,0xffffffffffffffffffffffffffffffffffffffff,-0.2005,,,1587.4,-318.2737,0,0
PERP,0xc580f30a3d84de89c6fa043d08638c0204b400efd887fd5b69499e5cfc88b874,1780672902590,2026-06-05T15:21:42.590Z,Close Long,,ETH-USD,0xAB961d7C42BBcd454A54b342Bd191a8f090219E6,0xffffffffffffffffffffffffffffffffffffffff,-7.6449,,,1587.4,-12135.51426,0,0
PERP,0x12ad7c6f23f39c0e1427043d08638c0204b30054bef6bae0b67627c1e2f775f8,1780672902590,2026-06-05T15:21:42.590Z,Close Long,,ETH-USD,0xAB961d7C42BBcd454A54b342Bd191a8f090219E6,0xffffffffffffffffffffffffffffffffffffffff,-2.5483,,,1587.4,-4045.1714199999997,0,0
PERP,0xd0b90cdd3eaf140ad232043d08638c02049600c2d9a232dc7481b82ffda2edf5,1780672902590,2026-06-05T15:21:42.590Z,Close Long,,ETH-USD,0xAB961d7C42BBcd454A54b342Bd191a8f090219E6,0xffffffffffffffffffffffffffffffffffffffff,-10.6074,,,1587.4,-16838.18676,0,0
PERP,0x681a40a7ff5b25bb6993043d08638b02079e008d9a5e448d0be2ebfabe5effa6,1780672902529,2026-06-05T15:21:42.529Z,Close Long,,ETH-USD,0xAB961d7C42BBcd454A54b342Bd191a8f090219E6,0xffffffffffffffffffffffffffffffffffffffff,-0.6284,,,1587.4,-997.52216,0,0
PERP,0xb57601ee1b077c57b6ef043d08638902059b00d3b60a9b29593ead40da0b5642,1780672902398,2026-06-05T15:21:42.398Z,Close Long,,ETH-USD,0xAB961d7C42BBcd454A54b342Bd191a8f090219E6,0xffffffffffffffffffffffffffffffffffffffff,-10.1947,,,1587.4,-16183.06678,0,0
PERP,0x9cfb9e1cce53b4e49e75043d08638902059800026956d3b640c4496f8d578ecf,1780672902398,2026-06-05T15:21:42.398Z,Close Long,,ETH-USD,0xAB961d7C42BBcd454A54b342Bd191a8f090219E6,0xffffffffffffffffffffffffffffffffffffffff,-7.6449,,,1587.4,-12135.51426,0,0
PERP,0x84813a4b81afed7185fa043d08638902059500311ca30c432849e59e40a3c75c,1780672902398,2026-06-05T15:21:42.398Z,Close Long,,ETH-USD,0xAB961d7C42BBcd454A54b342Bd191a8f090219E6,0xffffffffffffffffffffffffffffffffffffffff,-10.1947,,,1587.4,-16183.06678,0,0
PERP,0x065fe94401d9a10707d9043d08638902059000299cdcbfd9aa289496c0dd7af1,1780672902398,2026-06-05T15:21:42.398Z,Close Long,,ETH-USD,0xAB961d7C42BBcd454A54b342Bd191a8f090219E6,0xffffffffffffffffffffffffffffffffffffffff,-0.6875,,,1587.4,-1091.3375,0,0
PERP,0x883e983c8203549c89b8043d08638902058b00221d06736e2c07438f41072e87,1780672902398,2026-06-05T15:21:42.398Z,Close Long,,ETH-USD,0xAB961d7C42BBcd454A54b342Bd191a8f090219E6,0xffffffffffffffffffffffffffffffffffffffff,-100.8204,,,1587.3999999999999,-80023.69132,0,0
PERP,0x4bd22e881e3198e34d4b043d08638802070b006db934b7b5ef9ad9dadd3572cd,1780672902339,2026-06-05T15:21:42.339Z,Close Long,,ETH-USD,0xAB961d7C42BBcd454A54b342Bd191a8f090219E6,0xffffffffffffffffffffffffffffffffffffffff,-220.5656,,,1587.4,-350125.83344,0,0
PERP,0x8f811772c00e99f290fa043d08638402054400585b01b8c43349c2c57f0273dd,1780672902048,2026-06-05T15:21:42.048Z,Close Long,,ETH-USD,0xAB961d7C42BBcd454A54b342Bd191a8f090219E6,0xffffffffffffffffffffffffffffffffffffffff,-50.4149,,,1587.4,-80028.61226000001,0,0
PERP,0x84079a5f9f3f79628581043d0863780205eb00453a32983427d045b25e33534d,1780672901244,2026-06-05T15:21:41.244Z,Close Long,,ETH-USD,0xAB961d7C42BBcd454A54b342Bd191a8f090219E6,0xffffffffffffffffffffffffffffffffffffffff,-1.4158,,,1587.4,-2247.44092,0,0
PERP,0xb3d1074880660951b54a043d086351020379002e1b6928235799b29b3f69e33c,1780672898553,2026-06-05T15:21:38.553Z,Close Long,,ETH-USD,0xAB961d7C42BBcd454A54b342Bd191a8f090219E6,0xffffffffffffffffffffffffffffffffffffffff,-0.0125,,,1587.4,-19.8425,0,0
PERP,0x803b20d04cfd900181b4043d0863200204df00b5e7f0aed32403cc230bf169ec,1780672895202,2026-06-05T15:21:35.202Z,Close Long,,ETH-USD,0xAB961d7C42BBcd454A54b342Bd191a8f090219E6,0xffffffffffffffffffffffffffffffffffffffff,-0.25,,,1587.4,-396.85,0,0
PERP,0x6af3f9c54141a50f6c6d043d08611202063200aadc44c3e10ebca51800457efa,1780672859678,2026-06-05T15:20:59.678Z,order,,ETH,0xAB961d7C42BBcd454A54b342Bd191a8f090219E6,limit,-1000,,,1587.4,-1587400,-1,0
PERP,0x3938d44bcd75fdb13ab2043d085c0a020c15003168791c83dd017f9e8c79d79b,1780672770759,2026-06-05T15:19:30.759Z,Open Long,,HYPE-USD,0xffffffffffffffffffffffffffffffffffffffff,0xAB961d7C42BBcd454A54b342Bd191a8f090219E6,814.4,,,60.547,49309.4768,0,0
PERP,0x6deaf9df6730f3c26f64043d085c0a020c1100c50234129411b3a5322634cdad,1780672770759,2026-06-05T15:19:30.759Z,Open Long,,HYPE-USD,0xffffffffffffffffffffffffffffffffffffffff,0xAB961d7C42BBcd454A54b342Bd191a8f090219E6,83.88,,,60.547,5078.68236,0,0
PERP,0x40b3902dce3ccc07422d043d085c0a020c010013693fead9e47c3b808d30a5f1,1780672770759,2026-06-05T15:19:30.759Z,Open Long,,HYPE-USD,0xffffffffffffffffffffffffffffffffffffffff,0xAB961d7C42BBcd454A54b342Bd191a8f090219E6,5,,,60.547,302.735,0,0
PERP,0x36d7c384bdf6c1b03851043d085c0a02085d006a58f9e082daa06ed77cfa9b9a,1780672770759,2026-06-05T15:19:30.759Z,Open Long,,HYPE-USD,0xffffffffffffffffffffffffffffffffffffffff,0xAB961d7C42BBcd454A54b342Bd191a8f090219E6,156.04,,,60.547,9447.753879999998,0,0
PERP,0x420fdd57bf10f7314389043d085c0a02083f003d5a141603e5d888aa7e14d11b,1780672770759,2026-06-05T15:19:30.759Z,Open Long,,HYPE-USD,0xffffffffffffffffffffffffffffffffffffffff,0xAB961d7C42BBcd454A54b342Bd191a8f090219E6,21.79,,,60.547,1319.3191299999999,0,0
PERP,0x111b15b525b9684b1294043d085c0a020839009ac0bc871db4e3c107e4bd4235,1780672770759,2026-06-05T15:19:30.759Z,Open Long,,HYPE-USD,0xffffffffffffffffffffffffffffffffffffffff,0xAB961d7C42BBcd454A54b342Bd191a8f090219E6,10,,,60.547,605.47,0,0
PERP,0xf8a0b1e3d905a0d7fa1a043d085c0a02083600c97408bfaa9c695d3698097ac2,1780672770759,2026-06-05T15:19:30.759Z,Open Long,,HYPE-USD,0xffffffffffffffffffffffffffffffffffffffff,0xAB961d7C42BBcd454A54b342Bd191a8f090219E6,3.21,,,60.547,194.35586999999998,0,0
PERP,0x7c328ea20f235f277dac043d085c0a0207e80087aa267df91ffb39f4ce273912,1780672770759,2026-06-05T15:19:30.759Z,Open Long,,HYPE-USD,0xffffffffffffffffffffffffffffffffffffffff,0xAB961d7C42BBcd454A54b342Bd191a8f090219E6,79.26,,,60.547,4798.95522,0,0
PERP,0xf0cef39c43c380caf248043d085c0a0207c20081dec69f9d94979eef02c75ab5,1780672770759,2026-06-05T15:19:30.759Z,Open Long,,HYPE-USD,0xffffffffffffffffffffffffffffffffffffffff,0xAB961d7C42BBcd454A54b342Bd191a8f090219E6,35.67,,,60.547,2159.71149,0,0
PERP,0xab1d26195e1b919cac96043d085c0a0207af00fef91eb06e4ee5d16c1d1f6b87,1780672770759,2026-06-05T15:19:30.759Z,Open Long,,HYPE-USD,0xffffffffffffffffffffffffffffffffffffffff,0xAB961d7C42BBcd454A54b342Bd191a8f090219E6,14.62,,,60.547,885.1971399999999,0,0
PERP,0xc6be3b6d7dec050ac837043d085c09020b79005318ef23dc6a86e6c03cefdef5,1780672770688,2026-06-05T15:19:30.688Z,Open Long,,HYPE-USD,0xffffffffffffffffffffffffffffffffffffffff,0xAB961d7C42BBcd454A54b342Bd191a8f090219E6,0.45,,,60.547,27.24615,0,0
PERP,0xe2f5fd2fcaf333a8e46f043d085c09020b72001565f6527a86bea88289f70d93,1780672770688,2026-06-05T15:19:30.688Z,Open Long,,HYPE-USD,0xffffffffffffffffffffffffffffffffffffffff,0xAB961d7C42BBcd454A54b342Bd191a8f090219E6,20.32,,,60.547,1230.31504,0,0
PERP,0x5017a647fedc86f65191043d085c09020b60002d99dfa5c8f3e0519abdd060e0,1780672770688,2026-06-05T15:19:30.688Z,Open Long,,HYPE-USD,0xffffffffffffffffffffffffffffffffffffffff,0xAB961d7C42BBcd454A54b342Bd191a8f090219E6,382.47,,,60.547,23157.41109,0,0
PERP,0xf5a8d2e4ccd4377ff722043d085c09020b4000ca67d7565299717e378bd8116a,1780672770688,2026-06-05T15:19:30.688Z,Open Long,,HYPE-USD,0xffffffffffffffffffffffffffffffffffffffff,0xAB961d7C42BBcd454A54b342Bd191a8f090219E6,121.53,,,60.547,7358.27691,0,0
PERP,0xc4b40b42337ca899c62d043d085c09020b3a0027ce7fc76b687cb694f2708284,1780672770688,2026-06-05T15:19:30.688Z,Open Long,,HYPE-USD,0xffffffffffffffffffffffffffffffffffffffff,0xAB961d7C42BBcd454A54b342Bd191a8f090219E6,0.38,,,60.547,23.00786,0,0
PERP,0x62ca7bfd00bd8acd6444043d085c09020b2e00e29bb0a99f0693274fbfb164b8,1780672770688,2026-06-05T15:19:30.688Z,Open Long,,HYPE-USD,0xffffffffffffffffffffffffffffffffffffffff,0xAB961d7C42BBcd454A54b342Bd191a8f090219E6,189.01,,,60.547,11443.988469999998,0,0
PERP,0x977ca1909a7880de98f6043d085c09020b2a0076357b9fb03b454ce3597c5ac9,1780672770688,2026-06-05T15:19:30.688Z,Open Long,,HYPE-USD,0xffffffffffffffffffffffffffffffffffffffff,0xAB961d7C42BBcd454A54b342Bd191a8f090219E6,48.67,,,60.547,2946.82249,0,0
PERP,0xb3b46352e78faf7cb52e043d085c09020b2300388282ce4e577d0ea5a6838967,1780672770688,2026-06-05T15:19:30.688Z,Open Long,,HYPE-USD,0xffffffffffffffffffffffffffffffffffffffff,0xAB961d7C42BBcd454A54b342Bd191a8f090219E6,593.93,,,60.547,35960.67971,0,0
PERP,0x4e0d761cb46d2a854f87043d085c09020b2100024f604957f1d6216f7361046f,1780672770688,2026-06-05T15:19:30.688Z,Open Long,,HYPE-USD,0xffffffffffffffffffffffffffffffffffffffff,0xAB961d7C42BBcd454A54b342Bd191a8f090219E6,56.69,,,60.547,3432.4094299999997,0,0
PERP,0xe86688e6814aa58de9e0043d085c09020b1f00cc1c4dc45f8c2f3439404e7f78,1780672770688,2026-06-05T15:19:30.688Z,Open Long,,HYPE-USD,0xffffffffffffffffffffffffffffffffffffffff,0xAB961d7C42BBcd454A54b342Bd191a8f090219E6,657.33,,,60.547,39799.35951,0,0
PERP,0xefb914e6b47164cff132043d085c0702115400cc4f7483a19381c03973753eba,1780672770565,2026-06-05T15:19:30.565Z,Open Long,,HYPE-USD,0xffffffffffffffffffffffffffffffffffffffff,0xAB961d7C42BBcd454A54b342Bd191a8f090219E6,112.79,,,60.547,6829.09613,0,0
PERP,0x591d600de7f750f25a97043d085c0702114c00f382fa6fc4fce60b60a6fb2adc,1780672770565,2026-06-05T15:19:30.565Z,Open Long,,HYPE-USD,0xffffffffffffffffffffffffffffffffffffffff,0xAB961d7C42BBcd454A54b342Bd191a8f090219E6,272.7,,,60.547,16511.1669,0,0
PERP,0x5cdabdfee85ab81d5e54043d085c0702114200e4835dd6ef00a36951a75e9208,1780672770565,2026-06-05T15:19:30.565Z,Open Long,,HYPE-USD,0xffffffffffffffffffffffffffffffffffffffff,0xAB961d7C42BBcd454A54b342Bd191a8f090219E6,37.51,,,60.547,2271.11797,0,0
PERP,0x22610a4f03ccfe7023da043d085c0702111100349ec01d42c629b5a1c2c0d85a,1780672770565,2026-06-05T15:19:30.565Z,Open Long,,HYPE-USD,0xffffffffffffffffffffffffffffffffffffffff,0xAB961d7C42BBcd454A54b342Bd191a8f090219E6,48.66,,,60.547,2946.2170199999996,0,0
PERP,0x7ee64f8edb700c658060043d085a7f0202ec007476732b3722aefae19a73e650,1780672743786,2026-06-05T15:19:03.786Z,order,,HYPE,0xAB961d7C42BBcd454A54b342Bd191a8f090219E6,limit,10000,,,60.458,604580,-1,0
PERP,0x24ca0082ad9c9d4c2643043d085a0902032c0068489fbc1ec892abd56c907736,1780672735359,2026-06-05T15:18:55.359Z,order,,ETH,0xAB961d7C42BBcd454A54b342Bd191a8f090219E6,limit,-1000,,,1588.8,-1588800,-1,0
PERP,0xf8a6be26e4129547fa20043d0852d9020ac4000c7f15b41a9c6f6979a3166f32,1780672609644,2026-06-05T15:16:49.644Z,order,,HYPE,0xAB961d7C42BBcd454A54b342Bd191a8f090219E6,limit,10000,,,60.341,603410,-1,0
PERP,0xd800adf50498d2a4d97a043d084f5f0208ee00da9f9bf1767bc95947c39cac8f,1780672549209,2026-06-05T15:15:49.209Z,order,,HYPE,0xAB961d7C42BBcd454A54b342Bd191a8f090219E6,limit,20000,,,60.408,1208160,-1,0
PERP,0xbedddf09fece502ec057043d084e9b020c5d00ef99c16f0062a68a5cbdc22a19,1780672535846,2026-06-05T15:15:35.846Z,order,,ETH,0xAB961d7C42BBcd454A54b342Bd191a8f090219E6,limit,-2000,,,1579.2,-3158400,-1,0
PERP,0x74135a46c423e96b758d043d084de602056c002c5f27083d17dc05998327c356,1780672523758,2026-06-05T15:15:23.758Z,order,,ETH,0xAB961d7C42BBcd454A54b342Bd191a8f090219E6,limit,-2000,,,1580.4,-3160800,-1,0
PERP,0x20968bc21ebd1a622210043d0845f502097200a7b9b03934c45f3714ddb0f44c,1780672386488,2026-06-05T15:13:06.488Z,order,,HYPE,0xAB961d7C42BBcd454A54b342Bd191a8f090219E6,limit,20000,,,60.341,1206820,-1,0
PERP,0x4de0f7e1678d415a4f5a043d02e5ad0203ef00c70280602cf1a9a33426811b44,1780648220359,2026-06-05T08:30:20.359Z,order,,HYPE,0xAB961d7C42BBcd454A54b342Bd191a8f090219E6,limit,5000,,,61.881,309405,-1,0
PERP,0xe319e4b68cfc52cfe493043d02e52c0209a3009c27ff71a186e290094bf02cba,1780648211634,2026-06-05T08:30:11.634Z,order,,HYPE,0xAB961d7C42BBcd454A54b342Bd191a8f090219E6,limit,5000,,,61.969,309845,-1,0
PERP,0xb071f2e91a319ee2b1eb043d02e13802045b00ceb534bdb4543a9e3bd93578cd,1780648142881,2026-06-05T08:29:02.881Z,order,,ETH,0xAB961d7C42BBcd454A54b342Bd191a8f090219E6,limit,1000,,,1671.7,1671700,-1,0
SEND,0x5e6d6dea6dd82b9a5fe7043d02e05f0203a200d008db4a6c0236193d2cdc0585,1780648128019,2026-06-05T08:28:48.019Z,Transfer,,USDC,0x6b9e773128f453f5c2c60935ee2de2cbc5390a24,0xab961d7c42bbcd454a54b342bd191a8f090219e6,1999799.8,,,1,1999799.8,0,0
PERP,0x1aabd76bfce307301c25043d02dc31020221005197e62602be7482bebbe6e11a,1780648054373,2026-06-05T08:27:34.373Z,order,,HYPE,0xAB961d7C42BBcd454A54b342Bd191a8f090219E6,limit,5000,,,62.108,310540,-1,0
PERP,0x9df50e04798879529f6e043d02db440205dc00ea148b982441bdb957388c533d,1780648038202,2026-06-05T08:27:18.202Z,order,,HYPE,0xAB961d7C42BBcd454A54b342Bd191a8f090219E6,limit,5000,,,61.931,309655,-1,0
PERP,0x2914e146944278122a8e043d02980f020d31002c2f4596e4ccdd8c99534651fc,1780646860607,2026-06-05T08:07:40.607Z,order,,HYPE,0xAB961d7C42BBcd454A54b342Bd191a8f090219E6,limit,5000,,,62.438,312190,-1,0
PERP,0x09bfc7ba79f58c170b39043d02964d02098e00a014f8aae9ad88730d38f96601,1780646829822,2026-06-05T08:07:09.822Z,order,,HYPE,0xAB961d7C42BBcd454A54b342Bd191a8f090219E6,limit,4000,,,62.567,250268,-1,0
PERP,0x56f581b8a69aca63586f043d02953f0202ae009e419de935fabe2d0b659ea44d,1780646811277,2026-06-05T08:06:51.277Z,order,,HYPE,0xAB961d7C42BBcd454A54b342Bd191a8f090219E6,limit,1000,,,62.637,62637,-1,0
PERP,0x2862695bcb496ba729dc043d00f43b0208450041664c8a79cc2b14ae8a4d4591,1780639488730,2026-06-05T06:04:48.730Z,order,,HYPE,0xAB961d7C42BBcd454A54b342Bd191a8f090219E6,limit,10000,,,61.466,614660,-1,0
PERP,0x25d6c3bc529e79142750043cfa32d80203b100a1ed9197e6c99f6f0f119252fe,1780609052204,2026-06-04T21:37:32.204Z,order,,HYPE,0xAB961d7C42BBcd454A54b342Bd191a8f090219E6,limit,10000,,,64.579,645789.9999999999,-1,0
PERP,0x644e2e55513d285265c7043cfa32540202bf003aec3047240816d9a81031023d,1780609043366,2026-06-04T21:37:23.366Z,order,,HYPE,0xAB961d7C42BBcd454A54b342Bd191a8f090219E6,limit,10000,,,64.467,644670,-1,0
PERP,0x13a045a4f02797c5151a043cf28cde020954008a8b2ab697b768f0f7af2b71af,1780574630744,2026-06-04T12:03:50.744Z,order,,HYPE,0xAB961d7C42BBcd454A54b342Bd191a8f090219E6,trigger,0,,,46,-,-1,0
PERP,0xb8110158d31e4bb5b98a043cf28bb40203ad003e6e116a875bd9acab921225a0,1780574610682,2026-06-04T12:03:30.682Z,order,,ETH,0xAB961d7C42BBcd454A54b342Bd191a8f090219E6,trigger,0,,,1380,-,-1,0
PERP,0x0deee7df5e9161fb0f68043cf1d70c02026d00c4f99480cdb1b793321d953be5,1780571442414,2026-06-04T11:10:42.414Z,order,,HYPE,0xAB961d7C42BBcd454A54b342Bd191a8f090219E6,limit,10000,,,64.2,642000,-1,0
PERP,0xe34bcea086392af3e4c5043cf19cff0209f80086213c49c5871479f3453d04de,1780570415382,2026-06-04T10:53:35.382Z,order,,HYPE,0xAB961d7C42BBcd454A54b342Bd191a8f090219E6,limit,10000,,,65.01,650100,-1,0
PERP,0x52d755131df1f61a5451043cf19bc102078a00f8b8f514ecf6a00065dcf5d004,1780570392910,2026-06-04T10:53:12.910Z,order,,HYPE,0xAB961d7C42BBcd454A54b342Bd191a8f090219E6,limit,10000,,,64.945,649449.9999999999,-1,0
PERP,0x5e14176bebaf1c505f8d043cf19b52020688005186a23b2201dcc2beaaa2f63b,1780570385456,2026-06-04T10:53:05.456Z,order,,HYPE,0xAB961d7C42BBcd454A54b342Bd191a8f090219E6,limit,10000,,,64.797,647970,-1,0
PERP,0x54a454b7b103a9fd561e043cf1997c0216fc009d4c06c8cff86d000a700783e7,1780570352117,2026-06-04T10:52:32.117Z,order,,HYPE,0xAB961d7C42BBcd454A54b342Bd191a8f090219E6,limit,10000,,,64.804,648040,-1,0
PERP,0xa68f382cf911ad58a808043cf193fd0203e000129414cc2a4a57e37fb8158743,1780570255498,2026-06-04T10:50:55.498Z,order,,ETH,0xAB961d7C42BBcd454A54b342Bd191a8f090219E6,limit,1000,,,1737,1737000,-1,0
PERP,0x3d83d31a1d3d13de3efd043cf1932302073400ffb83032b0e14c7e6cdc30edc8,1780570240185,2026-06-04T10:50:40.185Z,order,,ETH,0xAB961d7C42BBcd454A54b342Bd191a8f090219E6,limit,1000,,,1737,1737000,-1,0
PERP,0x1b4678af0da2c0a01cc0043ce832e60204c40094a8a5df72bf0f2401cca69a8a,1780527683935,2026-06-03T23:01:23.935Z,order,,ETH,0xAB961d7C42BBcd454A54b342Bd191a8f090219E6,trigger,0,,,1472,-,-1,0
PERP,0xf7318c9f79889e32f8ab043ce82fc50205970085148bbd059afa37f2388c781d,1780527628372,2026-06-03T23:00:28.372Z,order,,BTC,0xAB961d7C42BBcd454A54b342Bd191a8f090219E6,limit,-0.9604,,,59705,-57340.682,-1,0
PERP,0x1248bbaf0c135e1113c2043ce82e9b0202fa0094a7167ce3b6116701cb1737fb,1780527607394,2026-06-03T23:00:07.394Z,order,,BTC,0xAB961d7C42BBcd454A54b342Bd191a8f090219E6,limit,-49,,,64882,-3179218,-1,0
PERP,0xe531335a2458761de6aa043ce82d5c020799003fbf5b94ef88f9deace35c5008,1780527585680,2026-06-03T22:59:45.680Z,order,,BTC,0xAB961d7C42BBcd454A54b342Bd191a8f090219E6,limit,-50,,,64817,-3240850,-1,0
PERP,0x94a5d0bc5e1483b9961f043ce8279a0201df00a1f917a28b386e7c0f1d185da4,1780527483408,2026-06-03T22:58:03.408Z,order,,BTC,0xAB961d7C42BBcd454A54b342Bd191a8f090219E6,limit,-100,,,64890,-6489000,-1,0
PERP,0xc9f2e317533b7be7cb6c043ce8205902010600fcee3e9ab96dbb8e6a123f55d2,1780527354094,2026-06-03T22:55:54.094Z,order,,BTC,0xAB961d7C42BBcd454A54b342Bd191a8f090219E6,limit,-100,,,64791,-6479100,-1,0
PERP,0x8ef4569a835a06f8906e043ce81b5d02034400801e5d25ca32bd01ed425de0e3,1780527266703,2026-06-03T22:54:26.703Z,order,,BTC,0xAB961d7C42BBcd454A54b342Bd191a8f090219E6,limit,-100,,,64806,-6480600,-1,0
PERP,0x3b21d93e6e57a56f3c9b043ce7f3820203fb0024095ac441deea84912d5b7f59,1780526563807,2026-06-03T22:42:43.807Z,order,,ETH,0xAB961d7C42BBcd454A54b342Bd191a8f090219E6,trigger,-1000,,,1637.6,-1637600,-1,0
PERP,0xbbc1b0bd8ac16c6ebd3b043ce69ede02048e00a325c48b405f8a5c1049c54659,1780520551079,2026-06-03T21:02:31.079Z,order,,BTC,0xAB961d7C42BBcd454A54b342Bd191a8f090219E6,trigger,-200,,,58880,-11776000,-1,0
PERP,0x327d93b4e2df382833f7043ce69ca8020245009a7dd256fad6463f07a1d31212,1780520511922,2026-06-03T21:01:51.922Z,order,,ETH,0xAB961d7C42BBcd454A54b342Bd191a8f090219E6,trigger,-2000,,,1619.2,-3238400,-1,0
PERP,0xa207919a4d6cc6f7a381043ccf29d9021a21007fe86fe5c945d03ced0c60a0e2,1780414031458,2026-06-02T15:27:11.458Z,order,,BTC,0xAB961d7C42BBcd454A54b342Bd191a8f090219E6,limit,50,,,67438,3371900,-1,0
PERP,0xc7e9058a12183978c962043ccf28e0020e41006fad1b584a6bb1b0dcd11c1363,1780414013930,2026-06-02T15:26:53.930Z,order,,BTC,0xAB961d7C42BBcd454A54b342Bd191a8f090219E6,limit,50,,,67469,3373450,-1,0
PERP,0x2e1ed00f0ab028652f98043ccf24f102124600f4a5b34737d1e77b61c9b4024f,1780413943204,2026-06-02T15:25:43.204Z,order,,BTC,0xAB961d7C42BBcd454A54b342Bd191a8f090219E6,limit,20,,,67514,1350280,-1,0
PERP,0xb90c419e7706ca6dba85043ccf246602024a00841209e93f5cd4ecf1360aa458,1780413933408,2026-06-02T15:25:33.408Z,order,,ETH,0xAB961d7C42BBcd454A54b342Bd191a8f090219E6,limit,500,,,1917.3,958650,-1,0
PERP,0x82d6f9230d07cdfc8450043ccf201b0203610008a80aecce269fa475cc0ba7e7,1780413856004,2026-06-02T15:24:16.004Z,order,,ETH,0xAB961d7C42BBcd454A54b342Bd191a8f090219E6,limit,500,,,1922.6,961300,-1,0
PERP,0xe3a4f83c5a6693f4e51e043ccf1fc702054b0021f569b2c6876da38f196a6ddf,1780413850347,2026-06-02T15:24:10.347Z,order,,BTC,0xAB961d7C42BBcd454A54b342Bd191a8f090219E6,limit,40,,,67580,2703200,-1,0
PERP,0x2a9c89ee09144b9e2c16043ccf1f7302051200d3a4176a70ce653540c8182588,1780413844334,2026-06-02T15:24:04.334Z,order,,BTC,0xAB961d7C42BBcd454A54b342Bd191a8f090219E6,limit,40,,,67556,2702240,-1,0
PERP,0x609a6493b422c5796214043ccf18cd0209a900794f25e44b04630fe673269f64,1780413726086,2026-06-02T15:22:06.086Z,order,,ETH,0xAB961d7C42BBcd454A54b342Bd191a8f090219E6,limit,500,,,1921.9,960950,-1,0
PERP,0x1f276da66959d29d20a1043ccf1855020dcc008c045cf16fc2f018f9285dac87,1780413717739,2026-06-02T15:21:57.739Z,order,,ETH,0xAB961d7C42BBcd454A54b342Bd191a8f090219E6,limit,500,,,1922.8,961400,-1,0
PERP,0x803306bb86a064ab81ac043cce9a5802061a00a121a3837d23fbb20e45a43e96,1780411455640,2026-06-02T14:44:15.640Z,order,,ETH,0xAB961d7C42BBcd454A54b342Bd191a8f090219E6,limit,500,,,1934.8,967400,-1,0
PERP,0x03da314b95cc70a00553043cce982202036a003130cf8f72a7a2dc9e54c04a8a,1780411416048,2026-06-02T14:43:36.048Z,order,,ETH,0xAB961d7C42BBcd454A54b342Bd191a8f090219E6,limit,500,,,1932.7,966350,-1,0
PERP,0xffa6673c7b01ab7b0120043cce94030203b900221604ca4ea36f128f3a058566,1780411341690,2026-06-02T14:42:21.690Z,order,,ETH,0xAB961d7C42BBcd454A54b342Bd191a8f090219E6,limit,500,,,1932.1,966050,-1,0
PERP,0xc881f6ae8aad1f28c9fb043cce93a00203f2009425a03dfa6c4aa20149a0f913,1780411334537,2026-06-02T14:42:14.537Z,order,,ETH,0xAB961d7C42BBcd454A54b342Bd191a8f090219E6,limit,500,,,1932.3,966150,-1,0
PERP,0xa7cb16b9628b803aa944043cce92d20204a6009efd8e9f0c4b93c20c218f5a25,1780411319719,2026-06-02T14:41:59.719Z,order,,ETH,0xAB961d7C42BBcd454A54b342Bd191a8f090219E6,limit,500,,,1933.8,966900,-1,0
PERP,0x323757deca7a4a0f33b1043cce926a02048500c4657d68e1d6000331897e23f9,1780411312501,2026-06-02T14:41:52.501Z,order,,ETH,0xAB961d7C42BBcd454A54b342Bd191a8f090219E6,limit,500,,,1934.4,967200,-1,0
PERP,0xaa4a0d6979ffa7a4abc3043cce9158020717004f14f2c6764e12b8bc38f3818f,1780411293222,2026-06-02T14:41:33.222Z,order,,BTC,0xAB961d7C42BBcd454A54b342Bd191a8f090219E6,limit,40,,,67877,2715080,-1,0
PERP,0x3fd9691475b71f054153043cce8e7d0207ba00fa10ba3dd7e3a2146734baf8ef,1780411241872,2026-06-02T14:40:41.872Z,order,,BTC,0xAB961d7C42BBcd454A54b342Bd191a8f090219E6,limit,40,,,68035,2721400,-1,0
PERP,0x94b73a7d057fbf7d9630043cce8d920205ed0062a072de4f387fe5cfc4739968,1780411225393,2026-06-02T14:40:25.393Z,order,,BTC,0xAB961d7C42BBcd454A54b342Bd191a8f090219E6,limit,40,,,67962,2718480,-1,0
DEPOSIT,0x76d0a81d7993e9e5165d7ffb960cb172a83b9e9ce7f5318d370f3c28a3a9fa92,1779300515098,2026-05-20T18:08:35.098Z,Deposit,,USDC,Arbitrum,0xAB961d7C42BBcd454A54b342Bd191a8f090219E6,3999999.8,,,1,3999999.8,0,0
WITHDRAW,0x2a69f5db7a73f38f98e66027c164677234104b4cfdcc79c3e54724642241bbcc,1776781001871,2026-04-21T14:16:41.871Z,Withdraw,,USDC,0xAB961d7C42BBcd454A54b342Bd191a8f090219E6,Arbitrum,-5053294.547688,,,1,-5053294.547688,0,1
SEND,0x9ae630f1f1676d119c5f043795e7d002104e00d78c6a8be33eaedc44b06b46fc,1774249936055,2026-03-23T07:12:16.055Z,Transfer,,USDC,0x6b9e773128f453f5c2c60935ee2de2cbc5390a24,0xab961d7c42bbcd454a54b342bd191a8f090219e6,4999999.6,,,1,4999999.6,0,0
WITHDRAW,0xf6c98d9861db07e4eb4892d6eba404c4867376686596c95d06484ff138971c99,1773133463139,2026-03-10T09:04:23.139Z,Withdraw,,USDC,0xAB961d7C42BBcd454A54b342Bd191a8f090219E6,Arbitrum,-4549500.732917,,,1,-4549500.732917,0,1
SEND,0x87553157b74bbcc388ce0436b51e170202b9003d524edb952b1ddcaa764f96ae,1773025057024,2026-03-09T02:57:37.024Z,Transfer,,USDC,0x6b9e773128f453f5c2c60935ee2de2cbc5390a24,0xab961d7c42bbcd454a54b342bd191a8f090219e6,999399.8,,,1,999399.8,0,0
SEND,0xcd038c590fc28493ce7d0436b4226e02038e003eaac5a36570cc37abcec65e7e,1773019633033,2026-03-09T01:27:13.033Z,Transfer,,USDC,0x6b9e773128f453f5c2c60935ee2de2cbc5390a24,0xab961d7c42bbcd454a54b342bd191a8f090219e6,1505599.41,,,1,1505599.41,0,0
TRANSFER,0xe393c6702ee3f5d2ac290413aecd5e018b006c57df439c870586ef070d4b8a0e,1728309311287,2024-10-07T13:55:11.287Z,Transfer,,OMNIX,0x3109836d33dd4c7f9572d67d941d262956675d8c,0xab961d7c42bbcd454a54b342bd191a8f090219e6,2361,,,0.0001105,0.2608905,0,0
TRANSFER,0xcad9a179ba655c0f907a040e0c3198013100f2ba074440f50a8ec861a55cd850,1721846589864,2024-07-24T18:43:09.864Z,Transfer,,LADY,0x6f582a74e2710a27ce3e715628056e2a66062618,0xab961d7c42bbcd454a54b342bd191a8f090219e6,157,,,0.002006,0.314942,0,1